INSERT INTO `agent_task_steps` (`id`, `task_id`, `step_index`, `step_type`, `tool_name`, `input_json`, `output_json`, `status`, `error_message`, `created_at`, `updated_at`) VALUES
(1, 1, 1, 'tool_call', 'get_branch_menu', NULL, '{\"items\": [{\"id\": 1, \"name\": \"Espresso\", \"slug\": \"espresso\", \"price\": \"18000.00\", \"toppings\": [], \"variants\": [], \"is_active\": 1, \"created_at\": \"2026-05-14 18:02:00\", \"image_path\": null, \"sort_order\": 1, \"updated_at\": \"2026-05-14 18:02:00\", \"category_id\": 1, \"description\": \"Single shot espresso murni, bold & concentrated\", \"has_toppings\": false, \"has_variants\": false, \"is_available\": 1, \"max_toppings\": 0, \"min_toppings\": 0, \"category_name\": \"Kopi Panas\", \"category_slug\": \"kopi-panas\", \"effective_price\": \"1.50\", \"effective_available\": 1}, {\"id\": 2, \"name\": \"Americano\", \"slug\": \"americano\", \"price\": \"20000.00\", \"toppings\": [], \"variants\": [{\"id\": 64, \"slug\": \"small\", \"label\": \"Small\", \"price_delta\": 0, \"menu_item_id\": 2, \"effective_price\": 2}, {\"id\": 65, \"slug\": \"medium\", \"label\": \"Medium\", \"price_delta\": 0.5, \"menu_item_id\": 2, \"effective_price\": 2.5}, {\"id\": 66, \"slug\": \"large\", \"label\": \"Large\", \"price_delta\": 1, \"menu_item_id\": 2, \"effective_price\": 3}], \"is_active\": 1, \"created_at\": \"2026-05-14 18:02:00\", \"image_path\": null, \"sort_order\": 2, \"updated_at\": \"2026-05-14 18:02:00\", \"category_id\": 1, \"description\": \"Espresso dengan air panas, smooth & rich\", \"has_toppings\": false, \"has_variants\": true, \"is_available\": 1, \"max_toppings\": 0, \"min_toppings\": 0, \"category_name\": \"Kopi Panas\", \"category_slug\": \"kopi-panas\", \"effective_price\": \"2.00\", \"effective_available\": 1}, {\"id\": 3, \"name\": \"Cappuccino\", \"slug\": \"cappuccino\", \"price\": \"25000.00\", \"toppings\": [], \"variants\": [{\"id\": 67, \"slug\": \"small\", \"label\": \"Small\", \"price_delta\": 0, \"menu_item_id\": 3, \"effective_price\": 2.5}, {\"id\": 68, \"slug\": \"medium\", \"label\": \"Medium\", \"price_delta\": 0.5, \"menu_item_id\": 3, \"effective_price\": 3}, {\"id\": 69, \"slug\": \"large\", \"label\": \"Large\", \"price_delta\": 1, \"menu_item_id\": 3, \"effective_price\": 3.5}], \"is_active\": 1, \"created_at\": \"2026-05-14 18:02:00\", \"image_path\": null, \"sort_order\": 3, \"updated_at\": \"2026-05-14 18:02:00\", \"category_id\": 1, \"description\": \"Espresso, steamed milk & milk foam yang sempurna\", \"has_toppings\": false, \"has_variants\": true, \"is_available\": 1, \"max_toppings\": 0, \"min_toppings\": 0, \"category_name\": \"Kopi Panas\", \"category_slug\": \"kopi-panas\", \"effective_price\": \"2.50\", \"effective_available\": 1}, {\"id\": 4, \"name\": \"Latte\", \"slug\": \"latte\", \"price\": \"27000.00\", \"toppings\": [], \"variants\": [{\"id\": 70, \"slug\": \"small\", \"label\": \"Small\", \"price_delta\": 0, \"menu_item_id\": 4, \"effective_price\": 2.5}, {\"id\": 71, \"slug\": \"medium\", \"label\": \"Medium\", \"price_delta\": 0.5, \"menu_item_id\": 4, \"effective_price\": 3}, {\"id\": 72, \"slug\": \"large\", \"label\": \"Large\", \"price_delta\": 1, \"menu_item_id\": 4, \"effective_price\": 3.5}], \"is_active\": 1, \"created_at\": \"2026-05-14 18:02:00\", \"image_path\": null, \"sort_order\": 4, \"updated_at\": \"2026-05-14 18:02:00\", \"category_id\": 1, \"description\": \"Espresso dengan banyak steamed milk, creamy & mild\", \"has_toppings\": false, \"has_variants\": true, \"is_available\": 1, \"max_toppings\": 0, \"min_toppings\": 0, \"category_name\": \"Kopi Panas\", \"category_slug\": \"kopi-panas\", \"effective_price\": \"2.50\", \"effective_available\": 1}, {\"id\": 5, \"name\": \"Flat White\", \"slug\": \"flat-white\", \"price\": \"28000.00\", \"toppings\": [], \"variants\": [{\"id\": 73, \"slug\": \"small\", \"label\": \"Small\", \"price_delta\": 0, \"menu_item_id\": 5, \"effective_price\": 2.5}, {\"id\": 74, \"slug\": \"medium\", \"label\": \"Medium\", \"price_delta\": 0.5, \"menu_item_id\": 5, \"effective_price\": 3}, {\"id\": 75, \"slug\": \"large\", \"label\": \"Large\", \"price_delta\": 1, \"menu_item_id\": 5, \"effective_price\": 3.5}], \"is_active\": 1, \"created_at\": \"2026-05-14 18:02:00\", \"image_path\": null, \"sort_order\": 5, \"updated_at\": \"2026-05-14 18:02:00\", \"category_id\": 1, \"description\": \"Double ristretto dengan textured milk, smooth & strong\", \"has_toppings\": false, \"has_variants\": true, \"is_available\": 1, \"max_toppings\": 0, \"min_toppings\": 0, \"category_name\": \"Kopi Panas\", \"category_slug\": \"kopi-panas\", \"effective_price\": \"2.50\", \"effective_available\": 1}, {\"id\": 6, \"name\": \"Macchiato\", \"slug\": \"macchiato\", \"price\": \"22000.00\", \"toppings\": [], \"variants\": [{\"id\": 76, \"slug\": \"small\", \"label\": \"Small\", \"price_delta\": 0, \"menu_item_id\": 6, \"effective_price\": 2}, {\"id\": 77, \"slug\": \"medium\", \"label\": \"Medium\", \"price_delta\": 0.5, \"menu_item_id\": 6, \"effective_price\": 2.5}, {\"id\": 78, \"slug\": \"large\", \"label\": \"Large\", \"price_delta\": 0.5, \"menu_item_id\": 6, \"effective_price\": 2.5}], \"is_active\": 1, \"created_at\": \"2026-05-14 18:02:00\", \"image_path\": null, \"sort_order\": 6, \"updated_at\": \"2026-05-14 18:02:00\", \"category_id\": 1, \"description\": \"Espresso dengan sedikit milk foam di atasnya\", \"has_toppings\": false, \"has_variants\": true, \"is_available\": 1, \"max_toppings\": 0, \"min_toppings\": 0, \"category_name\": \"Kopi Panas\", \"category_slug\": \"kopi-panas\", \"effective_price\": \"2.00\", \"effective_available\": 1}, {\"id\": 7, \"name\": \"Kopi Tubruk\", \"slug\": \"kopi-tubruk\", \"price\": \"15000.00\", \"toppings\": [], \"variants\": [], \"is_active\": 1, \"created_at\": \"2026-05-14 18:02:00\", \"image_path\": null, \"sort_order\": 7, \"updated_at\": \"2026-05-14 18:02:00\", \"category_id\": 1, \"description\": \"Kopi tradisional Indonesia yang kental\", \"has_toppings\": false, \"has_variants\": false, \"is_available\": 1, \"max_toppings\": 0, \"min_toppings\": 0, \"category_name\": \"Kopi Panas\", \"category_slug\": \"kopi-panas\", \"effective_price\": \"1.50\", \"effective_available\": 1}, {\"id\": 8, \"name\": \"Kopi Susu Jahe\", \"slug\": \"kopi-susu-jahe\", \"price\": \"22000.00\", \"toppings\": [], \"variants\": [{\"id\": 79, \"slug\": \"small\", \"label\": \"Small\", \"price_delta\": 0, \"menu_item_id\": 8, \"effective_price\": 2}, {\"id\": 80, \"slug\": \"medium\", \"label\": \"Medium\", \"price_delta\": 0.5, \"menu_item_id\": 8, \"effective_price\": 2.5}, {\"id\": 81, \"slug\": \"large\", \"label\": \"Large\", \"price_delta\": 0.5, \"menu_item_id\": 8, \"effective_price\": 2.5}], \"is_active\": 1, \"created_at\": \"2026-05-14 18:02:00\", \"image_path\": null, \"sort_order\": 8, \"updated_at\": \"2026-05-14 18:02:00\", \"category_id\": 1, \"description\": \"Kopi susu dengan rempah jahe hangat\", \"has_toppings\": false, \"has_variants\": true, \"is_available\": 1, \"max_toppings\": 0, \"min_toppings\": 0, \"category_name\": \"Kopi Panas\", \"category_slug\": \"kopi-panas\", \"effective_price\": \"2.00\", \"effective_available\": 1}, {\"id\": 30, \"name\": \"Cortado\", \"slug\": \"cortado\", \"price\": \"23000.00\", \"toppings\": [], \"variants\": [], \"is_active\": 1, \"created_at\": \"2026-05-16 03:05:46\", \"image_path\": null, \"sort_order\": 10, \"updated_at\": \"2026-05-16 03:05:46\", \"category_id\": 1, \"description\": \"Espresso dengan equal parts steamed milk, balance sempurna antara kopi & susu\", \"has_toppings\": false, \"has_variants\": false, \"is_available\": 1, \"max_toppings\": 0, \"min_toppings\": 0, \"category_name\": \"Kopi Panas\", \"category_slug\": \"kopi-panas\", \"effective_price\": \"2.00\", \"effective_available\": 1}, {\"id\": 31, \"name\": \"Lungo\", \"slug\": \"lungo\", \"price\": \"21000.00\", \"toppings\": [], \"variants\": [], \"is_active\": 1, \"created_at\": \"2026-05-16 03:05:46\", \"image_path\": null, \"sort_order\": 11, \"updated_at\": \"2026-05-16 03:05:46\", \"category_id\": 1, \"description\": \"Espresso dengan volume air lebih banyak, milder & longer finish\", \"has_toppings\": false, \"has_variants\": false, \"is_available\": 1, \"max_toppings\": 0, \"min_toppings\": 0, \"category_name\": \"Kopi Panas\", \"category_slug\": \"kopi-panas\", \"effective_price\": \"2.00\", \"effective_available\": 1}, {\"id\": 32, \"name\": \"Ristretto\", \"slug\": \"ristretto\", \"price\": \"20000.00\", \"toppings\": [], \"variants\": [], \"is_active\": 1, \"created_at\": \"2026-05-16 03:05:46\", \"image_path\": null, \"sort_order\": 12, \"updated_at\": \"2026-05-16 03:05:46\", \"category_id\": 1, \"description\": \"Espresso shot pendek yang sangat pekat & concentrated, pure intensity\", \"has_toppings\": false, \"has_variants\": false, \"is_available\": 1, \"max_toppings\": 0, \"min_toppings\": 0, \"category_name\": \"Kopi Panas\", \"category_slug\": \"kopi-panas\", \"effective_price\": \"2.00\", \"effective_available\": 1}, {\"id\": 33, \"name\": \"Affogato\", \"slug\": \"affogato\", \"price\": \"32000.00\", \"toppings\": [], \"variants\": [], \"is_active\": 1, \"created_at\": \"2026-05-16 03:05:46\", \"image_path\": null, \"sort_order\": 13, \"updated_at\": \"2026-05-16 03:05:46\", \"category_id\": 1, \"description\": \"Espresso panas dituangkan langsung di atas satu scoop vanilla ice cream\", \"has_toppings\": false, \"has_variants\": false, \"is_available\": 1, \"max_toppings\": 0, \"min_toppings\": 0, \"category_name\": \"Kopi Panas\", \"category_slug\": \"kopi-panas\", \"effective_price\": \"3.00\", \"effective_available\": 1}, {\"id\": 34, \"name\": \"Irish Coffee\", \"slug\": \"irish-coffee\", \"price\": \"35000.00\", \"toppings\": [], \"variants\": [], \"is_active\": 1, \"created_at\": \"2026-05-16 03:05:46\", \"image_path\": null, \"sort_order\": 14, \"updated_at\": \"2026-05-16 03:05:46\", \"category_id\": 1, \"description\": \"Kopi panas dengan sirup karamel Irish & cream di atasnya, rich & warming\", \"has_toppings\": false, \"has_variants\": false, \"is_available\": 1, \"max_toppings\": 0, \"min_toppings\": 0, \"category_name\": \"Kopi Panas\", \"category_slug\": \"kopi-panas\", \"effective_price\": \"3.00\", \"effective_available\": 1}, {\"id\": 35, \"name\": \"Turkish Coffee\", \"slug\": \"turkish-coffee\", \"price\": \"22000.00\", \"toppings\": [], \"variants\": [], \"is_active\": 1, \"created_at\": \"2026-05-16 03:05:46\", \"image_path\": null, \"sort_order\": 15, \"updated_at\": \"2026-05-16 03:05:46\", \"category_id\": 1, \"description\": \"Kopi halus khas Turki diseduh dengan cezve, kental, aromatik & penuh karakter\", \"has_toppings\": false, \"has_variants\": false, \"is_available\": 1, \"max_toppings\": 0, \"min_toppings\": 0, \"category_name\": \"Kopi Panas\", \"category_slug\": \"kopi-panas\", \"effective_price\": \"2.00\", \"effective_available\": 1}, {\"id\": 36, \"name\": \"Kopi Gula Aren\", \"slug\": \"kopi-gula-aren\", \"price\": \"22000.00\", \"toppings\": [], \"variants\": [], \"is_active\": 1, \"created_at\": \"2026-05-16 03:05:46\", \"image_path\": null, \"sort_order\": 16, \"updated_at\": \"2026-05-16 03:05:46\", \"category_id\": 1, \"description\": \"Espresso dengan gula aren lokal asli, manis legit khas Nusantara\", \"has_toppings\": false, \"has_variants\": false, \"is_available\": 1, \"max_toppings\": 0, \"min_toppings\": 0, \"category_name\": \"Kopi Panas\", \"category_slug\": \"kopi-panas\", \"effective_price\": \"2.00\", \"effective_available\": 1}, {\"id\": 37, \"name\": \"Kopi Jahe Rempah\", \"slug\": \"kopi-jahe-rempah\", \"price\": \"20000.00\", \"toppings\": [], \"variants\": [], \"is_active\": 1, \"created_at\": \"2026-05-16 03:05:46\", \"image_path\": null, \"sort_order\": 17, \"updated_at\": \"2026-05-16 03:05:46\", \"category_id\": 1, \"description\": \"Espresso dengan jahe segar, kayu manis & cengkeh — hangat & menyehatkan\", \"has_toppings\": false, \"has_variants\": false, \"is_available\": 1, \"max_toppings\": 0, \"min_toppings\": 0, \"category_name\": \"Kopi Panas\", \"category_slug\": \"kopi-panas\", \"effective_price\": \"2.00\", \"effective_available\": 1}, {\"id\": 38, \"name\": \"Kopi Susu Aren\", \"slug\": \"kopi-susu-aren\", \"price\": \"25000.00\", \"toppings\": [], \"variants\": [], \"is_active\": 1, \"created_at\": \"2026-05-16 03:05:46\", \"image_path\": null, \"sort_order\": 18, \"updated_at\": \"2026-05-16 03:05:46\", \"category_id\": 1, \"description\": \"Espresso susu dengan gula aren pilihan, lebih autentik dari gula biasa\", \"has_toppings\": false, \"has_variants\": false, \"is_available\": 1, \"max_toppings\": 0, \"min_toppings\": 0, \"category_name\": \"Kopi Panas\", \"category_slug\": \"kopi-panas\", \"effective_price\": \"2.50\", \"effective_available\": 1}, {\"id\": 39, \"name\": \"Hazelnut Latte\", \"slug\": \"hazelnut-latte\", \"price\": \"30000.00\", \"toppings\": [], \"variants\": [], \"is_active\": 1, \"created_at\": \"2026-05-16 03:05:46\", \"image_path\": null, \"sort_order\": 19, \"updated_at\": \"2026-05-16 03:05:46\", \"category_id\": 1, \"description\": \"Latte creamy dengan sirup hazelnut premium, nutty & smooth\", \"has_toppings\": false, \"has_variants\": false, \"is_available\": 1, \"max_toppings\": 0, \"min_toppings\": 0, \"category_name\": \"Kopi Panas\", \"category_slug\": \"kopi-panas\", \"effective_price\": \"2.50\", \"effective_available\": 1}, {\"id\": 40, \"name\": \"Vanilla Latte\", \"slug\": \"vanilla-latte\", \"price\": \"28000.00\", \"toppings\": [], \"variants\": [], \"is_active\": 1, \"created_at\": \"2026-05-16 03:05:46\", \"image_path\": null, \"sort_order\": 20, \"updated_at\": \"2026-05-16 03:05:46\", \"category_id\": 1, \"description\": \"Latte dengan vanilla bean asli, smooth & fragrant setiap tegukan\", \"has_toppings\": false, \"has_variants\": false, \"is_available\": 1, \"max_toppings\": 0, \"min_toppings\": 0, \"category_name\": \"Kopi Panas\", \"category_slug\": \"kopi-panas\", \"effective_price\": \"2.50\", \"effective_available\": 1}, {\"id\": 41, \"name\": \"Caramel Latte\", \"slug\": \"caramel-latte\", \"price\": \"29000.00\", \"toppings\": [], \"variants\": [], \"is_active\": 1, \"created_at\": \"2026-05-16 03:05:46\", \"image_path\": null, \"sort_order\": 21, \"updated_at\": \"2026-05-16 03:05:46\", \"category_id\": 1, \"description\": \"Latte dengan drizzle karamel premium di atas foam susu, manis & creamy\", \"has_toppings\": false, \"has_variants\": false, \"is_available\": 1, \"max_toppings\": 0, \"min_toppings\": 0, \"category_name\": \"Kopi Panas\", \"category_slug\": \"kopi-panas\", \"effective_price\": \"2.50\", \"effective_available\": 1}, {\"id\": 42, \"name\": \"Lavender Latte\", \"slug\": \"lavender-latte\", \"price\": \"30000.00\", \"toppings\": [], \"variants\": [], \"is_active\": 1, \"created_at\": \"2026-05-16 03:05:46\", \"image_path\": null, \"sort_order\": 22, \"updated_at\": \"2026-05-16 03:05:46\", \"category_id\": 1, \"description\": \"Latte dengan sirup lavender, aroma floral yang calming & unik\", \"has_toppings\": false, \"has_variants\": false, \"is_available\": 1, \"max_toppings\": 0, \"min_toppings\": 0, \"category_name\": \"Kopi Panas\", \"category_slug\": \"kopi-panas\", \"effective_price\": \"2.50\", \"effective_available\": 1}, {\"id\": 43, \"name\": \"Ube Latte\", \"slug\": \"ube-latte\", \"price\": \"32000.00\", \"toppings\": [], \"variants\": [], \"is_active\": 1, \"created_at\": \"2026-05-16 03:05:46\", \"image_path\": null, \"sort_order\": 23, \"updated_at\": \"2026-05-16 03:05:46\", \"category_id\": 1, \"description\": \"Latte dengan ube (keladi ungu) Filipina, creamy, manis & berwarna cantik\", \"has_toppings\": false, \"has_variants\": false, \"is_available\": 1, \"max_toppings\": 0, \"min_toppings\": 0, \"category_name\": \"Kopi Panas\", \"category_slug\": \"kopi-panas\", \"effective_price\": \"3.00\", \"effective_available\": 1}, {\"id\": 44, \"name\": \"Pandan Latte\", \"slug\": \"pandan-latte\", \"price\": \"27000.00\", \"toppings\": [], \"variants\": [], \"is_active\": 1, \"created_at\": \"2026-05-16 03:05:46\", \"image_path\": null, \"sort_order\": 24, \"updated_at\": \"2026-05-16 03:05:46\", \"category_id\": 1, \"description\": \"Latte dengan pandan lokal, aroma wangi khas Indonesia yang otentik\", \"has_toppings\": false, \"has_variants\": false, \"is_available\": 1, \"max_toppings\": 0, \"min_toppings\": 0, \"category_name\": \"Kopi Panas\", \"category_slug\": \"kopi-panas\", \"effective_price\": \"2.50\", \"effective_available\": 1}, {\"id\": 45, \"name\": \"Brown Sugar Latte\", \"slug\": \"brown-sugar-latte\", \"price\": \"28000.00\", \"toppings\": [], \"variants\": [], \"is_active\": 1, \"created_at\": \"2026-05-16 03:05:46\", \"image_path\": null, \"sort_order\": 25, \"updated_at\": \"2026-05-16 03:05:46\", \"category_id\": 1, \"description\": \"Latte dengan brown sugar syrup & kayu manis, manis alami nan elegan\", \"has_toppings\": false, \"has_variants\": false, \"is_available\": 1, \"max_toppings\": 0, \"min_toppings\": 0, \"category_name\": \"Kopi Panas\", \"category_slug\": \"kopi-panas\", \"effective_price\": \"2.50\", \"effective_available\": 1}, {\"id\": 46, \"name\": \"Bulletproof Coffee\", \"slug\": \"bulletproof-coffee\", \"price\": \"35000.00\", \"toppings\": [], \"variants\": [], \"is_active\": 1, \"created_at\": \"2026-05-16 03:05:46\", \"image_path\": null, \"sort_order\": 26, \"updated_at\": \"2026-05-16 03:05:46\", \"category_id\": 1, \"description\": \"Kopi blended dengan butter grass-fed & MCT oil, energi tahan lama keto-friendly\", \"has_toppings\": false, \"has_variants\": false, \"is_available\": 1, \"max_toppings\": 0, \"min_toppings\": 0, \"category_name\": \"Kopi Panas\", \"category_slug\": \"kopi-panas\", \"effective_price\": \"3.00\", \"effective_available\": 1}, {\"id\": 47, \"name\": \"Piccolo Latte\", \"slug\": \"piccolo-latte\", \"price\": \"24000.00\", \"toppings\": [], \"variants\": [], \"is_active\": 1, \"created_at\": \"2026-05-16 03:05:46\", \"image_path\": null, \"sort_order\": 27, \"updated_at\": \"2026-05-16 03:05:46\", \"category_id\": 1, \"description\": \"Mini latte 90ml — double ristretto dengan sedikit textured milk, bold & strong\", \"has_toppings\": false, \"has_variants\": false, \"is_available\": 1, \"max_toppings\": 0, \"min_toppings\": 0, \"category_name\": \"Kopi Panas\", \"category_slug\": \"kopi-panas\", \"effective_price\": \"2.00\", \"effective_available\": 1}, {\"id\": 48, \"name\": \"Kopi Mentega Madu\", \"slug\": \"kopi-mentega-madu\", \"price\": \"28000.00\", \"toppings\": [], \"variants\": [], \"is_active\": 1, \"created_at\": \"2026-05-16 03:05:46\", \"image_path\": null, \"sort_order\": 28, \"updated_at\": \"2026-05-16 03:05:46\", \"category_id\": 1, \"description\": \"Kopi dengan butter lokal & madu hutan, creamy & naturally sweet\", \"has_toppings\": false, \"has_variants\": false, \"is_available\": 1, \"max_toppings\": 0, \"min_toppings\": 0, \"category_name\": \"Kopi Panas\", \"category_slug\": \"kopi-panas\", \"effective_price\": \"2.50\", \"effective_available\": 1}, {\"id\": 49, \"name\": \"Gibraltar\", \"slug\": \"gibraltar\", \"price\": \"25000.00\", \"toppings\": [], \"variants\": [], \"is_active\": 1, \"created_at\": \"2026-05-16 03:05:46\", \"image_path\": null, \"sort_order\": 29, \"updated_at\": \"2026-05-16 03:05:46\", \"category_id\": 1, \"description\": \"Double ristretto dengan steamed whole milk dalam gelas kecil 4oz, intense & creamy\", \"has_toppings\": false, \"has_variants\": false, \"is_available\": 1, \"max_toppings\": 0, \"min_toppings\": 0, \"category_name\": \"Kopi Panas\", \"category_slug\": \"kopi-panas\", \"effective_price\": \"2.50\", \"effective_available\": 1}, {\"id\": 9, \"name\": \"Iced Americano\", \"slug\": \"iced-americano\", \"price\": \"22000.00\", \"toppings\": [], \"variants\": [{\"id\": 82, \"slug\": \"small\", \"label\": \"Small\", \"price_delta\": 0, \"menu_item_id\": 9, \"effective_price\": 2}, {\"id\": 83, \"slug\": \"medium\", \"label\": \"Medium\", \"price_delta\": 0.5, \"menu_item_id\": 9, \"effective_price\": 2.5}, {\"id\": 84, \"slug\": \"large\", \"label\": \"Large\", \"price_delta\": 0.5, \"menu_item_id\": 9, \"effective_price\": 2.5}], \"is_active\": 1, \"created_at\": \"2026-05-14 18:02:00\", \"image_path\": null, \"sort_order\": 1, \"updated_at\": \"2026-05-14 18:02:00\", \"category_id\": 2, \"description\": \"Americano segar di atas es batu\", \"has_toppings\": false, \"has_variants\": true, \"is_available\": 1, \"max_toppings\": 0, \"min_toppings\": 0, \"category_name\": \"Kopi Dingin\", \"category_slug\": \"kopi-dingin\", \"effective_price\": \"2.00\", \"effective_available\": 1}, {\"id\": 10, \"name\": \"Iced Latte\", \"slug\": \"iced-latte\", \"price\": \"29000.00\", \"toppings\": [], \"variants\": [{\"id\": 85, \"slug\": \"small\", \"label\": \"Small\", \"price_delta\": 0, \"menu_item_id\": 10, \"effective_price\": 2.5}, {\"id\": 86, \"slug\": \"medium\", \"label\": \"Medium\", \"price_delta\": 0.5, \"menu_item_id\": 10, \"effective_price\": 3}, {\"id\": 87, \"slug\": \"large\", \"label\": \"Large\", \"price_delta\": 1, \"menu_item_id\": 10, \"effective_price\": 3.5}], \"is_active\": 1, \"created_at\": \"2026-05-14 18:02:00\", \"image_path\": null, \"sort_order\": 2, \"updated_at\": \"2026-05-14 18:02:00\", \"category_id\": 2, \"description\": \"Latte creamy yang menyegarkan dengan es\", \"has_toppings\": false, \"has_variants\": true, \"is_available\": 1, \"max_toppings\": 0, \"min_toppings\": 0, \"category_name\": \"Kopi Dingin\", \"category_slug\": \"kopi-dingin\", \"effective_price\": \"2.50\", \"effective_available\": 1}, {\"id\": 11, \"name\": \"Cold Brew\", \"slug\": \"cold-brew\", \"price\": \"32000.00\", \"toppings\": [], \"variants\": [{\"id\": 88, \"slug\": \"small\", \"label\": \"Small\", \"price_delta\": 0, \"menu_item_id\": 11, \"effective_price\": 3}, {\"id\": 89, \"slug\": \"medium\", \"label\": \"Medium\", \"price_delta\": 0.5, \"menu_item_id\": 11, \"effective_price\": 3.5}, {\"id\": 90, \"slug\": \"large\", \"label\": \"Large\", \"price_delta\": 1, \"menu_item_id\": 11, \"effective_price\": 4}], \"is_active\": 1, \"created_at\": \"2026-05-14 18:02:00\", \"image_path\": null, \"sort_order\": 3, \"updated_at\": \"2026-05-14 18:02:00\", \"category_id\": 2, \"description\": \"Kopi diseduh dingin 12 jam, smooth & less bitter\", \"has_toppings\": false, \"has_variants\": true, \"is_available\": 1, \"max_toppings\": 0, \"min_toppings\": 0, \"category_name\": \"Kopi Dingin\", \"category_slug\": \"kopi-dingin\", \"effective_price\": \"3.00\", \"effective_available\": 1}, {\"id\": 12, \"name\": \"Es Kopi Susu\", \"slug\": \"es-kopi-susu\", \"price\": \"25000.00\", \"toppings\": [], \"variants\": [{\"id\": 91, \"slug\": \"small\", \"label\": \"Small\", \"price_delta\": 0, \"menu_item_id\": 12, \"effective_price\": 2.5}, {\"id\": 92, \"slug\": \"medium\", \"label\": \"Medium\", \"price_delta\": 0.5, \"menu_item_id\": 12, \"effective_price\": 3}, {\"id\": 93, \"slug\": \"large\", \"label\": \"Large\", \"price_delta\": 0.5, \"menu_item_id\": 12, \"effective_price\": 3}], \"is_active\": 1, \"created_at\": \"2026-05-14 18:02:00\", \"image_path\": null, \"sort_order\": 4, \"updated_at\": \"2026-05-14 18:02:00\", \"category_id\": 2, \"description\": \"Kopi susu khas Indonesia yang viral\", \"has_toppings\": false, \"has_variants\": true, \"is_available\": 1, \"max_toppings\": 0, \"min_toppings\": 0, \"category_name\": \"Kopi Dingin\", \"category_slug\": \"kopi-dingin\", \"effective_price\": \"2.50\", \"effective_available\": 1}, {\"id\": 13, \"name\": \"Vietnamese Coffee\", \"slug\": \"vietnamese-coffee\", \"price\": \"27000.00\", \"toppings\": [], \"variants\": [{\"id\": 94, \"slug\": \"small\", \"label\": \"Small\", \"price_delta\": 0, \"menu_item_id\": 13, \"effective_price\": 2.5}, {\"id\": 95, \"slug\": \"medium\", \"label\": \"Medium\", \"price_delta\": 0.5, \"menu_item_id\": 13, \"effective_price\": 3}, {\"id\": 96, \"slug\": \"large\", \"label\": \"Large\", \"price_delta\": 0.5, \"menu_item_id\": 13, \"effective_price\": 3}], \"is_active\": 1, \"created_at\": \"2026-05-14 18:02:00\", \"image_path\": null, \"sort_order\": 5, \"updated_at\": \"2026-05-14 18:02:00\", \"category_id\": 2, \"description\": \"Kopi kental dengan susu kental manis\", \"has_toppings\": false, \"has_variants\": true, \"is_available\": 1, \"max_toppings\": 0, \"min_toppings\": 0, \"category_name\": \"Kopi Dingin\", \"category_slug\": \"kopi-dingin\", \"effective_price\": \"2.50\", \"effective_available\": 1}, {\"id\": 14, \"name\": \"Caramel Frappé\", \"slug\": \"caramel-frappe\", \"price\": \"33000.00\", \"toppings\": [], \"variants\": [{\"id\": 112, \"slug\": \"regular\", \"label\": \"Regular\", \"price_delta\": 0, \"menu_item_id\": 14, \"effective_price\": 3}, {\"id\": 113, \"slug\": \"large\", \"label\": \"Large\", \"price_delta\": 0.5, \"menu_item_id\": 14, \"effective_price\": 3.5}], \"is_active\": 1, \"created_at\": \"2026-05-14 18:02:00\", \"image_path\": null, \"sort_order\": 6, \"updated_at\": \"2026-05-14 18:02:00\", \"category_id\": 2, \"description\": \"Blended coffee dengan karamel, creamy & manis\", \"has_toppings\": false, \"has_variants\": true, \"is_available\": 1, \"max_toppings\": 0, \"min_toppings\": 0, \"category_name\": \"Kopi Dingin\", \"category_slug\": \"kopi-dingin\", \"effective_price\": \"3.00\", \"effective_available\": 1}, {\"id\": 15, \"name\": \"Mocha Frappe\", \"slug\": \"mocha-frappe\", \"price\": \"33000.00\", \"toppings\": [], \"variants\": [{\"id\": 114, \"slug\": \"regular\", \"label\": \"Regular\", \"price_delta\": 0, \"menu_item_id\": 15, \"effective_price\": 3}, {\"id\": 115, \"slug\": \"large\", \"label\": \"Large\", \"price_delta\": 0.5, \"menu_item_id\": 15, \"effective_price\": 3.5}], \"is_active\": 1, \"created_at\": \"2026-05-14 18:02:00\", \"image_path\": null, \"sort_order\": 7, \"updated_at\": \"2026-05-14 18:02:00\", \"category_id\": 2, \"description\": \"Blended coffee dengan cokelat dan whipped cream\", \"has_toppings\": false, \"has_variants\": true, \"is_available\": 1, \"max_toppings\": 0, \"min_toppings\": 0, \"category_name\": \"Kopi Dingin\", \"category_slug\": \"kopi-dingin\", \"effective_price\": \"3.00\", \"effective_available\": 1}, {\"id\": 50, \"name\": \"Iced Cappuccino\", \"slug\": \"iced-cappuccino\", \"price\": \"27000.00\", \"toppings\": [], \"variants\": [], \"is_active\": 1, \"created_at\": \"2026-05-16 03:05:46\", \"image_path\": null, \"sort_order\": 8, \"updated_at\": \"2026-05-16 03:05:46\", \"category_id\": 2, \"description\": \"Cappuccino segar disajikan dingin dengan es batu yang berlimpah\", \"has_toppings\": false, \"has_variants\": false, \"is_available\": 1, \"max_toppings\": 0, \"min_toppings\": 0, \"category_name\": \"Kopi Dingin\", \"category_slug\": \"kopi-dingin\", \"effective_price\": \"2.50\", \"effective_available\": 1}, {\"id\": 51, \"name\": \"Iced Flat White\", \"slug\": \"iced-flat-white\", \"price\": \"30000.00\", \"toppings\": [], \"variants\": [], \"is_active\": 1, \"created_at\": \"2026-05-16 03:05:46\", \"image_path\": null, \"sort_order\": 9, \"updated_at\": \"2026-05-16 03:05:46\", \"category_id\": 2, \"description\": \"Flat white double shot dengan susu full cream dingin & es batu\", \"has_toppings\": false, \"has_variants\": false, \"is_available\": 1, \"max_toppings\": 0, \"min_toppings\": 0, \"category_name\": \"Kopi Dingin\", \"category_slug\": \"kopi-dingin\", \"effective_price\": \"2.50\", \"effective_available\": 1}, {\"id\": 52, \"name\": \"Iced Macchiato\", \"slug\": \"iced-macchiato\", \"price\": \"25000.00\", \"toppings\": [], \"variants\": [], \"is_active\": 1, \"created_at\": \"2026-05-16 03:05:46\", \"image_path\": null, \"sort_order\": 10, \"updated_at\": \"2026-05-16 03:05:46\", \"category_id\": 2, \"description\": \"Macchiato es berlapis, susu di bawah lalu espresso perlahan di atasnya\", \"has_toppings\": false, \"has_variants\": false, \"is_available\": 1, \"max_toppings\": 0, \"min_toppings\": 0, \"category_name\": \"Kopi Dingin\", \"category_slug\": \"kopi-dingin\", \"effective_price\": \"2.50\", \"effective_available\": 1}, {\"id\": 53, \"name\": \"Nitro Cold Brew\", \"slug\": \"nitro-cold-brew\", \"price\": \"38000.00\", \"toppings\": [], \"variants\": [], \"is_active\": 1, \"created_at\": \"2026-05-16 03:05:46\", \"image_path\": null, \"sort_order\": 11, \"updated_at\": \"2026-05-16 03:05:46\", \"category_id\": 2, \"description\": \"Cold brew dengan nitrogen — tekstur creamy tanpa susu, extremely smooth\", \"has_toppings\": false, \"has_variants\": false, \"is_available\": 1, \"max_toppings\": 0, \"min_toppings\": 0, \"category_name\": \"Kopi Dingin\", \"category_slug\": \"kopi-dingin\", \"effective_price\": \"3.50\", \"effective_available\": 1}, {\"id\": 54, \"name\": \"Cold Brew Tonic\", \"slug\": \"cold-brew-tonic\", \"price\": \"35000.00\", \"toppings\": [], \"variants\": [], \"is_active\": 1, \"created_at\": \"2026-05-16 03:05:46\", \"image_path\": null, \"sort_order\": 12, \"updated_at\": \"2026-05-16 03:05:46\", \"category_id\": 2, \"description\": \"Cold brew dicampur tonic water berbuih, segar dengan citrus notes\", \"has_toppings\": false, \"has_variants\": false, \"is_available\": 1, \"max_toppings\": 0, \"min_toppings\": 0, \"category_name\": \"Kopi Dingin\", \"category_slug\": \"kopi-dingin\", \"effective_price\": \"3.00\", \"effective_available\": 1}, {\"id\": 55, \"name\": \"Iced Hazelnut Latte\", \"slug\": \"iced-hazelnut-latte\", \"price\": \"32000.00\", \"toppings\": [], \"variants\": [], \"is_active\": 1, \"created_at\": \"2026-05-16 03:05:46\", \"image_path\": null, \"sort_order\": 13, \"updated_at\": \"2026-05-16 03:05:46\", \"category_id\": 2, \"description\": \"Latte hazelnut dingin, nutty & manis, sempurna untuk hari panas\", \"has_toppings\": false, \"has_variants\": false, \"is_available\": 1, \"max_toppings\": 0, \"min_toppings\": 0, \"category_name\": \"Kopi Dingin\", \"category_slug\": \"kopi-dingin\", \"effective_price\": \"3.00\", \"effective_available\": 1}, {\"id\": 56, \"name\": \"Iced Vanilla Latte\", \"slug\": \"iced-vanilla-latte\", \"price\": \"30000.00\", \"toppings\": [], \"variants\": [], \"is_active\": 1, \"created_at\": \"2026-05-16 03:05:46\", \"image_path\": null, \"sort_order\": 14, \"updated_at\": \"2026-05-16 03:05:46\", \"category_id\": 2, \"description\": \"Latte vanilla segar dengan es, fragrant & smooth di setiap tegukan\", \"has_toppings\": false, \"has_variants\": false, \"is_available\": 1, \"max_toppings\": 0, \"min_toppings\": 0, \"category_name\": \"Kopi Dingin\", \"category_slug\": \"kopi-dingin\", \"effective_price\": \"2.50\", \"effective_available\": 1}, {\"id\": 57, \"name\": \"Iced Caramel Latte\", \"slug\": \"iced-caramel-latte\", \"price\": \"31000.00\", \"toppings\": [], \"variants\": [], \"is_active\": 1, \"created_at\": \"2026-05-16 03:05:46\", \"image_path\": null, \"sort_order\": 15, \"updated_at\": \"2026-05-16 03:05:46\", \"category_id\": 2, \"description\": \"Latte karamel dingin dengan drizzle karamel di atas, manis & indulgent\", \"has_toppings\": false, \"has_variants\": false, \"is_available\": 1, \"max_toppings\": 0, \"min_toppings\": 0, \"category_name\": \"Kopi Dingin\", \"category_slug\": \"kopi-dingin\", \"effective_price\": \"3.00\", \"effective_available\": 1}, {\"id\": 58, \"name\": \"Iced Brown Sugar Latte\", \"slug\": \"iced-brown-sugar-latte\", \"price\": \"30000.00\", \"toppings\": [], \"variants\": [], \"is_active\": 1, \"created_at\": \"2026-05-16 03:05:46\", \"image_path\": null, \"sort_order\": 16, \"updated_at\": \"2026-05-16 03:05:46\", \"category_id\": 2, \"description\": \"Brown sugar latte dingin dengan cinnamon stick, manis alami & syrupy\", \"has_toppings\": false, \"has_variants\": false, \"is_available\": 1, \"max_toppings\": 0, \"min_toppings\": 0, \"category_name\": \"Kopi Dingin\", \"category_slug\": \"kopi-dingin\", \"effective_price\": \"2.50\", \"effective_available\": 1}, {\"id\": 59, \"name\": \"Iced Pandan Latte\", \"slug\": \"iced-pandan-latte\", \"price\": \"29000.00\", \"toppings\": [], \"variants\": [], \"is_active\": 1, \"created_at\": \"2026-05-16 03:05:46\", \"image_path\": null, \"sort_order\": 17, \"updated_at\": \"2026-05-16 03:05:46\", \"category_id\": 2, \"description\": \"Latte pandan segar, wangi khas & menyegarkan, green & tropical\", \"has_toppings\": false, \"has_variants\": false, \"is_available\": 1, \"max_toppings\": 0, \"min_toppings\": 0, \"category_name\": \"Kopi Dingin\", \"category_slug\": \"kopi-dingin\", \"effective_price\": \"2.50\", \"effective_available\": 1}, {\"id\": 60, \"name\": \"Iced Ube Latte\", \"slug\": \"iced-ube-latte\", \"price\": \"34000.00\", \"toppings\": [], \"variants\": [], \"is_active\": 1, \"created_at\": \"2026-05-16 03:05:46\", \"image_path\": null, \"sort_order\": 18, \"updated_at\": \"2026-05-16 03:05:46\", \"category_id\": 2, \"description\": \"Ube latte ungu cantik disajikan dengan es, creamy & Instagrammable\", \"has_toppings\": false, \"has_variants\": false, \"is_available\": 1, \"max_toppings\": 0, \"min_toppings\": 0, \"category_name\": \"Kopi Dingin\", \"category_slug\": \"kopi-dingin\", \"effective_price\": \"3.00\", \"effective_available\": 1}, {\"id\": 61, \"name\": \"Iced Lavender Latte\", \"slug\": \"iced-lavender-latte\", \"price\": \"32000.00\", \"toppings\": [], \"variants\": [], \"is_active\": 1, \"created_at\": \"2026-05-16 03:05:46\", \"image_path\": null, \"sort_order\": 19, \"updated_at\": \"2026-05-16 03:05:46\", \"category_id\": 2, \"description\": \"Lavender latte floral yang menyegarkan, perfect summer drink\", \"has_toppings\": false, \"has_variants\": false, \"is_available\": 1, \"max_toppings\": 0, \"min_toppings\": 0, \"category_name\": \"Kopi Dingin\", \"category_slug\": \"kopi-dingin\", \"effective_price\": \"3.00\", \"effective_available\": 1}, {\"id\": 62, \"name\": \"Es Kopi Gula Aren\", \"slug\": \"es-kopi-gula-aren\", \"price\": \"27000.00\", \"toppings\": [], \"variants\": [], \"is_active\": 1, \"created_at\": \"2026-05-16 03:05:46\", \"image_path\": null, \"sort_order\": 20, \"updated_at\": \"2026-05-16 03:05:46\", \"category_id\": 2, \"description\": \"Kopi gula aren asli disajikan dingin, manis legit khas Nusantara\", \"has_toppings\": false, \"has_variants\": false, \"is_available\": 1, \"max_toppings\": 0, \"min_toppings\": 0, \"category_name\": \"Kopi Dingin\", \"category_slug\": \"kopi-dingin\", \"effective_price\": \"2.50\", \"effective_available\": 1}, {\"id\": 63, \"name\": \"Iced Cortado\", \"slug\": \"iced-cortado\", \"price\": \"25000.00\", \"toppings\": [], \"variants\": [], \"is_active\": 1, \"created_at\": \"2026-05-16 03:05:46\", \"image_path\": null, \"sort_order\": 21, \"updated_at\": \"2026-05-16 03:05:46\", \"category_id\": 2, \"description\": \"Cortado segar dengan es batu, balance antara espresso & susu\", \"has_toppings\": false, \"has_variants\": false, \"is_available\": 1, \"max_toppings\": 0, \"min_toppings\": 0, \"category_name\": \"Kopi Dingin\", \"category_slug\": \"kopi-dingin\", \"effective_price\": \"2.50\", \"effective_available\": 1}, {\"id\": 64, \"name\": \"Coffee Tonic\", \"slug\": \"coffee-tonic\", \"price\": \"33000.00\", \"toppings\": [], \"variants\": [], \"is_active\": 1, \"created_at\": \"2026-05-16 03:05:46\", \"image_path\": null, \"sort_order\": 22, \"updated_at\": \"2026-05-16 03:05:46\", \"category_id\": 2, \"description\": \"Espresso & tonic water berbuih — kombinasi tak terduga yang addictive\", \"has_toppings\": false, \"has_variants\": false, \"is_available\": 1, \"max_toppings\": 0, \"min_toppings\": 0, \"category_name\": \"Kopi Dingin\", \"category_slug\": \"kopi-dingin\", \"effective_price\": \"3.00\", \"effective_available\": 1}, {\"id\": 65, \"name\": \"Iced Dirty Matcha\", \"slug\": \"iced-dirty-matcha\", \"price\": \"35000.00\", \"toppings\": [], \"variants\": [], \"is_active\": 1, \"created_at\": \"2026-05-16 03:05:46\", \"image_path\": null, \"sort_order\": 23, \"updated_at\": \"2026-05-16 03:05:46\", \"category_id\": 2, \"description\": \"Matcha latte dengan espresso shot di atasnya, double kick caffeine\", \"has_toppings\": false, \"has_variants\": false, \"is_available\": 1, \"max_toppings\": 0, \"min_toppings\": 0, \"category_name\": \"Kopi Dingin\", \"category_slug\": \"kopi-dingin\", \"effective_price\": \"3.00\", \"effective_available\": 1}, {\"id\": 66, \"name\": \"Dalgona Coffee\", \"slug\": \"dalgona-coffee\", \"price\": \"30000.00\", \"toppings\": [], \"variants\": [], \"is_active\": 1, \"created_at\": \"2026-05-16 03:05:46\", \"image_path\": null, \"sort_order\": 24, \"updated_at\": \"2026-05-16 03:05:46\", \"category_id\": 2, \"description\": \"Whipped coffee Korean style yang fluffy di atas susu dingin\", \"has_toppings\": false, \"has_variants\": false, \"is_available\": 1, \"max_toppings\": 0, \"min_toppings\": 0, \"category_name\": \"Kopi Dingin\", \"category_slug\": \"kopi-dingin\", \"effective_price\": \"2.50\", \"effective_available\": 1}, {\"id\": 67, \"name\": \"Iced Spanish Latte\", \"slug\": \"iced-spanish-latte\", \"price\": \"31000.00\", \"toppings\": [], \"variants\": [], \"is_active\": 1, \"created_at\": \"2026-05-16 03:05:46\", \"image_path\": null, \"sort_order\": 25, \"updated_at\": \"2026-05-16 03:05:46\", \"category_id\": 2, \"description\": \"Espresso dengan susu kental manis & susu segar, manis & very creamy\", \"has_toppings\": false, \"has_variants\": false, \"is_available\": 1, \"max_toppings\": 0, \"min_toppings\": 0, \"category_name\": \"Kopi Dingin\", \"category_slug\": \"kopi-dingin\", \"effective_price\": \"3.00\", \"effective_available\": 1}, {\"id\": 68, \"name\": \"Iced Coconut Latte\", \"slug\": \"iced-coconut-latte\", \"price\": \"32000.00\", \"toppings\": [], \"variants\": [], \"is_active\": 1, \"created_at\": \"2026-05-16 03:05:46\", \"image_path\": null, \"sort_order\": 26, \"updated_at\": \"2026-05-16 03:05:46\", \"category_id\": 2, \"description\": \"Latte dengan coconut milk, tropical, dairy-free & naturally sweet\", \"has_toppings\": false, \"has_variants\": false, \"is_available\": 1, \"max_toppings\": 0, \"min_toppings\": 0, \"category_name\": \"Kopi Dingin\", \"category_slug\": \"kopi-dingin\", \"effective_price\": \"3.00\", \"effective_available\": 1}, {\"id\": 69, \"name\": \"Es Kopi Susu Aren\", \"slug\": \"es-kopi-susu-aren\", \"price\": \"28000.00\", \"toppings\": [], \"variants\": [], \"is_active\": 1, \"created_at\": \"2026-05-16 03:05:46\", \"image_path\": null, \"sort_order\": 27, \"updated_at\": \"2026-05-16 03:05:46\", \"category_id\": 2, \"description\": \"Es kopi susu dengan gula aren murni — upgrade dari versi gula biasa\", \"has_toppings\": false, \"has_variants\": false, \"is_available\": 1, \"max_toppings\": 0, \"min_toppings\": 0, \"category_name\": \"Kopi Dingin\", \"category_slug\": \"kopi-dingin\", \"effective_price\": \"2.50\", \"effective_available\": 1}, {\"id\": 16, \"name\": \"Matcha Latte\", \"slug\": \"matcha-latte\", \"price\": \"28000.00\", \"toppings\": [], \"variants\": [{\"id\": 97, \"slug\": \"small\", \"label\": \"Small\", \"price_delta\": 0, \"menu_item_id\": 16, \"effective_price\": 2.5}, {\"id\": 98, \"slug\": \"medium\", \"label\": \"Medium\", \"price_delta\": 0.5, \"menu_item_id\": 16, \"effective_price\": 3}, {\"id\": 99, \"slug\": \"large\", \"label\": \"Large\", \"price_delta\": 1, \"menu_item_id\": 16, \"effective_price\": 3.5}], \"is_active\": 1, \"created_at\": \"2026-05-14 18:02:00\", \"image_path\": null, \"sort_order\": 1, \"updated_at\": \"2026-05-14 18:02:00\", \"category_id\": 3, \"description\": \"Green tea Jepang dengan steamed milk, creamy & earthy\", \"has_toppings\": false, \"has_variants\": true, \"is_available\": 1, \"max_toppings\": 0, \"min_toppings\": 0, \"category_name\": \"Non Kopi\", \"category_slug\": \"non-kopi\", \"effective_price\": \"2.50\", \"effective_available\": 1}, {\"id\": 17, \"name\": \"Chocolate\", \"slug\": \"chocolate\", \"price\": \"25000.00\", \"toppings\": [], \"variants\": [{\"id\": 100, \"slug\": \"small\", \"label\": \"Small\", \"price_delta\": 0, \"menu_item_id\": 17, \"effective_price\": 2.5}, {\"id\": 101, \"slug\": \"medium\", \"label\": \"Medium\", \"price_delta\": 0.5, \"menu_item_id\": 17, \"effective_price\": 3}, {\"id\": 102, \"slug\": \"large\", \"label\": \"Large\", \"price_delta\": 1, \"menu_item_id\": 17, \"effective_price\": 3.5}], \"is_active\": 1, \"created_at\": \"2026-05-14 18:02:00\", \"image_path\": null, \"sort_order\": 2, \"updated_at\": \"2026-05-14 18:02:00\", \"category_id\": 3, \"description\": \"Rich hot chocolate yang mewah\", \"has_toppings\": false, \"has_variants\": true, \"is_available\": 1, \"max_toppings\": 0, \"min_toppings\": 0, \"category_name\": \"Non Kopi\", \"category_slug\": \"non-kopi\", \"effective_price\": \"2.50\", \"effective_available\": 1}, {\"id\": 18, \"name\": \"Teh Tarik\", \"slug\": \"teh-tarik\", \"price\": \"20000.00\", \"toppings\": [], \"variants\": [{\"id\": 103, \"slug\": \"small\", \"label\": \"Small\", \"price_delta\": 0, \"menu_item_id\": 18, \"effective_price\": 2}, {\"id\": 104, \"slug\": \"medium\", \"label\": \"Medium\", \"price_delta\": 0.5, \"menu_item_id\": 18, \"effective_price\": 2.5}, {\"id\": 105, \"slug\": \"large\", \"label\": \"Large\", \"price_delta\": 0.5, \"menu_item_id\": 18, \"effective_price\": 2.5}], \"is_active\": 1, \"created_at\": \"2026-05-14 18:02:00\", \"image_path\": null, \"sort_order\": 3, \"updated_at\": \"2026-05-14 18:02:00\", \"category_id\": 3, \"description\": \"Teh Malaysia classic yang creamy\", \"has_toppings\": false, \"has_variants\": true, \"is_available\": 1, \"max_toppings\": 0, \"min_toppings\": 0, \"category_name\": \"Non Kopi\", \"category_slug\": \"non-kopi\", \"effective_price\": \"2.00\", \"effective_available\": 1}, {\"id\": 19, \"name\": \"Strawberry Smoothie\", \"slug\": \"strawberry-smoothie\", \"price\": \"30000.00\", \"toppings\": [], \"variants\": [{\"id\": 106, \"slug\": \"small\", \"label\": \"Small\", \"price_delta\": 0, \"menu_item_id\": 19, \"effective_price\": 2.5}, {\"id\": 107, \"slug\": \"medium\", \"label\": \"Medium\", \"price_delta\": 0.5, \"menu_item_id\": 19, \"effective_price\": 3}, {\"id\": 108, \"slug\": \"large\", \"label\": \"Large\", \"price_delta\": 1, \"menu_item_id\": 19, \"effective_price\": 3.5}], \"is_active\": 1, \"created_at\": \"2026-05-14 18:02:00\", \"image_path\": null, \"sort_order\": 4, \"updated_at\": \"2026-05-14 18:02:00\", \"category_id\": 3, \"description\": \"Smoothie stroberi segar dengan yogurt\", \"has_toppings\": false, \"has_variants\": true, \"is_available\": 1, \"max_toppings\": 0, \"min_toppings\": 0, \"category_name\": \"Non Kopi\", \"category_slug\": \"non-kopi\", \"effective_price\": \"2.50\", \"effective_available\": 1}, {\"id\": 20, \"name\": \"Lemon Tea\", \"slug\": \"lemon-tea\", \"price\": \"18000.00\", \"toppings\": [], \"variants\": [{\"id\": 109, \"slug\": \"small\", \"label\": \"Small\", \"price_delta\": 0, \"menu_item_id\": 20, \"effective_price\": 1.5}, {\"id\": 110, \"slug\": \"medium\", \"label\": \"Medium\", \"price_delta\": 0.5, \"menu_item_id\": 20, \"effective_price\": 2}, {\"id\": 111, \"slug\": \"large\", \"label\": \"Large\", \"price_delta\": 0.5, \"menu_item_id\": 20, \"effective_price\": 2}], \"is_active\": 1, \"created_at\": \"2026-05-14 18:02:00\", \"image_path\": null, \"sort_order\": 5, \"updated_at\": \"2026-05-14 18:02:00\", \"category_id\": 3, \"description\": \"Teh lemon segar, cocok untuk cuaca panas\", \"has_toppings\": false, \"has_variants\": true, \"is_available\": 1, \"max_toppings\": 0, \"min_toppings\": 0, \"category_name\": \"Non Kopi\", \"category_slug\": \"non-kopi\", \"effective_price\": \"1.50\", \"effective_available\": 1}, {\"id\": 70, \"name\": \"Iced Matcha Latte\", \"slug\": \"iced-matcha-latte\", \"price\": \"30000.00\", \"toppings\": [], \"variants\": [], \"is_active\": 1, \"created_at\": \"2026-05-16 03:05:46\", \"image_path\": null, \"sort_order\": 6, \"updated_at\": \"2026-05-16 03:05:46\", \"category_id\": 3, \"description\": \"Matcha latte Jepang disajikan dingin, earthy & refreshing\", \"has_toppings\": false, \"has_variants\": false, \"is_available\": 1, \"max_toppings\": 0, \"min_toppings\": 0, \"category_name\": \"Non Kopi\", \"category_slug\": \"non-kopi\", \"effective_price\": \"2.50\", \"effective_available\": 1}, {\"id\": 71, \"name\": \"Matcha Frappe\", \"slug\": \"matcha-frappe\", \"price\": \"32000.00\", \"toppings\": [], \"variants\": [], \"is_active\": 1, \"created_at\": \"2026-05-16 03:05:46\", \"image_path\": null, \"sort_order\": 7, \"updated_at\": \"2026-05-16 03:05:46\", \"category_id\": 3, \"description\": \"Blended matcha dengan milk & es batu, thick, creamy & intense\", \"has_toppings\": false, \"has_variants\": false, \"is_available\": 1, \"max_toppings\": 0, \"min_toppings\": 0, \"category_name\": \"Non Kopi\", \"category_slug\": \"non-kopi\", \"effective_price\": \"3.00\", \"effective_available\": 1}, {\"id\": 72, \"name\": \"Hojicha Latte\", \"slug\": \"hojicha-latte\", \"price\": \"28000.00\", \"toppings\": [], \"variants\": [], \"is_active\": 1, \"created_at\": \"2026-05-16 03:05:46\", \"image_path\": null, \"sort_order\": 8, \"updated_at\": \"2026-05-16 03:05:46\", \"category_id\": 3, \"description\": \"Teh hijau panggang Jepang, roasty & nutty, less caffeine & very comforting\", \"has_toppings\": false, \"has_variants\": false, \"is_available\": 1, \"max_toppings\": 0, \"min_toppings\": 0, \"category_name\": \"Non Kopi\", \"category_slug\": \"non-kopi\", \"effective_price\": \"2.50\", \"effective_available\": 1}, {\"id\": 73, \"name\": \"Iced Hojicha Latte\", \"slug\": \"iced-hojicha-latte\", \"price\": \"29000.00\", \"toppings\": [], \"variants\": [], \"is_active\": 1, \"created_at\": \"2026-05-16 03:05:46\", \"image_path\": null, \"sort_order\": 9, \"updated_at\": \"2026-05-16 03:05:46\", \"category_id\": 3, \"description\": \"Hojicha latte segar disajikan dingin, roasty & slightly sweet\", \"has_toppings\": false, \"has_variants\": false, \"is_available\": 1, \"max_toppings\": 0, \"min_toppings\": 0, \"category_name\": \"Non Kopi\", \"category_slug\": \"non-kopi\", \"effective_price\": \"2.50\", \"effective_available\": 1}, {\"id\": 74, \"name\": \"Taro Latte\", \"slug\": \"taro-latte\", \"price\": \"30000.00\", \"toppings\": [], \"variants\": [], \"is_active\": 1, \"created_at\": \"2026-05-16 03:05:46\", \"image_path\": null, \"sort_order\": 10, \"updated_at\": \"2026-05-16 03:05:46\", \"category_id\": 3, \"description\": \"Latte dengan keladi ungu Filipina, creamy, manis alami & berwarna cantik\", \"has_toppings\": false, \"has_variants\": false, \"is_available\": 1, \"max_toppings\": 0, \"min_toppings\": 0, \"category_name\": \"Non Kopi\", \"category_slug\": \"non-kopi\", \"effective_price\": \"2.50\", \"effective_available\": 1}, {\"id\": 75, \"name\": \"Iced Taro Latte\", \"slug\": \"iced-taro-latte\", \"price\": \"31000.00\", \"toppings\": [], \"variants\": [], \"is_active\": 1, \"created_at\": \"2026-05-16 03:05:46\", \"image_path\": null, \"sort_order\": 11, \"updated_at\": \"2026-05-16 03:05:46\", \"category_id\": 3, \"description\": \"Taro latte ungu cantik disajikan dingin, smooth & tropical\", \"has_toppings\": false, \"has_variants\": false, \"is_available\": 1, \"max_toppings\": 0, \"min_toppings\": 0, \"category_name\": \"Non Kopi\", \"category_slug\": \"non-kopi\", \"effective_price\": \"3.00\", \"effective_available\": 1}, {\"id\": 76, \"name\": \"Butterfly Pea Latte\", \"slug\": \"butterfly-pea-latte\", \"price\": \"28000.00\", \"toppings\": [], \"variants\": [], \"is_active\": 1, \"created_at\": \"2026-05-16 03:05:46\", \"image_path\": null, \"sort_order\": 12, \"updated_at\": \"2026-05-16 03:05:46\", \"category_id\": 3, \"description\": \"Latte dengan bunga telang biru, warna indah & unik — berubah ungu dengan lemon\", \"has_toppings\": false, \"has_variants\": false, \"is_available\": 1, \"max_toppings\": 0, \"min_toppings\": 0, \"category_name\": \"Non Kopi\", \"category_slug\": \"non-kopi\", \"effective_price\": \"2.50\", \"effective_available\": 1}, {\"id\": 77, \"name\": \"Iced Chocolate\", \"slug\": \"iced-chocolate\", \"price\": \"27000.00\", \"toppings\": [], \"variants\": [], \"is_active\": 1, \"created_at\": \"2026-05-16 03:05:46\", \"image_path\": null, \"sort_order\": 13, \"updated_at\": \"2026-05-16 03:05:46\", \"category_id\": 3, \"description\": \"Rich dark chocolate milk dingin dengan es batu, indulgent & refreshing\", \"has_toppings\": false, \"has_variants\": false, \"is_available\": 1, \"max_toppings\": 0, \"min_toppings\": 0, \"category_name\": \"Non Kopi\", \"category_slug\": \"non-kopi\", \"effective_price\": \"2.50\", \"effective_available\": 1}, {\"id\": 78, \"name\": \"Chocolate Frappe\", \"slug\": \"chocolate-frappe\", \"price\": \"33000.00\", \"toppings\": [], \"variants\": [], \"is_active\": 1, \"created_at\": \"2026-05-16 03:05:46\", \"image_path\": null, \"sort_order\": 14, \"updated_at\": \"2026-05-16 03:05:46\", \"category_id\": 3, \"description\": \"Blended chocolate dengan whipped cream & chocolate drizzle, pure indulgence\", \"has_toppings\": false, \"has_variants\": false, \"is_available\": 1, \"max_toppings\": 0, \"min_toppings\": 0, \"category_name\": \"Non Kopi\", \"category_slug\": \"non-kopi\", \"effective_price\": \"3.00\", \"effective_available\": 1}, {\"id\": 79, \"name\": \"Milo Dinosaur\", \"slug\": \"milo-dinosaur\", \"price\": \"25000.00\", \"toppings\": [], \"variants\": [], \"is_active\": 1, \"created_at\": \"2026-05-16 03:05:46\", \"image_path\": null, \"sort_order\": 15, \"updated_at\": \"2026-05-16 03:05:46\", \"category_id\": 3, \"description\": \"Milo iced dengan taburan Milo bubuk yang banyak di atasnya — legendary\", \"has_toppings\": false, \"has_variants\": false, \"is_available\": 1, \"max_toppings\": 0, \"min_toppings\": 0, \"category_name\": \"Non Kopi\", \"category_slug\": \"non-kopi\", \"effective_price\": \"2.50\", \"effective_available\": 1}, {\"id\": 80, \"name\": \"Avocado Smoothie\", \"slug\": \"avocado-smoothie\", \"price\": \"32000.00\", \"toppings\": [], \"variants\": [], \"is_active\": 1, \"created_at\": \"2026-05-16 03:05:46\", \"image_path\": null, \"sort_order\": 16, \"updated_at\": \"2026-05-16 03:05:46\", \"category_id\": 3, \"description\": \"Smoothie alpukat segar dengan susu full cream & sedikit madu, creamy & healthy\", \"has_toppings\": false, \"has_variants\": false, \"is_available\": 1, \"max_toppings\": 0, \"min_toppings\": 0, \"category_name\": \"Non Kopi\", \"category_slug\": \"non-kopi\", \"effective_price\": \"3.00\", \"effective_available\": 1}, {\"id\": 81, \"name\": \"Mango Smoothie\", \"slug\": \"mango-smoothie\", \"price\": \"30000.00\", \"toppings\": [], \"variants\": [], \"is_active\": 1, \"created_at\": \"2026-05-16 03:05:46\", \"image_path\": null, \"sort_order\": 17, \"updated_at\": \"2026-05-16 03:05:46\", \"category_id\": 3, \"description\": \"Smoothie mangga harum & segar dari buah mangga asli, tropical vibes\", \"has_toppings\": false, \"has_variants\": false, \"is_available\": 1, \"max_toppings\": 0, \"min_toppings\": 0, \"category_name\": \"Non Kopi\", \"category_slug\": \"non-kopi\", \"effective_price\": \"2.50\", \"effective_available\": 1}, {\"id\": 82, \"name\": \"Chai Latte\", \"slug\": \"chai-latte\", \"price\": \"27000.00\", \"toppings\": [], \"variants\": [], \"is_active\": 1, \"created_at\": \"2026-05-16 03:05:46\", \"image_path\": null, \"sort_order\": 18, \"updated_at\": \"2026-05-16 03:05:46\", \"category_id\": 3, \"description\": \"Teh masala India dengan kayu manis, jahe, kapulaga & steamed milk, spicy warm\", \"has_toppings\": false, \"has_variants\": false, \"is_available\": 1, \"max_toppings\": 0, \"min_toppings\": 0, \"category_name\": \"Non Kopi\", \"category_slug\": \"non-kopi\", \"effective_price\": \"2.50\", \"effective_available\": 1}, {\"id\": 83, \"name\": \"Iced Chai Latte\", \"slug\": \"iced-chai-latte\", \"price\": \"28000.00\", \"toppings\": [], \"variants\": [], \"is_active\": 1, \"created_at\": \"2026-05-16 03:05:46\", \"image_path\": null, \"sort_order\": 19, \"updated_at\": \"2026-05-16 03:05:46\", \"category_id\": 3, \"description\": \"Chai latte rempah disajikan dingin, spicy & refreshing, summer favourite\", \"has_toppings\": false, \"has_variants\": false, \"is_available\": 1, \"max_toppings\": 0, \"min_toppings\": 0, \"category_name\": \"Non Kopi\", \"category_slug\": \"non-kopi\", \"effective_price\": \"2.50\", \"effective_available\": 1}, {\"id\": 84, \"name\": \"Pandan Susu\", \"slug\": \"pandan-susu\", \"price\": \"25000.00\", \"toppings\": [], \"variants\": [], \"is_active\": 1, \"created_at\": \"2026-05-16 03:05:46\", \"image_path\": null, \"sort_order\": 20, \"updated_at\": \"2026-05-16 03:05:46\", \"category_id\": 3, \"description\": \"Susu segar dengan pandan lokal — tanpa kopi, sweet, fragrant & soothing\", \"has_toppings\": false, \"has_variants\": false, \"is_available\": 1, \"max_toppings\": 0, \"min_toppings\": 0, \"category_name\": \"Non Kopi\", \"category_slug\": \"non-kopi\", \"effective_price\": \"2.50\", \"effective_available\": 1}, {\"id\": 85, \"name\": \"Iced Thai Tea\", \"slug\": \"iced-thai-tea\", \"price\": \"25000.00\", \"toppings\": [], \"variants\": [], \"is_active\": 1, \"created_at\": \"2026-05-16 03:05:46\", \"image_path\": null, \"sort_order\": 21, \"updated_at\": \"2026-05-16 03:05:46\", \"category_id\": 3, \"description\": \"Teh Thailand khas dengan susu evaporasi bergula, manis & creamy\", \"has_toppings\": false, \"has_variants\": false, \"is_available\": 1, \"max_toppings\": 0, \"min_toppings\": 0, \"category_name\": \"Non Kopi\", \"category_slug\": \"non-kopi\", \"effective_price\": \"2.50\", \"effective_available\": 1}, {\"id\": 86, \"name\": \"Banana Smoothie\", \"slug\": \"banana-smoothie\", \"price\": \"28000.00\", \"toppings\": [], \"variants\": [], \"is_active\": 1, \"created_at\": \"2026-05-16 03:05:46\", \"image_path\": null, \"sort_order\": 22, \"updated_at\": \"2026-05-16 03:05:46\", \"category_id\": 3, \"description\": \"Smoothie pisang creamy dengan susu & madu, natural energy booster\", \"has_toppings\": false, \"has_variants\": false, \"is_available\": 1, \"max_toppings\": 0, \"min_toppings\": 0, \"category_name\": \"Non Kopi\", \"category_slug\": \"non-kopi\", \"effective_price\": \"2.50\", \"effective_available\": 1}, {\"id\": 87, \"name\": \"Red Velvet Latte\", \"slug\": \"red-velvet-latte\", \"price\": \"30000.00\", \"toppings\": [], \"variants\": [], \"is_active\": 1, \"created_at\": \"2026-05-16 03:05:46\", \"image_path\": null, \"sort_order\": 23, \"updated_at\": \"2026-05-16 03:05:46\", \"category_id\": 3, \"description\": \"Latte dengan red velvet flavour, creamy & indulgent, rich colour\", \"has_toppings\": false, \"has_variants\": false, \"is_available\": 1, \"max_toppings\": 0, \"min_toppings\": 0, \"category_name\": \"Non Kopi\", \"category_slug\": \"non-kopi\", \"effective_price\": \"2.50\", \"effective_available\": 1}, {\"id\": 88, \"name\": \"Iced Teh Tarik\", \"slug\": \"iced-teh-tarik\", \"price\": \"22000.00\", \"toppings\": [], \"variants\": [], \"is_active\": 1, \"created_at\": \"2026-05-16 03:05:46\", \"image_path\": null, \"sort_order\": 24, \"updated_at\": \"2026-05-16 03:05:46\", \"category_id\": 3, \"description\": \"Teh tarik khas Malaysia disajikan dingin & segar, creamy & refreshing\", \"has_toppings\": false, \"has_variants\": false, \"is_available\": 1, \"max_toppings\": 0, \"min_toppings\": 0, \"category_name\": \"Non Kopi\", \"category_slug\": \"non-kopi\", \"effective_price\": \"2.00\", \"effective_available\": 1}, {\"id\": 89, \"name\": \"Coconut Water Fresh\", \"slug\": \"coconut-water-fresh\", \"price\": \"28000.00\", \"toppings\": [], \"variants\": [], \"is_active\": 1, \"created_at\": \"2026-05-16 03:05:46\", \"image_path\": null, \"sort_order\": 25, \"updated_at\": \"2026-05-16 03:05:46\", \"category_id\": 3, \"description\": \"Air kelapa muda segar langsung dari buahnya, natural & hydrating\", \"has_toppings\": false, \"has_variants\": false, \"is_available\": 1, \"max_toppings\": 0, \"min_toppings\": 0, \"category_name\": \"Non Kopi\", \"category_slug\": \"non-kopi\", \"effective_price\": \"2.50\", \"effective_available\": 1}, {\"id\": 21, \"name\": \"Croissant\", \"slug\": \"croissant\", \"price\": \"22000.00\", \"toppings\": [], \"variants\": [], \"is_active\": 1, \"created_at\": \"2026-05-14 18:02:00\", \"image_path\": null, \"sort_order\": 1, \"updated_at\": \"2026-05-14 18:02:00\", \"category_id\": 4, \"description\": \"Croissant butter lembut & renyah dari oven\", \"has_toppings\": false, \"has_variants\": false, \"is_available\": 1, \"max_toppings\": 0, \"min_toppings\": 0, \"category_name\": \"Cemilan\", \"category_slug\": \"cemilan\", \"effective_price\": \"2.00\", \"effective_available\": 1}, {\"id\": 22, \"name\": \"Banana Bread\", \"slug\": \"banana-bread\", \"price\": \"25000.00\", \"toppings\": [], \"variants\": [], \"is_active\": 1, \"created_at\": \"2026-05-14 18:02:00\", \"image_path\": null, \"sort_order\": 2, \"updated_at\": \"2026-05-14 18:02:00\", \"category_id\": 4, \"description\": \"Roti pisang moist dengan walnuts\", \"has_toppings\": false, \"has_variants\": false, \"is_available\": 1, \"max_toppings\": 0, \"min_toppings\": 0, \"category_name\": \"Cemilan\", \"category_slug\": \"cemilan\", \"effective_price\": \"2.50\", \"effective_available\": 1}, {\"id\": 23, \"name\": \"Cheese Cake Slice\", \"slug\": \"cheese-cake-slice\", \"price\": \"32000.00\", \"toppings\": [], \"variants\": [], \"is_active\": 1, \"created_at\": \"2026-05-14 18:02:00\", \"image_path\": null, \"sort_order\": 3, \"updated_at\": \"2026-05-14 18:02:00\", \"category_id\": 4, \"description\": \"Slice cheesecake original New York style\", \"has_toppings\": false, \"has_variants\": false, \"is_available\": 1, \"max_toppings\": 0, \"min_toppings\": 0, \"category_name\": \"Cemilan\", \"category_slug\": \"cemilan\", \"effective_price\": \"3.00\", \"effective_available\": 1}, {\"id\": 24, \"name\": \"Cookies Assorted\", \"slug\": \"cookies-assorted\", \"price\": \"20000.00\", \"toppings\": [], \"variants\": [{\"id\": 116, \"slug\": \"regular\", \"label\": \"Regular\", \"price_delta\": 0, \"menu_item_id\": 24, \"effective_price\": 2}, {\"id\": 117, \"slug\": \"large\", \"label\": \"Large\", \"price_delta\": 1, \"menu_item_id\": 24, \"effective_price\": 3}], \"is_active\": 1, \"created_at\": \"2026-05-14 18:02:00\", \"image_path\": null, \"sort_order\": 4, \"updated_at\": \"2026-05-14 18:02:00\", \"category_id\": 4, \"description\": \"Mixed cookies: chocolate chip, oatmeal, peanut butter\", \"has_toppings\": false, \"has_variants\": true, \"is_available\": 1, \"max_toppings\": 0, \"min_toppings\": 0, \"category_name\": \"Cemilan\", \"category_slug\": \"cemilan\", \"effective_price\": \"2.00\", \"effective_available\": 1}, {\"id\": 25, \"name\": \"Sandwich Club\", \"slug\": \"sandwich-club\", \"price\": \"35000.00\", \"toppings\": [], \"variants\": [], \"is_active\": 1, \"created_at\": \"2026-05-14 18:02:00\", \"image_path\": null, \"sort_order\": 5, \"updated_at\": \"2026-05-14 18:02:00\", \"category_id\": 4, \"description\": \"Sandwich ayam, keju, selada & tomat\", \"has_toppings\": false, \"has_variants\": false, \"is_available\": 1, \"max_toppings\": 0, \"min_toppings\": 0, \"category_name\": \"Cemilan\", \"category_slug\": \"cemilan\", \"effective_price\": \"3.00\", \"effective_available\": 1}, {\"id\": 26, \"name\": \"French Fries\", \"slug\": \"french-fries\", \"price\": \"25000.00\", \"toppings\": [], \"variants\": [{\"id\": 118, \"slug\": \"regular\", \"label\": \"Regular\", \"price_delta\": 0, \"menu_item_id\": 26, \"effective_price\": 2.5}, {\"id\": 119, \"slug\": \"large\", \"label\": \"Large\", \"price_delta\": 1, \"menu_item_id\": 26, \"effective_price\": 3.5}], \"is_active\": 1, \"created_at\": \"2026-05-14 18:02:00\", \"image_path\": null, \"sort_order\": 6, \"updated_at\": \"2026-05-14 18:02:00\", \"category_id\": 4, \"description\": \"Kentang goreng crispy dengan saus\", \"has_toppings\": false, \"has_variants\": true, \"is_available\": 1, \"max_toppings\": 0, \"min_toppings\": 0, \"category_name\": \"Cemilan\", \"category_slug\": \"cemilan\", \"effective_price\": \"2.50\", \"effective_available\": 1}, {\"id\": 90, \"name\": \"Roti Bakar Cokelat Keju\", \"slug\": \"roti-bakar-cokelat-keju\", \"price\": \"25000.00\", \"toppings\": [], \"variants\": [], \"is_active\": 1, \"created_at\": \"2026-05-16 03:05:46\", \"image_path\": null, \"sort_order\": 7, \"updated_at\": \"2026-05-16 03:05:46\", \"category_id\": 4, \"description\": \"Roti bakar tebal dengan lelehan cokelat & keju mozzarella, comfort food sejati\", \"has_toppings\": false, \"has_variants\": false, \"is_available\": 1, \"max_toppings\": 0, \"min_toppings\": 0, \"category_name\": \"Cemilan\", \"category_slug\": \"cemilan\", \"effective_price\": \"2.50\", \"effective_available\": 1}, {\"id\": 91, \"name\": \"Roti Bakar Pandan Keju\", \"slug\": \"roti-bakar-pandan-keju\", \"price\": \"23000.00\", \"toppings\": [], \"variants\": [], \"is_active\": 1, \"created_at\": \"2026-05-16 03:05:46\", \"image_path\": null, \"sort_order\": 8, \"updated_at\": \"2026-05-16 03:05:46\", \"category_id\": 4, \"description\": \"Roti bakar dengan selai pandan wangi & parutan keju di atasnya\", \"has_toppings\": false, \"has_variants\": false, \"is_available\": 1, \"max_toppings\": 0, \"min_toppings\": 0, \"category_name\": \"Cemilan\", \"category_slug\": \"cemilan\", \"effective_price\": \"2.00\", \"effective_available\": 1}, {\"id\": 92, \"name\": \"Waffle Original\", \"slug\": \"waffle-original\", \"price\": \"32000.00\", \"toppings\": [], \"variants\": [], \"is_active\": 1, \"created_at\": \"2026-05-16 03:05:46\", \"image_path\": null, \"sort_order\": 9, \"updated_at\": \"2026-05-16 03:05:46\", \"category_id\": 4, \"description\": \"Waffle crispy di luar, lembut di dalam dengan butter & maple syrup\", \"has_toppings\": false, \"has_variants\": false, \"is_available\": 1, \"max_toppings\": 0, \"min_toppings\": 0, \"category_name\": \"Cemilan\", \"category_slug\": \"cemilan\", \"effective_price\": \"3.00\", \"effective_available\": 1}, {\"id\": 93, \"name\": \"Waffle Cokelat Keju\", \"slug\": \"waffle-cokelat-keju\", \"price\": \"35000.00\", \"toppings\": [], \"variants\": [], \"is_active\": 1, \"created_at\": \"2026-05-16 03:05:46\", \"image_path\": null, \"sort_order\": 10, \"updated_at\": \"2026-05-16 03:05:46\", \"category_id\": 4, \"description\": \"Waffle dengan topping cokelat premium & keju parut yang melimpah\", \"has_toppings\": false, \"has_variants\": false, \"is_available\": 1, \"max_toppings\": 0, \"min_toppings\": 0, \"category_name\": \"Cemilan\", \"category_slug\": \"cemilan\", \"effective_price\": \"3.00\", \"effective_available\": 1}, {\"id\": 94, \"name\": \"Pancake Stack\", \"slug\": \"pancake-stack\", \"price\": \"35000.00\", \"toppings\": [], \"variants\": [], \"is_active\": 1, \"created_at\": \"2026-05-16 03:05:46\", \"image_path\": null, \"sort_order\": 11, \"updated_at\": \"2026-05-16 03:05:46\", \"category_id\": 4, \"description\": \"Stack 3 pancake fluffy & thick dengan maple syrup & whipped cream\", \"has_toppings\": false, \"has_variants\": false, \"is_available\": 1, \"max_toppings\": 0, \"min_toppings\": 0, \"category_name\": \"Cemilan\", \"category_slug\": \"cemilan\", \"effective_price\": \"3.00\", \"effective_available\": 1}, {\"id\": 95, \"name\": \"Muffin Blueberry\", \"slug\": \"muffin-blueberry\", \"price\": \"22000.00\", \"toppings\": [], \"variants\": [], \"is_active\": 1, \"created_at\": \"2026-05-16 03:05:46\", \"image_path\": null, \"sort_order\": 12, \"updated_at\": \"2026-05-16 03:05:46\", \"category_id\": 4, \"description\": \"Muffin moist dengan blueberry segar yang burst di setiap gigitan\", \"has_toppings\": false, \"has_variants\": false, \"is_available\": 1, \"max_toppings\": 0, \"min_toppings\": 0, \"category_name\": \"Cemilan\", \"category_slug\": \"cemilan\", \"effective_price\": \"2.00\", \"effective_available\": 1}, {\"id\": 96, \"name\": \"Muffin Choco Chip\", \"slug\": \"muffin-choco-chip\", \"price\": \"22000.00\", \"toppings\": [], \"variants\": [], \"is_active\": 1, \"created_at\": \"2026-05-16 03:05:46\", \"image_path\": null, \"sort_order\": 13, \"updated_at\": \"2026-05-16 03:05:46\", \"category_id\": 4, \"description\": \"Muffin cokelat dengan chocolate chips premium yang melimpah\", \"has_toppings\": false, \"has_variants\": false, \"is_available\": 1, \"max_toppings\": 0, \"min_toppings\": 0, \"category_name\": \"Cemilan\", \"category_slug\": \"cemilan\", \"effective_price\": \"2.00\", \"effective_available\": 1}, {\"id\": 97, \"name\": \"Donat Glazur\", \"slug\": \"donat-glazur\", \"price\": \"18000.00\", \"toppings\": [], \"variants\": [], \"is_active\": 1, \"created_at\": \"2026-05-16 03:05:46\", \"image_path\": null, \"sort_order\": 14, \"updated_at\": \"2026-05-16 03:05:46\", \"category_id\": 4, \"description\": \"Donat lembut dengan glazur gula putih klasik, soft & pillowy\", \"has_toppings\": false, \"has_variants\": false, \"is_available\": 1, \"max_toppings\": 0, \"min_toppings\": 0, \"category_name\": \"Cemilan\", \"category_slug\": \"cemilan\", \"effective_price\": \"1.50\", \"effective_available\": 1}, {\"id\": 98, \"name\": \"Donat Cokelat Keju\", \"slug\": \"donat-cokelat-keju\", \"price\": \"22000.00\", \"toppings\": [], \"variants\": [], \"is_active\": 1, \"created_at\": \"2026-05-16 03:05:46\", \"image_path\": null, \"sort_order\": 15, \"updated_at\": \"2026-05-16 03:05:46\", \"category_id\": 4, \"description\": \"Donat dengan topping cokelat & taburan keju parut, sweet & savory\", \"has_toppings\": false, \"has_variants\": false, \"is_available\": 1, \"max_toppings\": 0, \"min_toppings\": 0, \"category_name\": \"Cemilan\", \"category_slug\": \"cemilan\", \"effective_price\": \"2.00\", \"effective_available\": 1}, {\"id\": 99, \"name\": \"Brownies Fudgy\", \"slug\": \"brownies-fudgy\", \"price\": \"25000.00\", \"toppings\": [], \"variants\": [], \"is_active\": 1, \"created_at\": \"2026-05-16 03:05:46\", \"image_path\": null, \"sort_order\": 16, \"updated_at\": \"2026-05-16 03:05:46\", \"category_id\": 4, \"description\": \"Brownies fudgy ultra-dark chocolate, dense, moist & decadent\", \"has_toppings\": false, \"has_variants\": false, \"is_available\": 1, \"max_toppings\": 0, \"min_toppings\": 0, \"category_name\": \"Cemilan\", \"category_slug\": \"cemilan\", \"effective_price\": \"2.50\", \"effective_available\": 1}, {\"id\": 100, \"name\": \"Tiramisu Slice\", \"slug\": \"tiramisu-slice\", \"price\": \"37000.00\", \"toppings\": [], \"variants\": [], \"is_active\": 1, \"created_at\": \"2026-05-16 03:05:46\", \"image_path\": null, \"sort_order\": 17, \"updated_at\": \"2026-05-16 03:05:46\", \"category_id\": 4, \"description\": \"Slice tiramisu klasik Italia dengan lady fingers, mascarpone & espresso\", \"has_toppings\": false, \"has_variants\": false, \"is_available\": 1, \"max_toppings\": 0, \"min_toppings\": 0, \"category_name\": \"Cemilan\", \"category_slug\": \"cemilan\", \"effective_price\": \"3.50\", \"effective_available\": 1}, {\"id\": 101, \"name\": \"Bolu Pandan\", \"slug\": \"bolu-pandan\", \"price\": \"25000.00\", \"toppings\": [], \"variants\": [], \"is_active\": 1, \"created_at\": \"2026-05-16 03:05:46\", \"image_path\": null, \"sort_order\": 18, \"updated_at\": \"2026-05-16 03:05:46\", \"category_id\": 4, \"description\": \"Bolu pandan lembut & wangi khas Nusantara, soft & fragrant\", \"has_toppings\": false, \"has_variants\": false, \"is_available\": 1, \"max_toppings\": 0, \"min_toppings\": 0, \"category_name\": \"Cemilan\", \"category_slug\": \"cemilan\", \"effective_price\": \"2.50\", \"effective_available\": 1}, {\"id\": 102, \"name\": \"Choux Cream Vanilla\", \"slug\": \"choux-cream-vanilla\", \"price\": \"25000.00\", \"toppings\": [], \"variants\": [], \"is_active\": 1, \"created_at\": \"2026-05-16 03:05:46\", \"image_path\": null, \"sort_order\": 19, \"updated_at\": \"2026-05-16 03:05:46\", \"category_id\": 4, \"description\": \"Choux pastry ringan dengan isian vanilla custard cream yang lembut\", \"has_toppings\": false, \"has_variants\": false, \"is_available\": 1, \"max_toppings\": 0, \"min_toppings\": 0, \"category_name\": \"Cemilan\", \"category_slug\": \"cemilan\", \"effective_price\": \"2.50\", \"effective_available\": 1}, {\"id\": 103, \"name\": \"Pie Susu Bali\", \"slug\": \"pie-susu-bali\", \"price\": \"20000.00\", \"toppings\": [], \"variants\": [], \"is_active\": 1, \"created_at\": \"2026-05-16 03:05:46\", \"image_path\": null, \"sort_order\": 20, \"updated_at\": \"2026-05-16 03:05:46\", \"category_id\": 4, \"description\": \"Pie susu khas Bali dengan filling susu legit, thin crust & creamy\", \"has_toppings\": false, \"has_variants\": false, \"is_available\": 1, \"max_toppings\": 0, \"min_toppings\": 0, \"category_name\": \"Cemilan\", \"category_slug\": \"cemilan\", \"effective_price\": \"2.00\", \"effective_available\": 1}, {\"id\": 104, \"name\": \"Roti Sobek Cheese\", \"slug\": \"roti-sobek-cheese\", \"price\": \"30000.00\", \"toppings\": [], \"variants\": [], \"is_active\": 1, \"created_at\": \"2026-05-16 03:05:46\", \"image_path\": null, \"sort_order\": 21, \"updated_at\": \"2026-05-16 03:05:46\", \"category_id\": 4, \"description\": \"Roti sobek lembut dengan keju mozzarella yang meleleh di setiap sobekan\", \"has_toppings\": false, \"has_variants\": false, \"is_available\": 1, \"max_toppings\": 0, \"min_toppings\": 0, \"category_name\": \"Cemilan\", \"category_slug\": \"cemilan\", \"effective_price\": \"2.50\", \"effective_available\": 1}, {\"id\": 105, \"name\": \"Pretzel Klasik\", \"slug\": \"pretzel-klasik\", \"price\": \"25000.00\", \"toppings\": [], \"variants\": [], \"is_active\": 1, \"created_at\": \"2026-05-16 03:05:46\", \"image_path\": null, \"sort_order\": 22, \"updated_at\": \"2026-05-16 03:05:46\", \"category_id\": 4, \"description\": \"Pretzel German style dengan garam kasar, crispy luar & chewy dalam\", \"has_toppings\": false, \"has_variants\": false, \"is_available\": 1, \"max_toppings\": 0, \"min_toppings\": 0, \"category_name\": \"Cemilan\", \"category_slug\": \"cemilan\", \"effective_price\": \"2.50\", \"effective_available\": 1}, {\"id\": 106, \"name\": \"Nachos Salsa\", \"slug\": \"nachos-salsa\", \"price\": \"30000.00\", \"toppings\": [], \"variants\": [], \"is_active\": 1, \"created_at\": \"2026-05-16 03:05:46\", \"image_path\": null, \"sort_order\": 23, \"updated_at\": \"2026-05-16 03:05:46\", \"category_id\": 4, \"description\": \"Nachos crispy dengan salsa tomat segar, sour cream & jalapeño\", \"has_toppings\": false, \"has_variants\": false, \"is_available\": 1, \"max_toppings\": 0, \"min_toppings\": 0, \"category_name\": \"Cemilan\", \"category_slug\": \"cemilan\", \"effective_price\": \"2.50\", \"effective_available\": 1}, {\"id\": 107, \"name\": \"Chicken Wrap\", \"slug\": \"chicken-wrap\", \"price\": \"38000.00\", \"toppings\": [], \"variants\": [], \"is_active\": 1, \"created_at\": \"2026-05-16 03:05:46\", \"image_path\": null, \"sort_order\": 24, \"updated_at\": \"2026-05-16 03:05:46\", \"category_id\": 4, \"description\": \"Wrap tortilla dengan ayam panggang, selada segar, tomat & mayo\", \"has_toppings\": false, \"has_variants\": false, \"is_available\": 1, \"max_toppings\": 0, \"min_toppings\": 0, \"category_name\": \"Cemilan\", \"category_slug\": \"cemilan\", \"effective_price\": \"3.50\", \"effective_available\": 1}, {\"id\": 108, \"name\": \"Scone Clotted Cream\", \"slug\": \"scone-clotted-cream\", \"price\": \"28000.00\", \"toppings\": [], \"variants\": [], \"is_active\": 1, \"created_at\": \"2026-05-16 03:05:46\", \"image_path\": null, \"sort_order\": 25, \"updated_at\": \"2026-05-16 03:05:46\", \"category_id\": 4, \"description\": \"Scone English style dengan clotted cream & strawberry jam, proper British tea\", \"has_toppings\": false, \"has_variants\": false, \"is_available\": 1, \"max_toppings\": 0, \"min_toppings\": 0, \"category_name\": \"Cemilan\", \"category_slug\": \"cemilan\", \"effective_price\": \"2.50\", \"effective_available\": 1}, {\"id\": 109, \"name\": \"Bruschetta Tomat\", \"slug\": \"bruschetta-tomat\", \"price\": \"32000.00\", \"toppings\": [], \"variants\": [], \"is_active\": 1, \"created_at\": \"2026-05-16 03:05:46\", \"image_path\": null, \"sort_order\": 26, \"updated_at\": \"2026-05-16 03:05:46\", \"category_id\": 4, \"description\": \"Roti ciabatta panggang dengan tomat segar, basil & extra virgin olive oil\", \"has_toppings\": false, \"has_variants\": false, \"is_available\": 1, \"max_toppings\": 0, \"min_toppings\": 0, \"category_name\": \"Cemilan\", \"category_slug\": \"cemilan\", \"effective_price\": \"3.00\", \"effective_available\": 1}, {\"id\": 27, \"name\": \"Paket Ngopi Santai\", \"slug\": \"paket-ngopi-santai\", \"price\": \"40000.00\", \"toppings\": [], \"variants\": [], \"is_active\": 1, \"created_at\": \"2026-05-14 18:02:00\", \"image_path\": null, \"sort_order\": 1, \"updated_at\": \"2026-05-14 18:02:00\", \"category_id\": 5, \"description\": \"1 Americano + 1 Banana Bread (hemat Rp 5.000)\", \"has_toppings\": false, \"has_variants\": false, \"is_available\": 1, \"max_toppings\": 0, \"min_toppings\": 0, \"category_name\": \"Paket Hemat\", \"category_slug\": \"paket-hemat\", \"effective_price\": \"3.50\", \"effective_available\": 1}, {\"id\": 28, \"name\": \"Paket Kerja\", \"slug\": \"paket-kerja\", \"price\": \"47000.00\", \"toppings\": [], \"variants\": [], \"is_active\": 1, \"created_at\": \"2026-05-14 18:02:00\", \"image_path\": null, \"sort_order\": 2, \"updated_at\": \"2026-05-14 18:02:00\", \"category_id\": 5, \"description\": \"1 Latte + 1 Croissant + free refill air (hemat Rp 7.000)\", \"has_toppings\": false, \"has_variants\": false, \"is_available\": 1, \"max_toppings\": 0, \"min_toppings\": 0, \"category_name\": \"Paket Hemat\", \"category_slug\": \"paket-hemat\", \"effective_price\": \"4.00\", \"effective_available\": 1}, {\"id\": 29, \"name\": \"Paket Berdua\", \"slug\": \"paket-berdua\", \"price\": \"70000.00\", \"toppings\": [], \"variants\": [], \"is_active\": 1, \"created_at\": \"2026-05-14 18:02:00\", \"image_path\": null, \"sort_order\": 3, \"updated_at\": \"2026-05-14 18:02:00\", \"category_id\": 5, \"description\": \"2 Es Kopi Susu + 2 Cookies (hemat Rp 10.000)\", \"has_toppings\": false, \"has_variants\": false, \"is_available\": 1, \"max_toppings\": 0, \"min_toppings\": 0, \"category_name\": \"Paket Hemat\", \"category_slug\": \"paket-hemat\", \"effective_price\": \"6.00\", \"effective_available\": 1}, {\"id\": 110, \"name\": \"Paket Pagi Spesial\", \"slug\": \"paket-pagi-spesial\", \"price\": \"40000.00\", \"toppings\": [], \"variants\": [], \"is_active\": 1, \"created_at\": \"2026-05-16 03:05:46\", \"image_path\": null, \"sort_order\": 4, \"updated_at\": \"2026-05-16 03:05:46\", \"category_id\": 5, \"description\": \"1 Kopi Susu Aren + 1 Roti Bakar Cokelat Keju (hemat Rp 7.000)\", \"has_toppings\": false, \"has_variants\": false, \"is_available\": 1, \"max_toppings\": 0, \"min_toppings\": 0, \"category_name\": \"Paket Hemat\", \"category_slug\": \"paket-hemat\", \"effective_price\": \"3.50\", \"effective_available\": 1}, {\"id\": 111, \"name\": \"Paket Siang Produktif\", \"slug\": \"paket-siang-produktif\", \"price\": \"56000.00\", \"toppings\": [], \"variants\": [], \"is_active\": 1, \"created_at\": \"2026-05-16 03:05:46\", \"image_path\": null, \"sort_order\": 5, \"updated_at\": \"2026-05-16 03:05:46\", \"category_id\": 5, \"description\": \"1 Iced Vanilla Latte + 1 Sandwich Club (hemat Rp 9.000)\", \"has_toppings\": false, \"has_variants\": false, \"is_available\": 1, \"max_toppings\": 0, \"min_toppings\": 0, \"category_name\": \"Paket Hemat\", \"category_slug\": \"paket-hemat\", \"effective_price\": \"5.00\", \"effective_available\": 1}, {\"id\": 112, \"name\": \"Paket Sore Santai\", \"slug\": \"paket-sore-santai\", \"price\": \"62000.00\", \"toppings\": [], \"variants\": [], \"is_active\": 1, \"created_at\": \"2026-05-16 03:05:46\", \"image_path\": null, \"sort_order\": 6, \"updated_at\": \"2026-05-16 03:05:46\", \"category_id\": 5, \"description\": \"1 Cold Brew Tonic + 1 Tiramisu Slice (hemat Rp 10.000)\", \"has_toppings\": false, \"has_variants\": false, \"is_available\": 1, \"max_toppings\": 0, \"min_toppings\": 0, \"category_name\": \"Paket Hemat\", \"category_slug\": \"paket-hemat\", \"effective_price\": \"5.50\", \"effective_available\": 1}, {\"id\": 113, \"name\": \"Paket Malam Relax\", \"slug\": \"paket-malam-relax\", \"price\": \"48000.00\", \"toppings\": [], \"variants\": [], \"is_active\": 1, \"created_at\": \"2026-05-16 03:05:46\", \"image_path\": null, \"sort_order\": 7, \"updated_at\": \"2026-05-16 03:05:46\", \"category_id\": 5, \"description\": \"1 Hojicha Latte + 1 Bolu Pandan (hemat Rp 5.000)\", \"has_toppings\": false, \"has_variants\": false, \"is_available\": 1, \"max_toppings\": 0, \"min_toppings\": 0, \"category_name\": \"Paket Hemat\", \"category_slug\": \"paket-hemat\", \"effective_price\": \"4.00\", \"effective_available\": 1}, {\"id\": 114, \"name\": \"Paket Berdua Spesial\", \"slug\": \"paket-berdua-spesial\", \"price\": \"112000.00\", \"toppings\": [], \"variants\": [], \"is_active\": 1, \"created_at\": \"2026-05-16 03:05:46\", \"image_path\": null, \"sort_order\": 8, \"updated_at\": \"2026-05-16 03:05:46\", \"category_id\": 5, \"description\": \"2 Es Kopi Susu Aren + 2 Waffle Original (hemat Rp 14.000)\", \"has_toppings\": false, \"has_variants\": false, \"is_available\": 1, \"max_toppings\": 0, \"min_toppings\": 0, \"category_name\": \"Paket Hemat\", \"category_slug\": \"paket-hemat\", \"effective_price\": \"9.50\", \"effective_available\": 1}, {\"id\": 115, \"name\": \"Paket Keluarga Hemat\", \"slug\": \"paket-keluarga-hemat\", \"price\": \"192000.00\", \"toppings\": [], \"variants\": [], \"is_active\": 1, \"created_at\": \"2026-05-16 03:05:46\", \"image_path\": null, \"sort_order\": 9, \"updated_at\": \"2026-05-16 03:05:46\", \"category_id\": 5, \"description\": \"4 Iced Latte + 4 Roti Bakar Cokelat Keju (hemat Rp 24.000)\", \"has_toppings\": false, \"has_variants\": false, \"is_available\": 1, \"max_toppings\": 0, \"min_toppings\": 0, \"category_name\": \"Paket Hemat\", \"category_slug\": \"paket-hemat\", \"effective_price\": \"16.00\", \"effective_available\": 1}, {\"id\": 116, \"name\": \"Paket Meeting Pro\", \"slug\": \"paket-meeting-pro\", \"price\": \"230000.00\", \"toppings\": [], \"variants\": [], \"is_active\": 1, \"created_at\": \"2026-05-16 03:05:46\", \"image_path\": null, \"sort_order\": 10, \"updated_at\": \"2026-05-16 03:05:46\", \"category_id\": 5, \"description\": \"5 Americano + 1 Loyang Brownies 6pcs (hemat Rp 20.000)\", \"has_toppings\": false, \"has_variants\": false, \"is_available\": 1, \"max_toppings\": 0, \"min_toppings\": 0, \"category_name\": \"Paket Hemat\", \"category_slug\": \"paket-hemat\", \"effective_price\": \"19.50\", \"effective_available\": 1}, {\"id\": 117, \"name\": \"Paket Nongkrong Asik\", \"slug\": \"paket-nongkrong-asik\", \"price\": \"177000.00\", \"toppings\": [], \"variants\": [], \"is_active\": 1, \"created_at\": \"2026-05-16 03:05:46\", \"image_path\": null, \"sort_order\": 11, \"updated_at\": \"2026-05-16 03:05:46\", \"category_id\": 5, \"description\": \"3 Cold Brew Tonic + 3 Nachos Salsa (hemat Rp 18.000)\", \"has_toppings\": false, \"has_variants\": false, \"is_available\": 1, \"max_toppings\": 0, \"min_toppings\": 0, \"category_name\": \"Paket Hemat\", \"category_slug\": \"paket-hemat\", \"effective_price\": \"15.00\", \"effective_available\": 1}, {\"id\": 118, \"name\": \"Paket Matcha Mania\", \"slug\": \"paket-matcha-mania\", \"price\": \"114000.00\", \"toppings\": [], \"variants\": [], \"is_active\": 1, \"created_at\": \"2026-05-16 03:05:46\", \"image_path\": null, \"sort_order\": 12, \"updated_at\": \"2026-05-16 03:05:46\", \"category_id\": 5, \"description\": \"2 Iced Matcha Latte + 2 Matcha Frappe (hemat Rp 10.000)\", \"has_toppings\": false, \"has_variants\": false, \"is_available\": 1, \"max_toppings\": 0, \"min_toppings\": 0, \"category_name\": \"Paket Hemat\", \"category_slug\": \"paket-hemat\", \"effective_price\": \"9.50\", \"effective_available\": 1}, {\"id\": 119, \"name\": \"Paket Best Seller\", \"slug\": \"paket-best-seller\", \"price\": \"120000.00\", \"toppings\": [], \"variants\": [], \"is_active\": 1, \"created_at\": \"2026-05-16 03:05:46\", \"image_path\": null, \"sort_order\": 13, \"updated_at\": \"2026-05-16 03:05:46\", \"category_id\": 5, \"description\": \"1 Nitro Cold Brew + 1 Iced Latte + 1 Waffle Original + 1 Brownies Fudgy\", \"has_toppings\": false, \"has_variants\": false, \"is_available\": 1, \"max_toppings\": 0, \"min_toppings\": 0, \"category_name\": \"Paket Hemat\", \"category_slug\": \"paket-hemat\", \"effective_price\": \"10.00\", \"effective_available\": 1}, {\"id\": 120, \"name\": \"Nasi Goreng Kopi\", \"slug\": \"nasi-goreng-kopi\", \"price\": \"45000.00\", \"toppings\": [], \"variants\": [], \"is_active\": 1, \"created_at\": \"2026-05-16 03:05:46\", \"image_path\": null, \"sort_order\": 1, \"updated_at\": \"2026-05-16 03:05:46\", \"category_id\": 6, \"description\": \"Nasi goreng spesial dengan infused cold brew, telur mata sapi & kerupuk udang\", \"has_toppings\": false, \"has_variants\": false, \"is_available\": 1, \"max_toppings\": 0, \"min_toppings\": 0, \"category_name\": \"Makanan Utama\", \"category_slug\": \"makanan-utama\", \"effective_price\": \"4.00\", \"effective_available\": 1}, {\"id\": 130, \"name\": \"Frozen Yoghurt 2 Toppings\", \"slug\": \"frozen-yoghurt-2-toppings\", \"price\": \"28000.00\", \"toppings\": [{\"id\": 1, \"name\": \"Granola\", \"slug\": \"granola\", \"price_delta\": 0}, {\"id\": 2, \"name\": \"Strawberry\", \"slug\": \"strawberry\", \"price_delta\": 0}, {\"id\": 3, \"name\": \"Blueberry\", \"slug\": \"blueberry\", \"price_delta\": 0}, {\"id\": 4, \"name\": \"Mango\", \"slug\": \"mango\", \"price_delta\": 0}, {\"id\": 5, \"name\": \"Banana\", \"slug\": \"banana\", \"price_delta\": 0}, {\"id\": 6, \"name\": \"Almond\", \"slug\": \"almond\", \"price_delta\": 0}, {\"id\": 7, \"name\": \"Choco Chips\", \"slug\": \"choco-chips\", \"price_delta\": 0}, {\"id\": 8, \"name\": \"Oreo Crumbs\", \"slug\": \"oreo-crumbs\", \"price_delta\": 0}], \"variants\": [{\"id\": 143, \"slug\": \"small\", \"label\": \"Small\", \"price_delta\": 0, \"menu_item_id\": 130, \"effective_price\": 2.5}, {\"id\": 144, \"slug\": \"medium\", \"label\": \"Medium\", \"price_delta\": 0.5, \"menu_item_id\": 130, \"effective_price\": 3}, {\"id\": 145, \"slug\": \"large\", \"label\": \"Large\", \"price_delta\": 1, \"menu_item_id\": 130, \"effective_price\": 3.5}], \"is_active\": 1, \"created_at\": \"2026-05-16 15:24:37\", \"image_path\": null, \"sort_order\": 1, \"updated_at\": \"2026-05-16 15:24:37\", \"category_id\": 7, \"description\": \"Frozen yoghurt dengan pilihan 2 topping. Opsi topping: Granola, Strawberry, Blueberry, Mango, Banana, Almond, Choco Chips, Oreo Crumbs.\", \"has_toppings\": true, \"has_variants\": true, \"is_available\": 1, \"max_toppings\": 2, \"min_toppings\": 2, \"category_name\": \"Yoghurt & Dessert\", \"category_slug\": \"yoghurt-dessert\", \"effective_price\": \"2.50\", \"effective_available\": 1}, {\"id\": 121, \"name\": \"Ayam Bakar Kopi\", \"slug\": \"ayam-bakar-kopi\", \"price\": \"55000.00\", \"toppings\": [], \"variants\": [], \"is_active\": 1, \"created_at\": \"2026-05-16 03:05:46\", \"image_path\": null, \"sort_order\": 2, \"updated_at\": \"2026-05-16 03:05:46\", \"category_id\": 6, \"description\": \"Ayam bakar dengan marinade kopi & rempah pilihan, crispy luar juicy dalam\", \"has_toppings\": false, \"has_variants\": false, \"is_available\": 1, \"max_toppings\": 0, \"min_toppings\": 0, \"category_name\": \"Makanan Utama\", \"category_slug\": \"makanan-utama\", \"effective_price\": \"5.00\", \"effective_available\": 1}, {\"id\": 131, \"name\": \"Frozen Yoghurt 3 Toppings\", \"slug\": \"frozen-yoghurt-3-toppings\", \"price\": \"34000.00\", \"toppings\": [{\"id\": 1, \"name\": \"Granola\", \"slug\": \"granola\", \"price_delta\": 0}, {\"id\": 2, \"name\": \"Strawberry\", \"slug\": \"strawberry\", \"price_delta\": 0}, {\"id\": 3, \"name\": \"Blueberry\", \"slug\": \"blueberry\", \"price_delta\": 0}, {\"id\": 4, \"name\": \"Mango\", \"slug\": \"mango\", \"price_delta\": 0}, {\"id\": 5, \"name\": \"Banana\", \"slug\": \"banana\", \"price_delta\": 0}, {\"id\": 6, \"name\": \"Almond\", \"slug\": \"almond\", \"price_delta\": 0}, {\"id\": 7, \"name\": \"Choco Chips\", \"slug\": \"choco-chips\", \"price_delta\": 0}, {\"id\": 8, \"name\": \"Oreo Crumbs\", \"slug\": \"oreo-crumbs\", \"price_delta\": 0}], \"variants\": [{\"id\": 146, \"slug\": \"small\", \"label\": \"Small\", \"price_delta\": 0, \"menu_item_id\": 131, \"effective_price\": 3}, {\"id\": 147, \"slug\": \"medium\", \"label\": \"Medium\", \"price_delta\": 0.5, \"menu_item_id\": 131, \"effective_price\": 3.5}, {\"id\": 148, \"slug\": \"large\", \"label\": \"Large\", \"price_delta\": 1, \"menu_item_id\": 131, \"effective_price\": 4}], \"is_active\": 1, \"created_at\": \"2026-05-16 15:24:37\", \"image_path\": null, \"sort_order\": 2, \"updated_at\": \"2026-05-16 15:24:37\", \"category_id\": 7, \"description\": \"Frozen yoghurt dengan pilihan 3 topping. Opsi topping: Granola, Strawberry, Blueberry, Mango, Banana, Almond, Choco Chips, Oreo Crumbs.\", \"has_toppings\": true, \"has_variants\": true, \"is_available\": 1, \"max_toppings\": 3, \"min_toppings\": 3, \"category_name\": \"Yoghurt & Dessert\", \"category_slug\": \"yoghurt-dessert\", \"effective_price\": \"3.00\", \"effective_available\": 1}, {\"id\": 122, \"name\": \"Pasta Carbonara\", \"slug\": \"pasta-carbonara\", \"price\": \"52000.00\", \"toppings\": [], \"variants\": [], \"is_active\": 1, \"created_at\": \"2026-05-16 03:05:46\", \"image_path\": null, \"sort_order\": 3, \"updated_at\": \"2026-05-16 03:05:46\", \"category_id\": 6, \"description\": \"Pasta creamy dengan telur segar, pancetta & parmesan, Italian classic recipe\", \"has_toppings\": false, \"has_variants\": false, \"is_available\": 1, \"max_toppings\": 0, \"min_toppings\": 0, \"category_name\": \"Makanan Utama\", \"category_slug\": \"makanan-utama\", \"effective_price\": \"4.50\", \"effective_available\": 1}, {\"id\": 132, \"name\": \"Frozen Yoghurt 4 Toppings\", \"slug\": \"frozen-yoghurt-4-toppings\", \"price\": \"40000.00\", \"toppings\": [{\"id\": 1, \"name\": \"Granola\", \"slug\": \"granola\", \"price_delta\": 0}, {\"id\": 2, \"name\": \"Strawberry\", \"slug\": \"strawberry\", \"price_delta\": 0}, {\"id\": 3, \"name\": \"Blueberry\", \"slug\": \"blueberry\", \"price_delta\": 0}, {\"id\": 4, \"name\": \"Mango\", \"slug\": \"mango\", \"price_delta\": 0}, {\"id\": 5, \"name\": \"Banana\", \"slug\": \"banana\", \"price_delta\": 0}, {\"id\": 6, \"name\": \"Almond\", \"slug\": \"almond\", \"price_delta\": 0}, {\"id\": 7, \"name\": \"Choco Chips\", \"slug\": \"choco-chips\", \"price_delta\": 0}, {\"id\": 8, \"name\": \"Oreo Crumbs\", \"slug\": \"oreo-crumbs\", \"price_delta\": 0}], \"variants\": [{\"id\": 149, \"slug\": \"small\", \"label\": \"Small\", \"price_delta\": 0, \"menu_item_id\": 132, \"effective_price\": 3.5}, {\"id\": 150, \"slug\": \"medium\", \"label\": \"Medium\", \"price_delta\": 0.5, \"menu_item_id\": 132, \"effective_price\": 4}, {\"id\": 151, \"slug\": \"large\", \"label\": \"Large\", \"price_delta\": 1, \"menu_item_id\": 132, \"effective_price\": 4.5}], \"is_active\": 1, \"created_at\": \"2026-05-16 15:24:37\", \"image_path\": null, \"sort_order\": 3, \"updated_at\": \"2026-05-16 15:24:37\", \"category_id\": 7, \"description\": \"Frozen yoghurt dengan pilihan 4 topping. Opsi topping: Granola, Strawberry, Blueberry, Mango, Banana, Almond, Choco Chips, Oreo Crumbs.\", \"has_toppings\": true, \"has_variants\": true, \"is_available\": 1, \"max_toppings\": 4, \"min_toppings\": 4, \"category_name\": \"Yoghurt & Dessert\", \"category_slug\": \"yoghurt-dessert\", \"effective_price\": \"3.50\", \"effective_available\": 1}, {\"id\": 123, \"name\": \"Caesar Salad\", \"slug\": \"caesar-salad\", \"price\": \"40000.00\", \"toppings\": [], \"variants\": [], \"is_active\": 1, \"created_at\": \"2026-05-16 03:05:46\", \"image_path\": null, \"sort_order\": 4, \"updated_at\": \"2026-05-16 03:05:46\", \"category_id\": 6, \"description\": \"Romaine lettuce segar dengan dressing Caesar, crouton & parmesan shaved\", \"has_toppings\": false, \"has_variants\": false, \"is_available\": 1, \"max_toppings\": 0, \"min_toppings\": 0, \"category_name\": \"Makanan Utama\", \"category_slug\": \"makanan-utama\", \"effective_price\": \"3.50\", \"effective_available\": 1}, {\"id\": 124, \"name\": \"Omurice\", \"slug\": \"omurice\", \"price\": \"45000.00\", \"toppings\": [], \"variants\": [], \"is_active\": 1, \"created_at\": \"2026-05-16 03:05:46\", \"image_path\": null, \"sort_order\": 5, \"updated_at\": \"2026-05-16 03:05:46\", \"category_id\": 6, \"description\": \"Nasi goreng dibungkus telur dadar mulus, saus tomat & keju di atasnya\", \"has_toppings\": false, \"has_variants\": false, \"is_available\": 1, \"max_toppings\": 0, \"min_toppings\": 0, \"category_name\": \"Makanan Utama\", \"category_slug\": \"makanan-utama\", \"effective_price\": \"4.00\", \"effective_available\": 1}, {\"id\": 125, \"name\": \"Eggs Benedict\", \"slug\": \"eggs-benedict\", \"price\": \"55000.00\", \"toppings\": [], \"variants\": [], \"is_active\": 1, \"created_at\": \"2026-05-16 03:05:46\", \"image_path\": null, \"sort_order\": 6, \"updated_at\": \"2026-05-16 03:05:46\", \"category_id\": 6, \"description\": \"Poached eggs sempurna di atas English muffin & smoked beef dengan hollandaise\", \"has_toppings\": false, \"has_variants\": false, \"is_available\": 1, \"max_toppings\": 0, \"min_toppings\": 0, \"category_name\": \"Makanan Utama\", \"category_slug\": \"makanan-utama\", \"effective_price\": \"5.00\", \"effective_available\": 1}, {\"id\": 126, \"name\": \"Granola Bowl\", \"slug\": \"granola-bowl\", \"price\": \"38000.00\", \"toppings\": [], \"variants\": [], \"is_active\": 1, \"created_at\": \"2026-05-16 03:05:46\", \"image_path\": null, \"sort_order\": 7, \"updated_at\": \"2026-05-16 03:05:46\", \"category_id\": 6, \"description\": \"Granola homemade dengan Greek yogurt, madu bunga & buah segar seasonal\", \"has_toppings\": false, \"has_variants\": false, \"is_available\": 1, \"max_toppings\": 0, \"min_toppings\": 0, \"category_name\": \"Makanan Utama\", \"category_slug\": \"makanan-utama\", \"effective_price\": \"3.50\", \"effective_available\": 1}, {\"id\": 127, \"name\": \"Acai Bowl\", \"slug\": \"acai-bowl\", \"price\": \"48000.00\", \"toppings\": [], \"variants\": [], \"is_active\": 1, \"created_at\": \"2026-05-16 03:05:46\", \"image_path\": null, \"sort_order\": 8, \"updated_at\": \"2026-05-16 03:05:46\", \"category_id\": 6, \"description\": \"Acai blend dengan granola renyah, pisang, kelapa parut & mixed berries\", \"has_toppings\": false, \"has_variants\": false, \"is_available\": 1, \"max_toppings\": 0, \"min_toppings\": 0, \"category_name\": \"Makanan Utama\", \"category_slug\": \"makanan-utama\", \"effective_price\": \"4.00\", \"effective_available\": 1}, {\"id\": 128, \"name\": \"Focaccia Sandwich\", \"slug\": \"focaccia-sandwich\", \"price\": \"52000.00\", \"toppings\": [], \"variants\": [], \"is_active\": 1, \"created_at\": \"2026-05-16 03:05:46\", \"image_path\": null, \"sort_order\": 9, \"updated_at\": \"2026-05-16 03:05:46\", \"category_id\": 6, \"description\": \"Focaccia panggang dengan prosciutto, mozzarella segar, pesto & sun-dried tomato\", \"has_toppings\": false, \"has_variants\": false, \"is_available\": 1, \"max_toppings\": 0, \"min_toppings\": 0, \"category_name\": \"Makanan Utama\", \"category_slug\": \"makanan-utama\", \"effective_price\": \"4.50\", \"effective_available\": 1}, {\"id\": 129, \"name\": \"Quiche Lorraine\", \"slug\": \"quiche-lorraine\", \"price\": \"45000.00\", \"toppings\": [], \"variants\": [], \"is_active\": 1, \"created_at\": \"2026-05-16 03:05:46\", \"image_path\": null, \"sort_order\": 10, \"updated_at\": \"2026-05-16 03:05:46\", \"category_id\": 6, \"description\": \"Quiche klasik Prancis dengan bacon asap, gruyère & krim, dipanggang fresh daily\", \"has_toppings\": false, \"has_variants\": false, \"is_available\": 1, \"max_toppings\": 0, \"min_toppings\": 0, \"category_name\": \"Makanan Utama\", \"category_slug\": \"makanan-utama\", \"effective_price\": \"4.00\", \"effective_available\": 1}]}', 'completed', NULL, '2026-05-19 01:43:56', '2026-05-19 01:43:56');
INSERT INTO `agent_task_steps` (`id`, `task_id`, `step_index`, `step_type`, `tool_name`, `input_json`, `output_json`, `status`, `error_message`, `created_at`, `updated_at`) VALUES
(2, 2, 1, 'tool_call', 'get_branch_menu', NULL, '{\"items\": [{\"id\": 1, \"name\": \"Espresso\", \"slug\": \"espresso\", \"price\": \"18000.00\", \"toppings\": [], \"variants\": [], \"is_active\": 1, \"created_at\": \"2026-05-14 18:02:00\", \"image_path\": null, \"sort_order\": 1, \"updated_at\": \"2026-05-14 18:02:00\", \"category_id\": 1, \"description\": \"Single shot espresso murni, bold & concentrated\", \"has_toppings\": false, \"has_variants\": false, \"is_available\": 1, \"max_toppings\": 0, \"min_toppings\": 0, \"category_name\": \"Kopi Panas\", \"category_slug\": \"kopi-panas\", \"effective_price\": \"1.50\", \"effective_available\": 1}, {\"id\": 2, \"name\": \"Americano\", \"slug\": \"americano\", \"price\": \"20000.00\", \"toppings\": [], \"variants\": [{\"id\": 64, \"slug\": \"small\", \"label\": \"Small\", \"price_delta\": 0, \"menu_item_id\": 2, \"effective_price\": 2}, {\"id\": 65, \"slug\": \"medium\", \"label\": \"Medium\", \"price_delta\": 0.5, \"menu_item_id\": 2, \"effective_price\": 2.5}, {\"id\": 66, \"slug\": \"large\", \"label\": \"Large\", \"price_delta\": 1, \"menu_item_id\": 2, \"effective_price\": 3}], \"is_active\": 1, \"created_at\": \"2026-05-14 18:02:00\", \"image_path\": null, \"sort_order\": 2, \"updated_at\": \"2026-05-14 18:02:00\", \"category_id\": 1, \"description\": \"Espresso dengan air panas, smooth & rich\", \"has_toppings\": false, \"has_variants\": true, \"is_available\": 1, \"max_toppings\": 0, \"min_toppings\": 0, \"category_name\": \"Kopi Panas\", \"category_slug\": \"kopi-panas\", \"effective_price\": \"2.00\", \"effective_available\": 1}, {\"id\": 3, \"name\": \"Cappuccino\", \"slug\": \"cappuccino\", \"price\": \"25000.00\", \"toppings\": [], \"variants\": [{\"id\": 67, \"slug\": \"small\", \"label\": \"Small\", \"price_delta\": 0, \"menu_item_id\": 3, \"effective_price\": 2.5}, {\"id\": 68, \"slug\": \"medium\", \"label\": \"Medium\", \"price_delta\": 0.5, \"menu_item_id\": 3, \"effective_price\": 3}, {\"id\": 69, \"slug\": \"large\", \"label\": \"Large\", \"price_delta\": 1, \"menu_item_id\": 3, \"effective_price\": 3.5}], \"is_active\": 1, \"created_at\": \"2026-05-14 18:02:00\", \"image_path\": null, \"sort_order\": 3, \"updated_at\": \"2026-05-14 18:02:00\", \"category_id\": 1, \"description\": \"Espresso, steamed milk & milk foam yang sempurna\", \"has_toppings\": false, \"has_variants\": true, \"is_available\": 1, \"max_toppings\": 0, \"min_toppings\": 0, \"category_name\": \"Kopi Panas\", \"category_slug\": \"kopi-panas\", \"effective_price\": \"2.50\", \"effective_available\": 1}, {\"id\": 4, \"name\": \"Latte\", \"slug\": \"latte\", \"price\": \"27000.00\", \"toppings\": [], \"variants\": [{\"id\": 70, \"slug\": \"small\", \"label\": \"Small\", \"price_delta\": 0, \"menu_item_id\": 4, \"effective_price\": 2.5}, {\"id\": 71, \"slug\": \"medium\", \"label\": \"Medium\", \"price_delta\": 0.5, \"menu_item_id\": 4, \"effective_price\": 3}, {\"id\": 72, \"slug\": \"large\", \"label\": \"Large\", \"price_delta\": 1, \"menu_item_id\": 4, \"effective_price\": 3.5}], \"is_active\": 1, \"created_at\": \"2026-05-14 18:02:00\", \"image_path\": null, \"sort_order\": 4, \"updated_at\": \"2026-05-14 18:02:00\", \"category_id\": 1, \"description\": \"Espresso dengan banyak steamed milk, creamy & mild\", \"has_toppings\": false, \"has_variants\": true, \"is_available\": 1, \"max_toppings\": 0, \"min_toppings\": 0, \"category_name\": \"Kopi Panas\", \"category_slug\": \"kopi-panas\", \"effective_price\": \"2.50\", \"effective_available\": 1}, {\"id\": 5, \"name\": \"Flat White\", \"slug\": \"flat-white\", \"price\": \"28000.00\", \"toppings\": [], \"variants\": [{\"id\": 73, \"slug\": \"small\", \"label\": \"Small\", \"price_delta\": 0, \"menu_item_id\": 5, \"effective_price\": 2.5}, {\"id\": 74, \"slug\": \"medium\", \"label\": \"Medium\", \"price_delta\": 0.5, \"menu_item_id\": 5, \"effective_price\": 3}, {\"id\": 75, \"slug\": \"large\", \"label\": \"Large\", \"price_delta\": 1, \"menu_item_id\": 5, \"effective_price\": 3.5}], \"is_active\": 1, \"created_at\": \"2026-05-14 18:02:00\", \"image_path\": null, \"sort_order\": 5, \"updated_at\": \"2026-05-14 18:02:00\", \"category_id\": 1, \"description\": \"Double ristretto dengan textured milk, smooth & strong\", \"has_toppings\": false, \"has_variants\": true, \"is_available\": 1, \"max_toppings\": 0, \"min_toppings\": 0, \"category_name\": \"Kopi Panas\", \"category_slug\": \"kopi-panas\", \"effective_price\": \"2.50\", \"effective_available\": 1}, {\"id\": 6, \"name\": \"Macchiato\", \"slug\": \"macchiato\", \"price\": \"22000.00\", \"toppings\": [], \"variants\": [{\"id\": 76, \"slug\": \"small\", \"label\": \"Small\", \"price_delta\": 0, \"menu_item_id\": 6, \"effective_price\": 2}, {\"id\": 77, \"slug\": \"medium\", \"label\": \"Medium\", \"price_delta\": 0.5, \"menu_item_id\": 6, \"effective_price\": 2.5}, {\"id\": 78, \"slug\": \"large\", \"label\": \"Large\", \"price_delta\": 0.5, \"menu_item_id\": 6, \"effective_price\": 2.5}], \"is_active\": 1, \"created_at\": \"2026-05-14 18:02:00\", \"image_path\": null, \"sort_order\": 6, \"updated_at\": \"2026-05-14 18:02:00\", \"category_id\": 1, \"description\": \"Espresso dengan sedikit milk foam di atasnya\", \"has_toppings\": false, \"has_variants\": true, \"is_available\": 1, \"max_toppings\": 0, \"min_toppings\": 0, \"category_name\": \"Kopi Panas\", \"category_slug\": \"kopi-panas\", \"effective_price\": \"2.00\", \"effective_available\": 1}, {\"id\": 7, \"name\": \"Kopi Tubruk\", \"slug\": \"kopi-tubruk\", \"price\": \"15000.00\", \"toppings\": [], \"variants\": [], \"is_active\": 1, \"created_at\": \"2026-05-14 18:02:00\", \"image_path\": null, \"sort_order\": 7, \"updated_at\": \"2026-05-14 18:02:00\", \"category_id\": 1, \"description\": \"Kopi tradisional Indonesia yang kental\", \"has_toppings\": false, \"has_variants\": false, \"is_available\": 1, \"max_toppings\": 0, \"min_toppings\": 0, \"category_name\": \"Kopi Panas\", \"category_slug\": \"kopi-panas\", \"effective_price\": \"1.50\", \"effective_available\": 1}, {\"id\": 8, \"name\": \"Kopi Susu Jahe\", \"slug\": \"kopi-susu-jahe\", \"price\": \"22000.00\", \"toppings\": [], \"variants\": [{\"id\": 79, \"slug\": \"small\", \"label\": \"Small\", \"price_delta\": 0, \"menu_item_id\": 8, \"effective_price\": 2}, {\"id\": 80, \"slug\": \"medium\", \"label\": \"Medium\", \"price_delta\": 0.5, \"menu_item_id\": 8, \"effective_price\": 2.5}, {\"id\": 81, \"slug\": \"large\", \"label\": \"Large\", \"price_delta\": 0.5, \"menu_item_id\": 8, \"effective_price\": 2.5}], \"is_active\": 1, \"created_at\": \"2026-05-14 18:02:00\", \"image_path\": null, \"sort_order\": 8, \"updated_at\": \"2026-05-14 18:02:00\", \"category_id\": 1, \"description\": \"Kopi susu dengan rempah jahe hangat\", \"has_toppings\": false, \"has_variants\": true, \"is_available\": 1, \"max_toppings\": 0, \"min_toppings\": 0, \"category_name\": \"Kopi Panas\", \"category_slug\": \"kopi-panas\", \"effective_price\": \"2.00\", \"effective_available\": 1}, {\"id\": 30, \"name\": \"Cortado\", \"slug\": \"cortado\", \"price\": \"23000.00\", \"toppings\": [], \"variants\": [], \"is_active\": 1, \"created_at\": \"2026-05-16 03:05:46\", \"image_path\": null, \"sort_order\": 10, \"updated_at\": \"2026-05-16 03:05:46\", \"category_id\": 1, \"description\": \"Espresso dengan equal parts steamed milk, balance sempurna antara kopi & susu\", \"has_toppings\": false, \"has_variants\": false, \"is_available\": 1, \"max_toppings\": 0, \"min_toppings\": 0, \"category_name\": \"Kopi Panas\", \"category_slug\": \"kopi-panas\", \"effective_price\": \"2.00\", \"effective_available\": 1}, {\"id\": 31, \"name\": \"Lungo\", \"slug\": \"lungo\", \"price\": \"21000.00\", \"toppings\": [], \"variants\": [], \"is_active\": 1, \"created_at\": \"2026-05-16 03:05:46\", \"image_path\": null, \"sort_order\": 11, \"updated_at\": \"2026-05-16 03:05:46\", \"category_id\": 1, \"description\": \"Espresso dengan volume air lebih banyak, milder & longer finish\", \"has_toppings\": false, \"has_variants\": false, \"is_available\": 1, \"max_toppings\": 0, \"min_toppings\": 0, \"category_name\": \"Kopi Panas\", \"category_slug\": \"kopi-panas\", \"effective_price\": \"2.00\", \"effective_available\": 1}, {\"id\": 32, \"name\": \"Ristretto\", \"slug\": \"ristretto\", \"price\": \"20000.00\", \"toppings\": [], \"variants\": [], \"is_active\": 1, \"created_at\": \"2026-05-16 03:05:46\", \"image_path\": null, \"sort_order\": 12, \"updated_at\": \"2026-05-16 03:05:46\", \"category_id\": 1, \"description\": \"Espresso shot pendek yang sangat pekat & concentrated, pure intensity\", \"has_toppings\": false, \"has_variants\": false, \"is_available\": 1, \"max_toppings\": 0, \"min_toppings\": 0, \"category_name\": \"Kopi Panas\", \"category_slug\": \"kopi-panas\", \"effective_price\": \"2.00\", \"effective_available\": 1}, {\"id\": 33, \"name\": \"Affogato\", \"slug\": \"affogato\", \"price\": \"32000.00\", \"toppings\": [], \"variants\": [], \"is_active\": 1, \"created_at\": \"2026-05-16 03:05:46\", \"image_path\": null, \"sort_order\": 13, \"updated_at\": \"2026-05-16 03:05:46\", \"category_id\": 1, \"description\": \"Espresso panas dituangkan langsung di atas satu scoop vanilla ice cream\", \"has_toppings\": false, \"has_variants\": false, \"is_available\": 1, \"max_toppings\": 0, \"min_toppings\": 0, \"category_name\": \"Kopi Panas\", \"category_slug\": \"kopi-panas\", \"effective_price\": \"3.00\", \"effective_available\": 1}, {\"id\": 34, \"name\": \"Irish Coffee\", \"slug\": \"irish-coffee\", \"price\": \"35000.00\", \"toppings\": [], \"variants\": [], \"is_active\": 1, \"created_at\": \"2026-05-16 03:05:46\", \"image_path\": null, \"sort_order\": 14, \"updated_at\": \"2026-05-16 03:05:46\", \"category_id\": 1, \"description\": \"Kopi panas dengan sirup karamel Irish & cream di atasnya, rich & warming\", \"has_toppings\": false, \"has_variants\": false, \"is_available\": 1, \"max_toppings\": 0, \"min_toppings\": 0, \"category_name\": \"Kopi Panas\", \"category_slug\": \"kopi-panas\", \"effective_price\": \"3.00\", \"effective_available\": 1}, {\"id\": 35, \"name\": \"Turkish Coffee\", \"slug\": \"turkish-coffee\", \"price\": \"22000.00\", \"toppings\": [], \"variants\": [], \"is_active\": 1, \"created_at\": \"2026-05-16 03:05:46\", \"image_path\": null, \"sort_order\": 15, \"updated_at\": \"2026-05-16 03:05:46\", \"category_id\": 1, \"description\": \"Kopi halus khas Turki diseduh dengan cezve, kental, aromatik & penuh karakter\", \"has_toppings\": false, \"has_variants\": false, \"is_available\": 1, \"max_toppings\": 0, \"min_toppings\": 0, \"category_name\": \"Kopi Panas\", \"category_slug\": \"kopi-panas\", \"effective_price\": \"2.00\", \"effective_available\": 1}, {\"id\": 36, \"name\": \"Kopi Gula Aren\", \"slug\": \"kopi-gula-aren\", \"price\": \"22000.00\", \"toppings\": [], \"variants\": [], \"is_active\": 1, \"created_at\": \"2026-05-16 03:05:46\", \"image_path\": null, \"sort_order\": 16, \"updated_at\": \"2026-05-16 03:05:46\", \"category_id\": 1, \"description\": \"Espresso dengan gula aren lokal asli, manis legit khas Nusantara\", \"has_toppings\": false, \"has_variants\": false, \"is_available\": 1, \"max_toppings\": 0, \"min_toppings\": 0, \"category_name\": \"Kopi Panas\", \"category_slug\": \"kopi-panas\", \"effective_price\": \"2.00\", \"effective_available\": 1}, {\"id\": 37, \"name\": \"Kopi Jahe Rempah\", \"slug\": \"kopi-jahe-rempah\", \"price\": \"20000.00\", \"toppings\": [], \"variants\": [], \"is_active\": 1, \"created_at\": \"2026-05-16 03:05:46\", \"image_path\": null, \"sort_order\": 17, \"updated_at\": \"2026-05-16 03:05:46\", \"category_id\": 1, \"description\": \"Espresso dengan jahe segar, kayu manis & cengkeh — hangat & menyehatkan\", \"has_toppings\": false, \"has_variants\": false, \"is_available\": 1, \"max_toppings\": 0, \"min_toppings\": 0, \"category_name\": \"Kopi Panas\", \"category_slug\": \"kopi-panas\", \"effective_price\": \"2.00\", \"effective_available\": 1}, {\"id\": 38, \"name\": \"Kopi Susu Aren\", \"slug\": \"kopi-susu-aren\", \"price\": \"25000.00\", \"toppings\": [], \"variants\": [], \"is_active\": 1, \"created_at\": \"2026-05-16 03:05:46\", \"image_path\": null, \"sort_order\": 18, \"updated_at\": \"2026-05-16 03:05:46\", \"category_id\": 1, \"description\": \"Espresso susu dengan gula aren pilihan, lebih autentik dari gula biasa\", \"has_toppings\": false, \"has_variants\": false, \"is_available\": 1, \"max_toppings\": 0, \"min_toppings\": 0, \"category_name\": \"Kopi Panas\", \"category_slug\": \"kopi-panas\", \"effective_price\": \"2.50\", \"effective_available\": 1}, {\"id\": 39, \"name\": \"Hazelnut Latte\", \"slug\": \"hazelnut-latte\", \"price\": \"30000.00\", \"toppings\": [], \"variants\": [], \"is_active\": 1, \"created_at\": \"2026-05-16 03:05:46\", \"image_path\": null, \"sort_order\": 19, \"updated_at\": \"2026-05-16 03:05:46\", \"category_id\": 1, \"description\": \"Latte creamy dengan sirup hazelnut premium, nutty & smooth\", \"has_toppings\": false, \"has_variants\": false, \"is_available\": 1, \"max_toppings\": 0, \"min_toppings\": 0, \"category_name\": \"Kopi Panas\", \"category_slug\": \"kopi-panas\", \"effective_price\": \"2.50\", \"effective_available\": 1}, {\"id\": 40, \"name\": \"Vanilla Latte\", \"slug\": \"vanilla-latte\", \"price\": \"28000.00\", \"toppings\": [], \"variants\": [], \"is_active\": 1, \"created_at\": \"2026-05-16 03:05:46\", \"image_path\": null, \"sort_order\": 20, \"updated_at\": \"2026-05-16 03:05:46\", \"category_id\": 1, \"description\": \"Latte dengan vanilla bean asli, smooth & fragrant setiap tegukan\", \"has_toppings\": false, \"has_variants\": false, \"is_available\": 1, \"max_toppings\": 0, \"min_toppings\": 0, \"category_name\": \"Kopi Panas\", \"category_slug\": \"kopi-panas\", \"effective_price\": \"2.50\", \"effective_available\": 1}, {\"id\": 41, \"name\": \"Caramel Latte\", \"slug\": \"caramel-latte\", \"price\": \"29000.00\", \"toppings\": [], \"variants\": [], \"is_active\": 1, \"created_at\": \"2026-05-16 03:05:46\", \"image_path\": null, \"sort_order\": 21, \"updated_at\": \"2026-05-16 03:05:46\", \"category_id\": 1, \"description\": \"Latte dengan drizzle karamel premium di atas foam susu, manis & creamy\", \"has_toppings\": false, \"has_variants\": false, \"is_available\": 1, \"max_toppings\": 0, \"min_toppings\": 0, \"category_name\": \"Kopi Panas\", \"category_slug\": \"kopi-panas\", \"effective_price\": \"2.50\", \"effective_available\": 1}, {\"id\": 42, \"name\": \"Lavender Latte\", \"slug\": \"lavender-latte\", \"price\": \"30000.00\", \"toppings\": [], \"variants\": [], \"is_active\": 1, \"created_at\": \"2026-05-16 03:05:46\", \"image_path\": null, \"sort_order\": 22, \"updated_at\": \"2026-05-16 03:05:46\", \"category_id\": 1, \"description\": \"Latte dengan sirup lavender, aroma floral yang calming & unik\", \"has_toppings\": false, \"has_variants\": false, \"is_available\": 1, \"max_toppings\": 0, \"min_toppings\": 0, \"category_name\": \"Kopi Panas\", \"category_slug\": \"kopi-panas\", \"effective_price\": \"2.50\", \"effective_available\": 1}, {\"id\": 43, \"name\": \"Ube Latte\", \"slug\": \"ube-latte\", \"price\": \"32000.00\", \"toppings\": [], \"variants\": [], \"is_active\": 1, \"created_at\": \"2026-05-16 03:05:46\", \"image_path\": null, \"sort_order\": 23, \"updated_at\": \"2026-05-16 03:05:46\", \"category_id\": 1, \"description\": \"Latte dengan ube (keladi ungu) Filipina, creamy, manis & berwarna cantik\", \"has_toppings\": false, \"has_variants\": false, \"is_available\": 1, \"max_toppings\": 0, \"min_toppings\": 0, \"category_name\": \"Kopi Panas\", \"category_slug\": \"kopi-panas\", \"effective_price\": \"3.00\", \"effective_available\": 1}, {\"id\": 44, \"name\": \"Pandan Latte\", \"slug\": \"pandan-latte\", \"price\": \"27000.00\", \"toppings\": [], \"variants\": [], \"is_active\": 1, \"created_at\": \"2026-05-16 03:05:46\", \"image_path\": null, \"sort_order\": 24, \"updated_at\": \"2026-05-16 03:05:46\", \"category_id\": 1, \"description\": \"Latte dengan pandan lokal, aroma wangi khas Indonesia yang otentik\", \"has_toppings\": false, \"has_variants\": false, \"is_available\": 1, \"max_toppings\": 0, \"min_toppings\": 0, \"category_name\": \"Kopi Panas\", \"category_slug\": \"kopi-panas\", \"effective_price\": \"2.50\", \"effective_available\": 1}, {\"id\": 45, \"name\": \"Brown Sugar Latte\", \"slug\": \"brown-sugar-latte\", \"price\": \"28000.00\", \"toppings\": [], \"variants\": [], \"is_active\": 1, \"created_at\": \"2026-05-16 03:05:46\", \"image_path\": null, \"sort_order\": 25, \"updated_at\": \"2026-05-16 03:05:46\", \"category_id\": 1, \"description\": \"Latte dengan brown sugar syrup & kayu manis, manis alami nan elegan\", \"has_toppings\": false, \"has_variants\": false, \"is_available\": 1, \"max_toppings\": 0, \"min_toppings\": 0, \"category_name\": \"Kopi Panas\", \"category_slug\": \"kopi-panas\", \"effective_price\": \"2.50\", \"effective_available\": 1}, {\"id\": 46, \"name\": \"Bulletproof Coffee\", \"slug\": \"bulletproof-coffee\", \"price\": \"35000.00\", \"toppings\": [], \"variants\": [], \"is_active\": 1, \"created_at\": \"2026-05-16 03:05:46\", \"image_path\": null, \"sort_order\": 26, \"updated_at\": \"2026-05-16 03:05:46\", \"category_id\": 1, \"description\": \"Kopi blended dengan butter grass-fed & MCT oil, energi tahan lama keto-friendly\", \"has_toppings\": false, \"has_variants\": false, \"is_available\": 1, \"max_toppings\": 0, \"min_toppings\": 0, \"category_name\": \"Kopi Panas\", \"category_slug\": \"kopi-panas\", \"effective_price\": \"3.00\", \"effective_available\": 1}, {\"id\": 47, \"name\": \"Piccolo Latte\", \"slug\": \"piccolo-latte\", \"price\": \"24000.00\", \"toppings\": [], \"variants\": [], \"is_active\": 1, \"created_at\": \"2026-05-16 03:05:46\", \"image_path\": null, \"sort_order\": 27, \"updated_at\": \"2026-05-16 03:05:46\", \"category_id\": 1, \"description\": \"Mini latte 90ml — double ristretto dengan sedikit textured milk, bold & strong\", \"has_toppings\": false, \"has_variants\": false, \"is_available\": 1, \"max_toppings\": 0, \"min_toppings\": 0, \"category_name\": \"Kopi Panas\", \"category_slug\": \"kopi-panas\", \"effective_price\": \"2.00\", \"effective_available\": 1}, {\"id\": 48, \"name\": \"Kopi Mentega Madu\", \"slug\": \"kopi-mentega-madu\", \"price\": \"28000.00\", \"toppings\": [], \"variants\": [], \"is_active\": 1, \"created_at\": \"2026-05-16 03:05:46\", \"image_path\": null, \"sort_order\": 28, \"updated_at\": \"2026-05-16 03:05:46\", \"category_id\": 1, \"description\": \"Kopi dengan butter lokal & madu hutan, creamy & naturally sweet\", \"has_toppings\": false, \"has_variants\": false, \"is_available\": 1, \"max_toppings\": 0, \"min_toppings\": 0, \"category_name\": \"Kopi Panas\", \"category_slug\": \"kopi-panas\", \"effective_price\": \"2.50\", \"effective_available\": 1}, {\"id\": 49, \"name\": \"Gibraltar\", \"slug\": \"gibraltar\", \"price\": \"25000.00\", \"toppings\": [], \"variants\": [], \"is_active\": 1, \"created_at\": \"2026-05-16 03:05:46\", \"image_path\": null, \"sort_order\": 29, \"updated_at\": \"2026-05-16 03:05:46\", \"category_id\": 1, \"description\": \"Double ristretto dengan steamed whole milk dalam gelas kecil 4oz, intense & creamy\", \"has_toppings\": false, \"has_variants\": false, \"is_available\": 1, \"max_toppings\": 0, \"min_toppings\": 0, \"category_name\": \"Kopi Panas\", \"category_slug\": \"kopi-panas\", \"effective_price\": \"2.50\", \"effective_available\": 1}, {\"id\": 9, \"name\": \"Iced Americano\", \"slug\": \"iced-americano\", \"price\": \"22000.00\", \"toppings\": [], \"variants\": [{\"id\": 82, \"slug\": \"small\", \"label\": \"Small\", \"price_delta\": 0, \"menu_item_id\": 9, \"effective_price\": 2}, {\"id\": 83, \"slug\": \"medium\", \"label\": \"Medium\", \"price_delta\": 0.5, \"menu_item_id\": 9, \"effective_price\": 2.5}, {\"id\": 84, \"slug\": \"large\", \"label\": \"Large\", \"price_delta\": 0.5, \"menu_item_id\": 9, \"effective_price\": 2.5}], \"is_active\": 1, \"created_at\": \"2026-05-14 18:02:00\", \"image_path\": null, \"sort_order\": 1, \"updated_at\": \"2026-05-14 18:02:00\", \"category_id\": 2, \"description\": \"Americano segar di atas es batu\", \"has_toppings\": false, \"has_variants\": true, \"is_available\": 1, \"max_toppings\": 0, \"min_toppings\": 0, \"category_name\": \"Kopi Dingin\", \"category_slug\": \"kopi-dingin\", \"effective_price\": \"2.00\", \"effective_available\": 1}, {\"id\": 10, \"name\": \"Iced Latte\", \"slug\": \"iced-latte\", \"price\": \"29000.00\", \"toppings\": [], \"variants\": [{\"id\": 85, \"slug\": \"small\", \"label\": \"Small\", \"price_delta\": 0, \"menu_item_id\": 10, \"effective_price\": 2.5}, {\"id\": 86, \"slug\": \"medium\", \"label\": \"Medium\", \"price_delta\": 0.5, \"menu_item_id\": 10, \"effective_price\": 3}, {\"id\": 87, \"slug\": \"large\", \"label\": \"Large\", \"price_delta\": 1, \"menu_item_id\": 10, \"effective_price\": 3.5}], \"is_active\": 1, \"created_at\": \"2026-05-14 18:02:00\", \"image_path\": null, \"sort_order\": 2, \"updated_at\": \"2026-05-14 18:02:00\", \"category_id\": 2, \"description\": \"Latte creamy yang menyegarkan dengan es\", \"has_toppings\": false, \"has_variants\": true, \"is_available\": 1, \"max_toppings\": 0, \"min_toppings\": 0, \"category_name\": \"Kopi Dingin\", \"category_slug\": \"kopi-dingin\", \"effective_price\": \"2.50\", \"effective_available\": 1}, {\"id\": 11, \"name\": \"Cold Brew\", \"slug\": \"cold-brew\", \"price\": \"32000.00\", \"toppings\": [], \"variants\": [{\"id\": 88, \"slug\": \"small\", \"label\": \"Small\", \"price_delta\": 0, \"menu_item_id\": 11, \"effective_price\": 3}, {\"id\": 89, \"slug\": \"medium\", \"label\": \"Medium\", \"price_delta\": 0.5, \"menu_item_id\": 11, \"effective_price\": 3.5}, {\"id\": 90, \"slug\": \"large\", \"label\": \"Large\", \"price_delta\": 1, \"menu_item_id\": 11, \"effective_price\": 4}], \"is_active\": 1, \"created_at\": \"2026-05-14 18:02:00\", \"image_path\": null, \"sort_order\": 3, \"updated_at\": \"2026-05-14 18:02:00\", \"category_id\": 2, \"description\": \"Kopi diseduh dingin 12 jam, smooth & less bitter\", \"has_toppings\": false, \"has_variants\": true, \"is_available\": 1, \"max_toppings\": 0, \"min_toppings\": 0, \"category_name\": \"Kopi Dingin\", \"category_slug\": \"kopi-dingin\", \"effective_price\": \"3.00\", \"effective_available\": 1}, {\"id\": 12, \"name\": \"Es Kopi Susu\", \"slug\": \"es-kopi-susu\", \"price\": \"25000.00\", \"toppings\": [], \"variants\": [{\"id\": 91, \"slug\": \"small\", \"label\": \"Small\", \"price_delta\": 0, \"menu_item_id\": 12, \"effective_price\": 2.5}, {\"id\": 92, \"slug\": \"medium\", \"label\": \"Medium\", \"price_delta\": 0.5, \"menu_item_id\": 12, \"effective_price\": 3}, {\"id\": 93, \"slug\": \"large\", \"label\": \"Large\", \"price_delta\": 0.5, \"menu_item_id\": 12, \"effective_price\": 3}], \"is_active\": 1, \"created_at\": \"2026-05-14 18:02:00\", \"image_path\": null, \"sort_order\": 4, \"updated_at\": \"2026-05-14 18:02:00\", \"category_id\": 2, \"description\": \"Kopi susu khas Indonesia yang viral\", \"has_toppings\": false, \"has_variants\": true, \"is_available\": 1, \"max_toppings\": 0, \"min_toppings\": 0, \"category_name\": \"Kopi Dingin\", \"category_slug\": \"kopi-dingin\", \"effective_price\": \"2.50\", \"effective_available\": 1}, {\"id\": 13, \"name\": \"Vietnamese Coffee\", \"slug\": \"vietnamese-coffee\", \"price\": \"27000.00\", \"toppings\": [], \"variants\": [{\"id\": 94, \"slug\": \"small\", \"label\": \"Small\", \"price_delta\": 0, \"menu_item_id\": 13, \"effective_price\": 2.5}, {\"id\": 95, \"slug\": \"medium\", \"label\": \"Medium\", \"price_delta\": 0.5, \"menu_item_id\": 13, \"effective_price\": 3}, {\"id\": 96, \"slug\": \"large\", \"label\": \"Large\", \"price_delta\": 0.5, \"menu_item_id\": 13, \"effective_price\": 3}], \"is_active\": 1, \"created_at\": \"2026-05-14 18:02:00\", \"image_path\": null, \"sort_order\": 5, \"updated_at\": \"2026-05-14 18:02:00\", \"category_id\": 2, \"description\": \"Kopi kental dengan susu kental manis\", \"has_toppings\": false, \"has_variants\": true, \"is_available\": 1, \"max_toppings\": 0, \"min_toppings\": 0, \"category_name\": \"Kopi Dingin\", \"category_slug\": \"kopi-dingin\", \"effective_price\": \"2.50\", \"effective_available\": 1}, {\"id\": 14, \"name\": \"Caramel Frappé\", \"slug\": \"caramel-frappe\", \"price\": \"33000.00\", \"toppings\": [], \"variants\": [{\"id\": 112, \"slug\": \"regular\", \"label\": \"Regular\", \"price_delta\": 0, \"menu_item_id\": 14, \"effective_price\": 3}, {\"id\": 113, \"slug\": \"large\", \"label\": \"Large\", \"price_delta\": 0.5, \"menu_item_id\": 14, \"effective_price\": 3.5}], \"is_active\": 1, \"created_at\": \"2026-05-14 18:02:00\", \"image_path\": null, \"sort_order\": 6, \"updated_at\": \"2026-05-14 18:02:00\", \"category_id\": 2, \"description\": \"Blended coffee dengan karamel, creamy & manis\", \"has_toppings\": false, \"has_variants\": true, \"is_available\": 1, \"max_toppings\": 0, \"min_toppings\": 0, \"category_name\": \"Kopi Dingin\", \"category_slug\": \"kopi-dingin\", \"effective_price\": \"3.00\", \"effective_available\": 1}, {\"id\": 15, \"name\": \"Mocha Frappe\", \"slug\": \"mocha-frappe\", \"price\": \"33000.00\", \"toppings\": [], \"variants\": [{\"id\": 114, \"slug\": \"regular\", \"label\": \"Regular\", \"price_delta\": 0, \"menu_item_id\": 15, \"effective_price\": 3}, {\"id\": 115, \"slug\": \"large\", \"label\": \"Large\", \"price_delta\": 0.5, \"menu_item_id\": 15, \"effective_price\": 3.5}], \"is_active\": 1, \"created_at\": \"2026-05-14 18:02:00\", \"image_path\": null, \"sort_order\": 7, \"updated_at\": \"2026-05-14 18:02:00\", \"category_id\": 2, \"description\": \"Blended coffee dengan cokelat dan whipped cream\", \"has_toppings\": false, \"has_variants\": true, \"is_available\": 1, \"max_toppings\": 0, \"min_toppings\": 0, \"category_name\": \"Kopi Dingin\", \"category_slug\": \"kopi-dingin\", \"effective_price\": \"3.00\", \"effective_available\": 1}, {\"id\": 50, \"name\": \"Iced Cappuccino\", \"slug\": \"iced-cappuccino\", \"price\": \"27000.00\", \"toppings\": [], \"variants\": [], \"is_active\": 1, \"created_at\": \"2026-05-16 03:05:46\", \"image_path\": null, \"sort_order\": 8, \"updated_at\": \"2026-05-16 03:05:46\", \"category_id\": 2, \"description\": \"Cappuccino segar disajikan dingin dengan es batu yang berlimpah\", \"has_toppings\": false, \"has_variants\": false, \"is_available\": 1, \"max_toppings\": 0, \"min_toppings\": 0, \"category_name\": \"Kopi Dingin\", \"category_slug\": \"kopi-dingin\", \"effective_price\": \"2.50\", \"effective_available\": 1}, {\"id\": 51, \"name\": \"Iced Flat White\", \"slug\": \"iced-flat-white\", \"price\": \"30000.00\", \"toppings\": [], \"variants\": [], \"is_active\": 1, \"created_at\": \"2026-05-16 03:05:46\", \"image_path\": null, \"sort_order\": 9, \"updated_at\": \"2026-05-16 03:05:46\", \"category_id\": 2, \"description\": \"Flat white double shot dengan susu full cream dingin & es batu\", \"has_toppings\": false, \"has_variants\": false, \"is_available\": 1, \"max_toppings\": 0, \"min_toppings\": 0, \"category_name\": \"Kopi Dingin\", \"category_slug\": \"kopi-dingin\", \"effective_price\": \"2.50\", \"effective_available\": 1}, {\"id\": 52, \"name\": \"Iced Macchiato\", \"slug\": \"iced-macchiato\", \"price\": \"25000.00\", \"toppings\": [], \"variants\": [], \"is_active\": 1, \"created_at\": \"2026-05-16 03:05:46\", \"image_path\": null, \"sort_order\": 10, \"updated_at\": \"2026-05-16 03:05:46\", \"category_id\": 2, \"description\": \"Macchiato es berlapis, susu di bawah lalu espresso perlahan di atasnya\", \"has_toppings\": false, \"has_variants\": false, \"is_available\": 1, \"max_toppings\": 0, \"min_toppings\": 0, \"category_name\": \"Kopi Dingin\", \"category_slug\": \"kopi-dingin\", \"effective_price\": \"2.50\", \"effective_available\": 1}, {\"id\": 53, \"name\": \"Nitro Cold Brew\", \"slug\": \"nitro-cold-brew\", \"price\": \"38000.00\", \"toppings\": [], \"variants\": [], \"is_active\": 1, \"created_at\": \"2026-05-16 03:05:46\", \"image_path\": null, \"sort_order\": 11, \"updated_at\": \"2026-05-16 03:05:46\", \"category_id\": 2, \"description\": \"Cold brew dengan nitrogen — tekstur creamy tanpa susu, extremely smooth\", \"has_toppings\": false, \"has_variants\": false, \"is_available\": 1, \"max_toppings\": 0, \"min_toppings\": 0, \"category_name\": \"Kopi Dingin\", \"category_slug\": \"kopi-dingin\", \"effective_price\": \"3.50\", \"effective_available\": 1}, {\"id\": 54, \"name\": \"Cold Brew Tonic\", \"slug\": \"cold-brew-tonic\", \"price\": \"35000.00\", \"toppings\": [], \"variants\": [], \"is_active\": 1, \"created_at\": \"2026-05-16 03:05:46\", \"image_path\": null, \"sort_order\": 12, \"updated_at\": \"2026-05-16 03:05:46\", \"category_id\": 2, \"description\": \"Cold brew dicampur tonic water berbuih, segar dengan citrus notes\", \"has_toppings\": false, \"has_variants\": false, \"is_available\": 1, \"max_toppings\": 0, \"min_toppings\": 0, \"category_name\": \"Kopi Dingin\", \"category_slug\": \"kopi-dingin\", \"effective_price\": \"3.00\", \"effective_available\": 1}, {\"id\": 55, \"name\": \"Iced Hazelnut Latte\", \"slug\": \"iced-hazelnut-latte\", \"price\": \"32000.00\", \"toppings\": [], \"variants\": [], \"is_active\": 1, \"created_at\": \"2026-05-16 03:05:46\", \"image_path\": null, \"sort_order\": 13, \"updated_at\": \"2026-05-16 03:05:46\", \"category_id\": 2, \"description\": \"Latte hazelnut dingin, nutty & manis, sempurna untuk hari panas\", \"has_toppings\": false, \"has_variants\": false, \"is_available\": 1, \"max_toppings\": 0, \"min_toppings\": 0, \"category_name\": \"Kopi Dingin\", \"category_slug\": \"kopi-dingin\", \"effective_price\": \"3.00\", \"effective_available\": 1}, {\"id\": 56, \"name\": \"Iced Vanilla Latte\", \"slug\": \"iced-vanilla-latte\", \"price\": \"30000.00\", \"toppings\": [], \"variants\": [], \"is_active\": 1, \"created_at\": \"2026-05-16 03:05:46\", \"image_path\": null, \"sort_order\": 14, \"updated_at\": \"2026-05-16 03:05:46\", \"category_id\": 2, \"description\": \"Latte vanilla segar dengan es, fragrant & smooth di setiap tegukan\", \"has_toppings\": false, \"has_variants\": false, \"is_available\": 1, \"max_toppings\": 0, \"min_toppings\": 0, \"category_name\": \"Kopi Dingin\", \"category_slug\": \"kopi-dingin\", \"effective_price\": \"2.50\", \"effective_available\": 1}, {\"id\": 57, \"name\": \"Iced Caramel Latte\", \"slug\": \"iced-caramel-latte\", \"price\": \"31000.00\", \"toppings\": [], \"variants\": [], \"is_active\": 1, \"created_at\": \"2026-05-16 03:05:46\", \"image_path\": null, \"sort_order\": 15, \"updated_at\": \"2026-05-16 03:05:46\", \"category_id\": 2, \"description\": \"Latte karamel dingin dengan drizzle karamel di atas, manis & indulgent\", \"has_toppings\": false, \"has_variants\": false, \"is_available\": 1, \"max_toppings\": 0, \"min_toppings\": 0, \"category_name\": \"Kopi Dingin\", \"category_slug\": \"kopi-dingin\", \"effective_price\": \"3.00\", \"effective_available\": 1}, {\"id\": 58, \"name\": \"Iced Brown Sugar Latte\", \"slug\": \"iced-brown-sugar-latte\", \"price\": \"30000.00\", \"toppings\": [], \"variants\": [], \"is_active\": 1, \"created_at\": \"2026-05-16 03:05:46\", \"image_path\": null, \"sort_order\": 16, \"updated_at\": \"2026-05-16 03:05:46\", \"category_id\": 2, \"description\": \"Brown sugar latte dingin dengan cinnamon stick, manis alami & syrupy\", \"has_toppings\": false, \"has_variants\": false, \"is_available\": 1, \"max_toppings\": 0, \"min_toppings\": 0, \"category_name\": \"Kopi Dingin\", \"category_slug\": \"kopi-dingin\", \"effective_price\": \"2.50\", \"effective_available\": 1}, {\"id\": 59, \"name\": \"Iced Pandan Latte\", \"slug\": \"iced-pandan-latte\", \"price\": \"29000.00\", \"toppings\": [], \"variants\": [], \"is_active\": 1, \"created_at\": \"2026-05-16 03:05:46\", \"image_path\": null, \"sort_order\": 17, \"updated_at\": \"2026-05-16 03:05:46\", \"category_id\": 2, \"description\": \"Latte pandan segar, wangi khas & menyegarkan, green & tropical\", \"has_toppings\": false, \"has_variants\": false, \"is_available\": 1, \"max_toppings\": 0, \"min_toppings\": 0, \"category_name\": \"Kopi Dingin\", \"category_slug\": \"kopi-dingin\", \"effective_price\": \"2.50\", \"effective_available\": 1}, {\"id\": 60, \"name\": \"Iced Ube Latte\", \"slug\": \"iced-ube-latte\", \"price\": \"34000.00\", \"toppings\": [], \"variants\": [], \"is_active\": 1, \"created_at\": \"2026-05-16 03:05:46\", \"image_path\": null, \"sort_order\": 18, \"updated_at\": \"2026-05-16 03:05:46\", \"category_id\": 2, \"description\": \"Ube latte ungu cantik disajikan dengan es, creamy & Instagrammable\", \"has_toppings\": false, \"has_variants\": false, \"is_available\": 1, \"max_toppings\": 0, \"min_toppings\": 0, \"category_name\": \"Kopi Dingin\", \"category_slug\": \"kopi-dingin\", \"effective_price\": \"3.00\", \"effective_available\": 1}, {\"id\": 61, \"name\": \"Iced Lavender Latte\", \"slug\": \"iced-lavender-latte\", \"price\": \"32000.00\", \"toppings\": [], \"variants\": [], \"is_active\": 1, \"created_at\": \"2026-05-16 03:05:46\", \"image_path\": null, \"sort_order\": 19, \"updated_at\": \"2026-05-16 03:05:46\", \"category_id\": 2, \"description\": \"Lavender latte floral yang menyegarkan, perfect summer drink\", \"has_toppings\": false, \"has_variants\": false, \"is_available\": 1, \"max_toppings\": 0, \"min_toppings\": 0, \"category_name\": \"Kopi Dingin\", \"category_slug\": \"kopi-dingin\", \"effective_price\": \"3.00\", \"effective_available\": 1}, {\"id\": 62, \"name\": \"Es Kopi Gula Aren\", \"slug\": \"es-kopi-gula-aren\", \"price\": \"27000.00\", \"toppings\": [], \"variants\": [], \"is_active\": 1, \"created_at\": \"2026-05-16 03:05:46\", \"image_path\": null, \"sort_order\": 20, \"updated_at\": \"2026-05-16 03:05:46\", \"category_id\": 2, \"description\": \"Kopi gula aren asli disajikan dingin, manis legit khas Nusantara\", \"has_toppings\": false, \"has_variants\": false, \"is_available\": 1, \"max_toppings\": 0, \"min_toppings\": 0, \"category_name\": \"Kopi Dingin\", \"category_slug\": \"kopi-dingin\", \"effective_price\": \"2.50\", \"effective_available\": 1}, {\"id\": 63, \"name\": \"Iced Cortado\", \"slug\": \"iced-cortado\", \"price\": \"25000.00\", \"toppings\": [], \"variants\": [], \"is_active\": 1, \"created_at\": \"2026-05-16 03:05:46\", \"image_path\": null, \"sort_order\": 21, \"updated_at\": \"2026-05-16 03:05:46\", \"category_id\": 2, \"description\": \"Cortado segar dengan es batu, balance antara espresso & susu\", \"has_toppings\": false, \"has_variants\": false, \"is_available\": 1, \"max_toppings\": 0, \"min_toppings\": 0, \"category_name\": \"Kopi Dingin\", \"category_slug\": \"kopi-dingin\", \"effective_price\": \"2.50\", \"effective_available\": 1}, {\"id\": 64, \"name\": \"Coffee Tonic\", \"slug\": \"coffee-tonic\", \"price\": \"33000.00\", \"toppings\": [], \"variants\": [], \"is_active\": 1, \"created_at\": \"2026-05-16 03:05:46\", \"image_path\": null, \"sort_order\": 22, \"updated_at\": \"2026-05-16 03:05:46\", \"category_id\": 2, \"description\": \"Espresso & tonic water berbuih — kombinasi tak terduga yang addictive\", \"has_toppings\": false, \"has_variants\": false, \"is_available\": 1, \"max_toppings\": 0, \"min_toppings\": 0, \"category_name\": \"Kopi Dingin\", \"category_slug\": \"kopi-dingin\", \"effective_price\": \"3.00\", \"effective_available\": 1}, {\"id\": 65, \"name\": \"Iced Dirty Matcha\", \"slug\": \"iced-dirty-matcha\", \"price\": \"35000.00\", \"toppings\": [], \"variants\": [], \"is_active\": 1, \"created_at\": \"2026-05-16 03:05:46\", \"image_path\": null, \"sort_order\": 23, \"updated_at\": \"2026-05-16 03:05:46\", \"category_id\": 2, \"description\": \"Matcha latte dengan espresso shot di atasnya, double kick caffeine\", \"has_toppings\": false, \"has_variants\": false, \"is_available\": 1, \"max_toppings\": 0, \"min_toppings\": 0, \"category_name\": \"Kopi Dingin\", \"category_slug\": \"kopi-dingin\", \"effective_price\": \"3.00\", \"effective_available\": 1}, {\"id\": 66, \"name\": \"Dalgona Coffee\", \"slug\": \"dalgona-coffee\", \"price\": \"30000.00\", \"toppings\": [], \"variants\": [], \"is_active\": 1, \"created_at\": \"2026-05-16 03:05:46\", \"image_path\": null, \"sort_order\": 24, \"updated_at\": \"2026-05-16 03:05:46\", \"category_id\": 2, \"description\": \"Whipped coffee Korean style yang fluffy di atas susu dingin\", \"has_toppings\": false, \"has_variants\": false, \"is_available\": 1, \"max_toppings\": 0, \"min_toppings\": 0, \"category_name\": \"Kopi Dingin\", \"category_slug\": \"kopi-dingin\", \"effective_price\": \"2.50\", \"effective_available\": 1}, {\"id\": 67, \"name\": \"Iced Spanish Latte\", \"slug\": \"iced-spanish-latte\", \"price\": \"31000.00\", \"toppings\": [], \"variants\": [], \"is_active\": 1, \"created_at\": \"2026-05-16 03:05:46\", \"image_path\": null, \"sort_order\": 25, \"updated_at\": \"2026-05-16 03:05:46\", \"category_id\": 2, \"description\": \"Espresso dengan susu kental manis & susu segar, manis & very creamy\", \"has_toppings\": false, \"has_variants\": false, \"is_available\": 1, \"max_toppings\": 0, \"min_toppings\": 0, \"category_name\": \"Kopi Dingin\", \"category_slug\": \"kopi-dingin\", \"effective_price\": \"3.00\", \"effective_available\": 1}, {\"id\": 68, \"name\": \"Iced Coconut Latte\", \"slug\": \"iced-coconut-latte\", \"price\": \"32000.00\", \"toppings\": [], \"variants\": [], \"is_active\": 1, \"created_at\": \"2026-05-16 03:05:46\", \"image_path\": null, \"sort_order\": 26, \"updated_at\": \"2026-05-16 03:05:46\", \"category_id\": 2, \"description\": \"Latte dengan coconut milk, tropical, dairy-free & naturally sweet\", \"has_toppings\": false, \"has_variants\": false, \"is_available\": 1, \"max_toppings\": 0, \"min_toppings\": 0, \"category_name\": \"Kopi Dingin\", \"category_slug\": \"kopi-dingin\", \"effective_price\": \"3.00\", \"effective_available\": 1}, {\"id\": 69, \"name\": \"Es Kopi Susu Aren\", \"slug\": \"es-kopi-susu-aren\", \"price\": \"28000.00\", \"toppings\": [], \"variants\": [], \"is_active\": 1, \"created_at\": \"2026-05-16 03:05:46\", \"image_path\": null, \"sort_order\": 27, \"updated_at\": \"2026-05-16 03:05:46\", \"category_id\": 2, \"description\": \"Es kopi susu dengan gula aren murni — upgrade dari versi gula biasa\", \"has_toppings\": false, \"has_variants\": false, \"is_available\": 1, \"max_toppings\": 0, \"min_toppings\": 0, \"category_name\": \"Kopi Dingin\", \"category_slug\": \"kopi-dingin\", \"effective_price\": \"2.50\", \"effective_available\": 1}, {\"id\": 16, \"name\": \"Matcha Latte\", \"slug\": \"matcha-latte\", \"price\": \"28000.00\", \"toppings\": [], \"variants\": [{\"id\": 97, \"slug\": \"small\", \"label\": \"Small\", \"price_delta\": 0, \"menu_item_id\": 16, \"effective_price\": 2.5}, {\"id\": 98, \"slug\": \"medium\", \"label\": \"Medium\", \"price_delta\": 0.5, \"menu_item_id\": 16, \"effective_price\": 3}, {\"id\": 99, \"slug\": \"large\", \"label\": \"Large\", \"price_delta\": 1, \"menu_item_id\": 16, \"effective_price\": 3.5}], \"is_active\": 1, \"created_at\": \"2026-05-14 18:02:00\", \"image_path\": null, \"sort_order\": 1, \"updated_at\": \"2026-05-14 18:02:00\", \"category_id\": 3, \"description\": \"Green tea Jepang dengan steamed milk, creamy & earthy\", \"has_toppings\": false, \"has_variants\": true, \"is_available\": 1, \"max_toppings\": 0, \"min_toppings\": 0, \"category_name\": \"Non Kopi\", \"category_slug\": \"non-kopi\", \"effective_price\": \"2.50\", \"effective_available\": 1}, {\"id\": 17, \"name\": \"Chocolate\", \"slug\": \"chocolate\", \"price\": \"25000.00\", \"toppings\": [], \"variants\": [{\"id\": 100, \"slug\": \"small\", \"label\": \"Small\", \"price_delta\": 0, \"menu_item_id\": 17, \"effective_price\": 2.5}, {\"id\": 101, \"slug\": \"medium\", \"label\": \"Medium\", \"price_delta\": 0.5, \"menu_item_id\": 17, \"effective_price\": 3}, {\"id\": 102, \"slug\": \"large\", \"label\": \"Large\", \"price_delta\": 1, \"menu_item_id\": 17, \"effective_price\": 3.5}], \"is_active\": 1, \"created_at\": \"2026-05-14 18:02:00\", \"image_path\": null, \"sort_order\": 2, \"updated_at\": \"2026-05-14 18:02:00\", \"category_id\": 3, \"description\": \"Rich hot chocolate yang mewah\", \"has_toppings\": false, \"has_variants\": true, \"is_available\": 1, \"max_toppings\": 0, \"min_toppings\": 0, \"category_name\": \"Non Kopi\", \"category_slug\": \"non-kopi\", \"effective_price\": \"2.50\", \"effective_available\": 1}, {\"id\": 18, \"name\": \"Teh Tarik\", \"slug\": \"teh-tarik\", \"price\": \"20000.00\", \"toppings\": [], \"variants\": [{\"id\": 103, \"slug\": \"small\", \"label\": \"Small\", \"price_delta\": 0, \"menu_item_id\": 18, \"effective_price\": 2}, {\"id\": 104, \"slug\": \"medium\", \"label\": \"Medium\", \"price_delta\": 0.5, \"menu_item_id\": 18, \"effective_price\": 2.5}, {\"id\": 105, \"slug\": \"large\", \"label\": \"Large\", \"price_delta\": 0.5, \"menu_item_id\": 18, \"effective_price\": 2.5}], \"is_active\": 1, \"created_at\": \"2026-05-14 18:02:00\", \"image_path\": null, \"sort_order\": 3, \"updated_at\": \"2026-05-14 18:02:00\", \"category_id\": 3, \"description\": \"Teh Malaysia classic yang creamy\", \"has_toppings\": false, \"has_variants\": true, \"is_available\": 1, \"max_toppings\": 0, \"min_toppings\": 0, \"category_name\": \"Non Kopi\", \"category_slug\": \"non-kopi\", \"effective_price\": \"2.00\", \"effective_available\": 1}, {\"id\": 19, \"name\": \"Strawberry Smoothie\", \"slug\": \"strawberry-smoothie\", \"price\": \"30000.00\", \"toppings\": [], \"variants\": [{\"id\": 106, \"slug\": \"small\", \"label\": \"Small\", \"price_delta\": 0, \"menu_item_id\": 19, \"effective_price\": 2.5}, {\"id\": 107, \"slug\": \"medium\", \"label\": \"Medium\", \"price_delta\": 0.5, \"menu_item_id\": 19, \"effective_price\": 3}, {\"id\": 108, \"slug\": \"large\", \"label\": \"Large\", \"price_delta\": 1, \"menu_item_id\": 19, \"effective_price\": 3.5}], \"is_active\": 1, \"created_at\": \"2026-05-14 18:02:00\", \"image_path\": null, \"sort_order\": 4, \"updated_at\": \"2026-05-14 18:02:00\", \"category_id\": 3, \"description\": \"Smoothie stroberi segar dengan yogurt\", \"has_toppings\": false, \"has_variants\": true, \"is_available\": 1, \"max_toppings\": 0, \"min_toppings\": 0, \"category_name\": \"Non Kopi\", \"category_slug\": \"non-kopi\", \"effective_price\": \"2.50\", \"effective_available\": 1}, {\"id\": 20, \"name\": \"Lemon Tea\", \"slug\": \"lemon-tea\", \"price\": \"18000.00\", \"toppings\": [], \"variants\": [{\"id\": 109, \"slug\": \"small\", \"label\": \"Small\", \"price_delta\": 0, \"menu_item_id\": 20, \"effective_price\": 1.5}, {\"id\": 110, \"slug\": \"medium\", \"label\": \"Medium\", \"price_delta\": 0.5, \"menu_item_id\": 20, \"effective_price\": 2}, {\"id\": 111, \"slug\": \"large\", \"label\": \"Large\", \"price_delta\": 0.5, \"menu_item_id\": 20, \"effective_price\": 2}], \"is_active\": 1, \"created_at\": \"2026-05-14 18:02:00\", \"image_path\": null, \"sort_order\": 5, \"updated_at\": \"2026-05-14 18:02:00\", \"category_id\": 3, \"description\": \"Teh lemon segar, cocok untuk cuaca panas\", \"has_toppings\": false, \"has_variants\": true, \"is_available\": 1, \"max_toppings\": 0, \"min_toppings\": 0, \"category_name\": \"Non Kopi\", \"category_slug\": \"non-kopi\", \"effective_price\": \"1.50\", \"effective_available\": 1}, {\"id\": 70, \"name\": \"Iced Matcha Latte\", \"slug\": \"iced-matcha-latte\", \"price\": \"30000.00\", \"toppings\": [], \"variants\": [], \"is_active\": 1, \"created_at\": \"2026-05-16 03:05:46\", \"image_path\": null, \"sort_order\": 6, \"updated_at\": \"2026-05-16 03:05:46\", \"category_id\": 3, \"description\": \"Matcha latte Jepang disajikan dingin, earthy & refreshing\", \"has_toppings\": false, \"has_variants\": false, \"is_available\": 1, \"max_toppings\": 0, \"min_toppings\": 0, \"category_name\": \"Non Kopi\", \"category_slug\": \"non-kopi\", \"effective_price\": \"2.50\", \"effective_available\": 1}, {\"id\": 71, \"name\": \"Matcha Frappe\", \"slug\": \"matcha-frappe\", \"price\": \"32000.00\", \"toppings\": [], \"variants\": [], \"is_active\": 1, \"created_at\": \"2026-05-16 03:05:46\", \"image_path\": null, \"sort_order\": 7, \"updated_at\": \"2026-05-16 03:05:46\", \"category_id\": 3, \"description\": \"Blended matcha dengan milk & es batu, thick, creamy & intense\", \"has_toppings\": false, \"has_variants\": false, \"is_available\": 1, \"max_toppings\": 0, \"min_toppings\": 0, \"category_name\": \"Non Kopi\", \"category_slug\": \"non-kopi\", \"effective_price\": \"3.00\", \"effective_available\": 1}, {\"id\": 72, \"name\": \"Hojicha Latte\", \"slug\": \"hojicha-latte\", \"price\": \"28000.00\", \"toppings\": [], \"variants\": [], \"is_active\": 1, \"created_at\": \"2026-05-16 03:05:46\", \"image_path\": null, \"sort_order\": 8, \"updated_at\": \"2026-05-16 03:05:46\", \"category_id\": 3, \"description\": \"Teh hijau panggang Jepang, roasty & nutty, less caffeine & very comforting\", \"has_toppings\": false, \"has_variants\": false, \"is_available\": 1, \"max_toppings\": 0, \"min_toppings\": 0, \"category_name\": \"Non Kopi\", \"category_slug\": \"non-kopi\", \"effective_price\": \"2.50\", \"effective_available\": 1}, {\"id\": 73, \"name\": \"Iced Hojicha Latte\", \"slug\": \"iced-hojicha-latte\", \"price\": \"29000.00\", \"toppings\": [], \"variants\": [], \"is_active\": 1, \"created_at\": \"2026-05-16 03:05:46\", \"image_path\": null, \"sort_order\": 9, \"updated_at\": \"2026-05-16 03:05:46\", \"category_id\": 3, \"description\": \"Hojicha latte segar disajikan dingin, roasty & slightly sweet\", \"has_toppings\": false, \"has_variants\": false, \"is_available\": 1, \"max_toppings\": 0, \"min_toppings\": 0, \"category_name\": \"Non Kopi\", \"category_slug\": \"non-kopi\", \"effective_price\": \"2.50\", \"effective_available\": 1}, {\"id\": 74, \"name\": \"Taro Latte\", \"slug\": \"taro-latte\", \"price\": \"30000.00\", \"toppings\": [], \"variants\": [], \"is_active\": 1, \"created_at\": \"2026-05-16 03:05:46\", \"image_path\": null, \"sort_order\": 10, \"updated_at\": \"2026-05-16 03:05:46\", \"category_id\": 3, \"description\": \"Latte dengan keladi ungu Filipina, creamy, manis alami & berwarna cantik\", \"has_toppings\": false, \"has_variants\": false, \"is_available\": 1, \"max_toppings\": 0, \"min_toppings\": 0, \"category_name\": \"Non Kopi\", \"category_slug\": \"non-kopi\", \"effective_price\": \"2.50\", \"effective_available\": 1}, {\"id\": 75, \"name\": \"Iced Taro Latte\", \"slug\": \"iced-taro-latte\", \"price\": \"31000.00\", \"toppings\": [], \"variants\": [], \"is_active\": 1, \"created_at\": \"2026-05-16 03:05:46\", \"image_path\": null, \"sort_order\": 11, \"updated_at\": \"2026-05-16 03:05:46\", \"category_id\": 3, \"description\": \"Taro latte ungu cantik disajikan dingin, smooth & tropical\", \"has_toppings\": false, \"has_variants\": false, \"is_available\": 1, \"max_toppings\": 0, \"min_toppings\": 0, \"category_name\": \"Non Kopi\", \"category_slug\": \"non-kopi\", \"effective_price\": \"3.00\", \"effective_available\": 1}, {\"id\": 76, \"name\": \"Butterfly Pea Latte\", \"slug\": \"butterfly-pea-latte\", \"price\": \"28000.00\", \"toppings\": [], \"variants\": [], \"is_active\": 1, \"created_at\": \"2026-05-16 03:05:46\", \"image_path\": null, \"sort_order\": 12, \"updated_at\": \"2026-05-16 03:05:46\", \"category_id\": 3, \"description\": \"Latte dengan bunga telang biru, warna indah & unik — berubah ungu dengan lemon\", \"has_toppings\": false, \"has_variants\": false, \"is_available\": 1, \"max_toppings\": 0, \"min_toppings\": 0, \"category_name\": \"Non Kopi\", \"category_slug\": \"non-kopi\", \"effective_price\": \"2.50\", \"effective_available\": 1}, {\"id\": 77, \"name\": \"Iced Chocolate\", \"slug\": \"iced-chocolate\", \"price\": \"27000.00\", \"toppings\": [], \"variants\": [], \"is_active\": 1, \"created_at\": \"2026-05-16 03:05:46\", \"image_path\": null, \"sort_order\": 13, \"updated_at\": \"2026-05-16 03:05:46\", \"category_id\": 3, \"description\": \"Rich dark chocolate milk dingin dengan es batu, indulgent & refreshing\", \"has_toppings\": false, \"has_variants\": false, \"is_available\": 1, \"max_toppings\": 0, \"min_toppings\": 0, \"category_name\": \"Non Kopi\", \"category_slug\": \"non-kopi\", \"effective_price\": \"2.50\", \"effective_available\": 1}, {\"id\": 78, \"name\": \"Chocolate Frappe\", \"slug\": \"chocolate-frappe\", \"price\": \"33000.00\", \"toppings\": [], \"variants\": [], \"is_active\": 1, \"created_at\": \"2026-05-16 03:05:46\", \"image_path\": null, \"sort_order\": 14, \"updated_at\": \"2026-05-16 03:05:46\", \"category_id\": 3, \"description\": \"Blended chocolate dengan whipped cream & chocolate drizzle, pure indulgence\", \"has_toppings\": false, \"has_variants\": false, \"is_available\": 1, \"max_toppings\": 0, \"min_toppings\": 0, \"category_name\": \"Non Kopi\", \"category_slug\": \"non-kopi\", \"effective_price\": \"3.00\", \"effective_available\": 1}, {\"id\": 79, \"name\": \"Milo Dinosaur\", \"slug\": \"milo-dinosaur\", \"price\": \"25000.00\", \"toppings\": [], \"variants\": [], \"is_active\": 1, \"created_at\": \"2026-05-16 03:05:46\", \"image_path\": null, \"sort_order\": 15, \"updated_at\": \"2026-05-16 03:05:46\", \"category_id\": 3, \"description\": \"Milo iced dengan taburan Milo bubuk yang banyak di atasnya — legendary\", \"has_toppings\": false, \"has_variants\": false, \"is_available\": 1, \"max_toppings\": 0, \"min_toppings\": 0, \"category_name\": \"Non Kopi\", \"category_slug\": \"non-kopi\", \"effective_price\": \"2.50\", \"effective_available\": 1}, {\"id\": 80, \"name\": \"Avocado Smoothie\", \"slug\": \"avocado-smoothie\", \"price\": \"32000.00\", \"toppings\": [], \"variants\": [], \"is_active\": 1, \"created_at\": \"2026-05-16 03:05:46\", \"image_path\": null, \"sort_order\": 16, \"updated_at\": \"2026-05-16 03:05:46\", \"category_id\": 3, \"description\": \"Smoothie alpukat segar dengan susu full cream & sedikit madu, creamy & healthy\", \"has_toppings\": false, \"has_variants\": false, \"is_available\": 1, \"max_toppings\": 0, \"min_toppings\": 0, \"category_name\": \"Non Kopi\", \"category_slug\": \"non-kopi\", \"effective_price\": \"3.00\", \"effective_available\": 1}, {\"id\": 81, \"name\": \"Mango Smoothie\", \"slug\": \"mango-smoothie\", \"price\": \"30000.00\", \"toppings\": [], \"variants\": [], \"is_active\": 1, \"created_at\": \"2026-05-16 03:05:46\", \"image_path\": null, \"sort_order\": 17, \"updated_at\": \"2026-05-16 03:05:46\", \"category_id\": 3, \"description\": \"Smoothie mangga harum & segar dari buah mangga asli, tropical vibes\", \"has_toppings\": false, \"has_variants\": false, \"is_available\": 1, \"max_toppings\": 0, \"min_toppings\": 0, \"category_name\": \"Non Kopi\", \"category_slug\": \"non-kopi\", \"effective_price\": \"2.50\", \"effective_available\": 1}, {\"id\": 82, \"name\": \"Chai Latte\", \"slug\": \"chai-latte\", \"price\": \"27000.00\", \"toppings\": [], \"variants\": [], \"is_active\": 1, \"created_at\": \"2026-05-16 03:05:46\", \"image_path\": null, \"sort_order\": 18, \"updated_at\": \"2026-05-16 03:05:46\", \"category_id\": 3, \"description\": \"Teh masala India dengan kayu manis, jahe, kapulaga & steamed milk, spicy warm\", \"has_toppings\": false, \"has_variants\": false, \"is_available\": 1, \"max_toppings\": 0, \"min_toppings\": 0, \"category_name\": \"Non Kopi\", \"category_slug\": \"non-kopi\", \"effective_price\": \"2.50\", \"effective_available\": 1}, {\"id\": 83, \"name\": \"Iced Chai Latte\", \"slug\": \"iced-chai-latte\", \"price\": \"28000.00\", \"toppings\": [], \"variants\": [], \"is_active\": 1, \"created_at\": \"2026-05-16 03:05:46\", \"image_path\": null, \"sort_order\": 19, \"updated_at\": \"2026-05-16 03:05:46\", \"category_id\": 3, \"description\": \"Chai latte rempah disajikan dingin, spicy & refreshing, summer favourite\", \"has_toppings\": false, \"has_variants\": false, \"is_available\": 1, \"max_toppings\": 0, \"min_toppings\": 0, \"category_name\": \"Non Kopi\", \"category_slug\": \"non-kopi\", \"effective_price\": \"2.50\", \"effective_available\": 1}, {\"id\": 84, \"name\": \"Pandan Susu\", \"slug\": \"pandan-susu\", \"price\": \"25000.00\", \"toppings\": [], \"variants\": [], \"is_active\": 1, \"created_at\": \"2026-05-16 03:05:46\", \"image_path\": null, \"sort_order\": 20, \"updated_at\": \"2026-05-16 03:05:46\", \"category_id\": 3, \"description\": \"Susu segar dengan pandan lokal — tanpa kopi, sweet, fragrant & soothing\", \"has_toppings\": false, \"has_variants\": false, \"is_available\": 1, \"max_toppings\": 0, \"min_toppings\": 0, \"category_name\": \"Non Kopi\", \"category_slug\": \"non-kopi\", \"effective_price\": \"2.50\", \"effective_available\": 1}, {\"id\": 85, \"name\": \"Iced Thai Tea\", \"slug\": \"iced-thai-tea\", \"price\": \"25000.00\", \"toppings\": [], \"variants\": [], \"is_active\": 1, \"created_at\": \"2026-05-16 03:05:46\", \"image_path\": null, \"sort_order\": 21, \"updated_at\": \"2026-05-16 03:05:46\", \"category_id\": 3, \"description\": \"Teh Thailand khas dengan susu evaporasi bergula, manis & creamy\", \"has_toppings\": false, \"has_variants\": false, \"is_available\": 1, \"max_toppings\": 0, \"min_toppings\": 0, \"category_name\": \"Non Kopi\", \"category_slug\": \"non-kopi\", \"effective_price\": \"2.50\", \"effective_available\": 1}, {\"id\": 86, \"name\": \"Banana Smoothie\", \"slug\": \"banana-smoothie\", \"price\": \"28000.00\", \"toppings\": [], \"variants\": [], \"is_active\": 1, \"created_at\": \"2026-05-16 03:05:46\", \"image_path\": null, \"sort_order\": 22, \"updated_at\": \"2026-05-16 03:05:46\", \"category_id\": 3, \"description\": \"Smoothie pisang creamy dengan susu & madu, natural energy booster\", \"has_toppings\": false, \"has_variants\": false, \"is_available\": 1, \"max_toppings\": 0, \"min_toppings\": 0, \"category_name\": \"Non Kopi\", \"category_slug\": \"non-kopi\", \"effective_price\": \"2.50\", \"effective_available\": 1}, {\"id\": 87, \"name\": \"Red Velvet Latte\", \"slug\": \"red-velvet-latte\", \"price\": \"30000.00\", \"toppings\": [], \"variants\": [], \"is_active\": 1, \"created_at\": \"2026-05-16 03:05:46\", \"image_path\": null, \"sort_order\": 23, \"updated_at\": \"2026-05-16 03:05:46\", \"category_id\": 3, \"description\": \"Latte dengan red velvet flavour, creamy & indulgent, rich colour\", \"has_toppings\": false, \"has_variants\": false, \"is_available\": 1, \"max_toppings\": 0, \"min_toppings\": 0, \"category_name\": \"Non Kopi\", \"category_slug\": \"non-kopi\", \"effective_price\": \"2.50\", \"effective_available\": 1}, {\"id\": 88, \"name\": \"Iced Teh Tarik\", \"slug\": \"iced-teh-tarik\", \"price\": \"22000.00\", \"toppings\": [], \"variants\": [], \"is_active\": 1, \"created_at\": \"2026-05-16 03:05:46\", \"image_path\": null, \"sort_order\": 24, \"updated_at\": \"2026-05-16 03:05:46\", \"category_id\": 3, \"description\": \"Teh tarik khas Malaysia disajikan dingin & segar, creamy & refreshing\", \"has_toppings\": false, \"has_variants\": false, \"is_available\": 1, \"max_toppings\": 0, \"min_toppings\": 0, \"category_name\": \"Non Kopi\", \"category_slug\": \"non-kopi\", \"effective_price\": \"2.00\", \"effective_available\": 1}, {\"id\": 89, \"name\": \"Coconut Water Fresh\", \"slug\": \"coconut-water-fresh\", \"price\": \"28000.00\", \"toppings\": [], \"variants\": [], \"is_active\": 1, \"created_at\": \"2026-05-16 03:05:46\", \"image_path\": null, \"sort_order\": 25, \"updated_at\": \"2026-05-16 03:05:46\", \"category_id\": 3, \"description\": \"Air kelapa muda segar langsung dari buahnya, natural & hydrating\", \"has_toppings\": false, \"has_variants\": false, \"is_available\": 1, \"max_toppings\": 0, \"min_toppings\": 0, \"category_name\": \"Non Kopi\", \"category_slug\": \"non-kopi\", \"effective_price\": \"2.50\", \"effective_available\": 1}, {\"id\": 21, \"name\": \"Croissant\", \"slug\": \"croissant\", \"price\": \"22000.00\", \"toppings\": [], \"variants\": [], \"is_active\": 1, \"created_at\": \"2026-05-14 18:02:00\", \"image_path\": null, \"sort_order\": 1, \"updated_at\": \"2026-05-14 18:02:00\", \"category_id\": 4, \"description\": \"Croissant butter lembut & renyah dari oven\", \"has_toppings\": false, \"has_variants\": false, \"is_available\": 1, \"max_toppings\": 0, \"min_toppings\": 0, \"category_name\": \"Cemilan\", \"category_slug\": \"cemilan\", \"effective_price\": \"2.00\", \"effective_available\": 1}, {\"id\": 22, \"name\": \"Banana Bread\", \"slug\": \"banana-bread\", \"price\": \"25000.00\", \"toppings\": [], \"variants\": [], \"is_active\": 1, \"created_at\": \"2026-05-14 18:02:00\", \"image_path\": null, \"sort_order\": 2, \"updated_at\": \"2026-05-14 18:02:00\", \"category_id\": 4, \"description\": \"Roti pisang moist dengan walnuts\", \"has_toppings\": false, \"has_variants\": false, \"is_available\": 1, \"max_toppings\": 0, \"min_toppings\": 0, \"category_name\": \"Cemilan\", \"category_slug\": \"cemilan\", \"effective_price\": \"2.50\", \"effective_available\": 1}, {\"id\": 23, \"name\": \"Cheese Cake Slice\", \"slug\": \"cheese-cake-slice\", \"price\": \"32000.00\", \"toppings\": [], \"variants\": [], \"is_active\": 1, \"created_at\": \"2026-05-14 18:02:00\", \"image_path\": null, \"sort_order\": 3, \"updated_at\": \"2026-05-14 18:02:00\", \"category_id\": 4, \"description\": \"Slice cheesecake original New York style\", \"has_toppings\": false, \"has_variants\": false, \"is_available\": 1, \"max_toppings\": 0, \"min_toppings\": 0, \"category_name\": \"Cemilan\", \"category_slug\": \"cemilan\", \"effective_price\": \"3.00\", \"effective_available\": 1}, {\"id\": 24, \"name\": \"Cookies Assorted\", \"slug\": \"cookies-assorted\", \"price\": \"20000.00\", \"toppings\": [], \"variants\": [{\"id\": 116, \"slug\": \"regular\", \"label\": \"Regular\", \"price_delta\": 0, \"menu_item_id\": 24, \"effective_price\": 2}, {\"id\": 117, \"slug\": \"large\", \"label\": \"Large\", \"price_delta\": 1, \"menu_item_id\": 24, \"effective_price\": 3}], \"is_active\": 1, \"created_at\": \"2026-05-14 18:02:00\", \"image_path\": null, \"sort_order\": 4, \"updated_at\": \"2026-05-14 18:02:00\", \"category_id\": 4, \"description\": \"Mixed cookies: chocolate chip, oatmeal, peanut butter\", \"has_toppings\": false, \"has_variants\": true, \"is_available\": 1, \"max_toppings\": 0, \"min_toppings\": 0, \"category_name\": \"Cemilan\", \"category_slug\": \"cemilan\", \"effective_price\": \"2.00\", \"effective_available\": 1}, {\"id\": 25, \"name\": \"Sandwich Club\", \"slug\": \"sandwich-club\", \"price\": \"35000.00\", \"toppings\": [], \"variants\": [], \"is_active\": 1, \"created_at\": \"2026-05-14 18:02:00\", \"image_path\": null, \"sort_order\": 5, \"updated_at\": \"2026-05-14 18:02:00\", \"category_id\": 4, \"description\": \"Sandwich ayam, keju, selada & tomat\", \"has_toppings\": false, \"has_variants\": false, \"is_available\": 1, \"max_toppings\": 0, \"min_toppings\": 0, \"category_name\": \"Cemilan\", \"category_slug\": \"cemilan\", \"effective_price\": \"3.00\", \"effective_available\": 1}, {\"id\": 26, \"name\": \"French Fries\", \"slug\": \"french-fries\", \"price\": \"25000.00\", \"toppings\": [], \"variants\": [{\"id\": 118, \"slug\": \"regular\", \"label\": \"Regular\", \"price_delta\": 0, \"menu_item_id\": 26, \"effective_price\": 2.5}, {\"id\": 119, \"slug\": \"large\", \"label\": \"Large\", \"price_delta\": 1, \"menu_item_id\": 26, \"effective_price\": 3.5}], \"is_active\": 1, \"created_at\": \"2026-05-14 18:02:00\", \"image_path\": null, \"sort_order\": 6, \"updated_at\": \"2026-05-14 18:02:00\", \"category_id\": 4, \"description\": \"Kentang goreng crispy dengan saus\", \"has_toppings\": false, \"has_variants\": true, \"is_available\": 1, \"max_toppings\": 0, \"min_toppings\": 0, \"category_name\": \"Cemilan\", \"category_slug\": \"cemilan\", \"effective_price\": \"2.50\", \"effective_available\": 1}, {\"id\": 90, \"name\": \"Roti Bakar Cokelat Keju\", \"slug\": \"roti-bakar-cokelat-keju\", \"price\": \"25000.00\", \"toppings\": [], \"variants\": [], \"is_active\": 1, \"created_at\": \"2026-05-16 03:05:46\", \"image_path\": null, \"sort_order\": 7, \"updated_at\": \"2026-05-16 03:05:46\", \"category_id\": 4, \"description\": \"Roti bakar tebal dengan lelehan cokelat & keju mozzarella, comfort food sejati\", \"has_toppings\": false, \"has_variants\": false, \"is_available\": 1, \"max_toppings\": 0, \"min_toppings\": 0, \"category_name\": \"Cemilan\", \"category_slug\": \"cemilan\", \"effective_price\": \"2.50\", \"effective_available\": 1}, {\"id\": 91, \"name\": \"Roti Bakar Pandan Keju\", \"slug\": \"roti-bakar-pandan-keju\", \"price\": \"23000.00\", \"toppings\": [], \"variants\": [], \"is_active\": 1, \"created_at\": \"2026-05-16 03:05:46\", \"image_path\": null, \"sort_order\": 8, \"updated_at\": \"2026-05-16 03:05:46\", \"category_id\": 4, \"description\": \"Roti bakar dengan selai pandan wangi & parutan keju di atasnya\", \"has_toppings\": false, \"has_variants\": false, \"is_available\": 1, \"max_toppings\": 0, \"min_toppings\": 0, \"category_name\": \"Cemilan\", \"category_slug\": \"cemilan\", \"effective_price\": \"2.00\", \"effective_available\": 1}, {\"id\": 92, \"name\": \"Waffle Original\", \"slug\": \"waffle-original\", \"price\": \"32000.00\", \"toppings\": [], \"variants\": [], \"is_active\": 1, \"created_at\": \"2026-05-16 03:05:46\", \"image_path\": null, \"sort_order\": 9, \"updated_at\": \"2026-05-16 03:05:46\", \"category_id\": 4, \"description\": \"Waffle crispy di luar, lembut di dalam dengan butter & maple syrup\", \"has_toppings\": false, \"has_variants\": false, \"is_available\": 1, \"max_toppings\": 0, \"min_toppings\": 0, \"category_name\": \"Cemilan\", \"category_slug\": \"cemilan\", \"effective_price\": \"3.00\", \"effective_available\": 1}, {\"id\": 93, \"name\": \"Waffle Cokelat Keju\", \"slug\": \"waffle-cokelat-keju\", \"price\": \"35000.00\", \"toppings\": [], \"variants\": [], \"is_active\": 1, \"created_at\": \"2026-05-16 03:05:46\", \"image_path\": null, \"sort_order\": 10, \"updated_at\": \"2026-05-16 03:05:46\", \"category_id\": 4, \"description\": \"Waffle dengan topping cokelat premium & keju parut yang melimpah\", \"has_toppings\": false, \"has_variants\": false, \"is_available\": 1, \"max_toppings\": 0, \"min_toppings\": 0, \"category_name\": \"Cemilan\", \"category_slug\": \"cemilan\", \"effective_price\": \"3.00\", \"effective_available\": 1}, {\"id\": 94, \"name\": \"Pancake Stack\", \"slug\": \"pancake-stack\", \"price\": \"35000.00\", \"toppings\": [], \"variants\": [], \"is_active\": 1, \"created_at\": \"2026-05-16 03:05:46\", \"image_path\": null, \"sort_order\": 11, \"updated_at\": \"2026-05-16 03:05:46\", \"category_id\": 4, \"description\": \"Stack 3 pancake fluffy & thick dengan maple syrup & whipped cream\", \"has_toppings\": false, \"has_variants\": false, \"is_available\": 1, \"max_toppings\": 0, \"min_toppings\": 0, \"category_name\": \"Cemilan\", \"category_slug\": \"cemilan\", \"effective_price\": \"3.00\", \"effective_available\": 1}, {\"id\": 95, \"name\": \"Muffin Blueberry\", \"slug\": \"muffin-blueberry\", \"price\": \"22000.00\", \"toppings\": [], \"variants\": [], \"is_active\": 1, \"created_at\": \"2026-05-16 03:05:46\", \"image_path\": null, \"sort_order\": 12, \"updated_at\": \"2026-05-16 03:05:46\", \"category_id\": 4, \"description\": \"Muffin moist dengan blueberry segar yang burst di setiap gigitan\", \"has_toppings\": false, \"has_variants\": false, \"is_available\": 1, \"max_toppings\": 0, \"min_toppings\": 0, \"category_name\": \"Cemilan\", \"category_slug\": \"cemilan\", \"effective_price\": \"2.00\", \"effective_available\": 1}, {\"id\": 96, \"name\": \"Muffin Choco Chip\", \"slug\": \"muffin-choco-chip\", \"price\": \"22000.00\", \"toppings\": [], \"variants\": [], \"is_active\": 1, \"created_at\": \"2026-05-16 03:05:46\", \"image_path\": null, \"sort_order\": 13, \"updated_at\": \"2026-05-16 03:05:46\", \"category_id\": 4, \"description\": \"Muffin cokelat dengan chocolate chips premium yang melimpah\", \"has_toppings\": false, \"has_variants\": false, \"is_available\": 1, \"max_toppings\": 0, \"min_toppings\": 0, \"category_name\": \"Cemilan\", \"category_slug\": \"cemilan\", \"effective_price\": \"2.00\", \"effective_available\": 1}, {\"id\": 97, \"name\": \"Donat Glazur\", \"slug\": \"donat-glazur\", \"price\": \"18000.00\", \"toppings\": [], \"variants\": [], \"is_active\": 1, \"created_at\": \"2026-05-16 03:05:46\", \"image_path\": null, \"sort_order\": 14, \"updated_at\": \"2026-05-16 03:05:46\", \"category_id\": 4, \"description\": \"Donat lembut dengan glazur gula putih klasik, soft & pillowy\", \"has_toppings\": false, \"has_variants\": false, \"is_available\": 1, \"max_toppings\": 0, \"min_toppings\": 0, \"category_name\": \"Cemilan\", \"category_slug\": \"cemilan\", \"effective_price\": \"1.50\", \"effective_available\": 1}, {\"id\": 98, \"name\": \"Donat Cokelat Keju\", \"slug\": \"donat-cokelat-keju\", \"price\": \"22000.00\", \"toppings\": [], \"variants\": [], \"is_active\": 1, \"created_at\": \"2026-05-16 03:05:46\", \"image_path\": null, \"sort_order\": 15, \"updated_at\": \"2026-05-16 03:05:46\", \"category_id\": 4, \"description\": \"Donat dengan topping cokelat & taburan keju parut, sweet & savory\", \"has_toppings\": false, \"has_variants\": false, \"is_available\": 1, \"max_toppings\": 0, \"min_toppings\": 0, \"category_name\": \"Cemilan\", \"category_slug\": \"cemilan\", \"effective_price\": \"2.00\", \"effective_available\": 1}, {\"id\": 99, \"name\": \"Brownies Fudgy\", \"slug\": \"brownies-fudgy\", \"price\": \"25000.00\", \"toppings\": [], \"variants\": [], \"is_active\": 1, \"created_at\": \"2026-05-16 03:05:46\", \"image_path\": null, \"sort_order\": 16, \"updated_at\": \"2026-05-16 03:05:46\", \"category_id\": 4, \"description\": \"Brownies fudgy ultra-dark chocolate, dense, moist & decadent\", \"has_toppings\": false, \"has_variants\": false, \"is_available\": 1, \"max_toppings\": 0, \"min_toppings\": 0, \"category_name\": \"Cemilan\", \"category_slug\": \"cemilan\", \"effective_price\": \"2.50\", \"effective_available\": 1}, {\"id\": 100, \"name\": \"Tiramisu Slice\", \"slug\": \"tiramisu-slice\", \"price\": \"37000.00\", \"toppings\": [], \"variants\": [], \"is_active\": 1, \"created_at\": \"2026-05-16 03:05:46\", \"image_path\": null, \"sort_order\": 17, \"updated_at\": \"2026-05-16 03:05:46\", \"category_id\": 4, \"description\": \"Slice tiramisu klasik Italia dengan lady fingers, mascarpone & espresso\", \"has_toppings\": false, \"has_variants\": false, \"is_available\": 1, \"max_toppings\": 0, \"min_toppings\": 0, \"category_name\": \"Cemilan\", \"category_slug\": \"cemilan\", \"effective_price\": \"3.50\", \"effective_available\": 1}, {\"id\": 101, \"name\": \"Bolu Pandan\", \"slug\": \"bolu-pandan\", \"price\": \"25000.00\", \"toppings\": [], \"variants\": [], \"is_active\": 1, \"created_at\": \"2026-05-16 03:05:46\", \"image_path\": null, \"sort_order\": 18, \"updated_at\": \"2026-05-16 03:05:46\", \"category_id\": 4, \"description\": \"Bolu pandan lembut & wangi khas Nusantara, soft & fragrant\", \"has_toppings\": false, \"has_variants\": false, \"is_available\": 1, \"max_toppings\": 0, \"min_toppings\": 0, \"category_name\": \"Cemilan\", \"category_slug\": \"cemilan\", \"effective_price\": \"2.50\", \"effective_available\": 1}, {\"id\": 102, \"name\": \"Choux Cream Vanilla\", \"slug\": \"choux-cream-vanilla\", \"price\": \"25000.00\", \"toppings\": [], \"variants\": [], \"is_active\": 1, \"created_at\": \"2026-05-16 03:05:46\", \"image_path\": null, \"sort_order\": 19, \"updated_at\": \"2026-05-16 03:05:46\", \"category_id\": 4, \"description\": \"Choux pastry ringan dengan isian vanilla custard cream yang lembut\", \"has_toppings\": false, \"has_variants\": false, \"is_available\": 1, \"max_toppings\": 0, \"min_toppings\": 0, \"category_name\": \"Cemilan\", \"category_slug\": \"cemilan\", \"effective_price\": \"2.50\", \"effective_available\": 1}, {\"id\": 103, \"name\": \"Pie Susu Bali\", \"slug\": \"pie-susu-bali\", \"price\": \"20000.00\", \"toppings\": [], \"variants\": [], \"is_active\": 1, \"created_at\": \"2026-05-16 03:05:46\", \"image_path\": null, \"sort_order\": 20, \"updated_at\": \"2026-05-16 03:05:46\", \"category_id\": 4, \"description\": \"Pie susu khas Bali dengan filling susu legit, thin crust & creamy\", \"has_toppings\": false, \"has_variants\": false, \"is_available\": 1, \"max_toppings\": 0, \"min_toppings\": 0, \"category_name\": \"Cemilan\", \"category_slug\": \"cemilan\", \"effective_price\": \"2.00\", \"effective_available\": 1}, {\"id\": 104, \"name\": \"Roti Sobek Cheese\", \"slug\": \"roti-sobek-cheese\", \"price\": \"30000.00\", \"toppings\": [], \"variants\": [], \"is_active\": 1, \"created_at\": \"2026-05-16 03:05:46\", \"image_path\": null, \"sort_order\": 21, \"updated_at\": \"2026-05-16 03:05:46\", \"category_id\": 4, \"description\": \"Roti sobek lembut dengan keju mozzarella yang meleleh di setiap sobekan\", \"has_toppings\": false, \"has_variants\": false, \"is_available\": 1, \"max_toppings\": 0, \"min_toppings\": 0, \"category_name\": \"Cemilan\", \"category_slug\": \"cemilan\", \"effective_price\": \"2.50\", \"effective_available\": 1}, {\"id\": 105, \"name\": \"Pretzel Klasik\", \"slug\": \"pretzel-klasik\", \"price\": \"25000.00\", \"toppings\": [], \"variants\": [], \"is_active\": 1, \"created_at\": \"2026-05-16 03:05:46\", \"image_path\": null, \"sort_order\": 22, \"updated_at\": \"2026-05-16 03:05:46\", \"category_id\": 4, \"description\": \"Pretzel German style dengan garam kasar, crispy luar & chewy dalam\", \"has_toppings\": false, \"has_variants\": false, \"is_available\": 1, \"max_toppings\": 0, \"min_toppings\": 0, \"category_name\": \"Cemilan\", \"category_slug\": \"cemilan\", \"effective_price\": \"2.50\", \"effective_available\": 1}, {\"id\": 106, \"name\": \"Nachos Salsa\", \"slug\": \"nachos-salsa\", \"price\": \"30000.00\", \"toppings\": [], \"variants\": [], \"is_active\": 1, \"created_at\": \"2026-05-16 03:05:46\", \"image_path\": null, \"sort_order\": 23, \"updated_at\": \"2026-05-16 03:05:46\", \"category_id\": 4, \"description\": \"Nachos crispy dengan salsa tomat segar, sour cream & jalapeño\", \"has_toppings\": false, \"has_variants\": false, \"is_available\": 1, \"max_toppings\": 0, \"min_toppings\": 0, \"category_name\": \"Cemilan\", \"category_slug\": \"cemilan\", \"effective_price\": \"2.50\", \"effective_available\": 1}, {\"id\": 107, \"name\": \"Chicken Wrap\", \"slug\": \"chicken-wrap\", \"price\": \"38000.00\", \"toppings\": [], \"variants\": [], \"is_active\": 1, \"created_at\": \"2026-05-16 03:05:46\", \"image_path\": null, \"sort_order\": 24, \"updated_at\": \"2026-05-16 03:05:46\", \"category_id\": 4, \"description\": \"Wrap tortilla dengan ayam panggang, selada segar, tomat & mayo\", \"has_toppings\": false, \"has_variants\": false, \"is_available\": 1, \"max_toppings\": 0, \"min_toppings\": 0, \"category_name\": \"Cemilan\", \"category_slug\": \"cemilan\", \"effective_price\": \"3.50\", \"effective_available\": 1}, {\"id\": 108, \"name\": \"Scone Clotted Cream\", \"slug\": \"scone-clotted-cream\", \"price\": \"28000.00\", \"toppings\": [], \"variants\": [], \"is_active\": 1, \"created_at\": \"2026-05-16 03:05:46\", \"image_path\": null, \"sort_order\": 25, \"updated_at\": \"2026-05-16 03:05:46\", \"category_id\": 4, \"description\": \"Scone English style dengan clotted cream & strawberry jam, proper British tea\", \"has_toppings\": false, \"has_variants\": false, \"is_available\": 1, \"max_toppings\": 0, \"min_toppings\": 0, \"category_name\": \"Cemilan\", \"category_slug\": \"cemilan\", \"effective_price\": \"2.50\", \"effective_available\": 1}, {\"id\": 109, \"name\": \"Bruschetta Tomat\", \"slug\": \"bruschetta-tomat\", \"price\": \"32000.00\", \"toppings\": [], \"variants\": [], \"is_active\": 1, \"created_at\": \"2026-05-16 03:05:46\", \"image_path\": null, \"sort_order\": 26, \"updated_at\": \"2026-05-16 03:05:46\", \"category_id\": 4, \"description\": \"Roti ciabatta panggang dengan tomat segar, basil & extra virgin olive oil\", \"has_toppings\": false, \"has_variants\": false, \"is_available\": 1, \"max_toppings\": 0, \"min_toppings\": 0, \"category_name\": \"Cemilan\", \"category_slug\": \"cemilan\", \"effective_price\": \"3.00\", \"effective_available\": 1}, {\"id\": 27, \"name\": \"Paket Ngopi Santai\", \"slug\": \"paket-ngopi-santai\", \"price\": \"40000.00\", \"toppings\": [], \"variants\": [], \"is_active\": 1, \"created_at\": \"2026-05-14 18:02:00\", \"image_path\": null, \"sort_order\": 1, \"updated_at\": \"2026-05-14 18:02:00\", \"category_id\": 5, \"description\": \"1 Americano + 1 Banana Bread (hemat Rp 5.000)\", \"has_toppings\": false, \"has_variants\": false, \"is_available\": 1, \"max_toppings\": 0, \"min_toppings\": 0, \"category_name\": \"Paket Hemat\", \"category_slug\": \"paket-hemat\", \"effective_price\": \"3.50\", \"effective_available\": 1}, {\"id\": 28, \"name\": \"Paket Kerja\", \"slug\": \"paket-kerja\", \"price\": \"47000.00\", \"toppings\": [], \"variants\": [], \"is_active\": 1, \"created_at\": \"2026-05-14 18:02:00\", \"image_path\": null, \"sort_order\": 2, \"updated_at\": \"2026-05-14 18:02:00\", \"category_id\": 5, \"description\": \"1 Latte + 1 Croissant + free refill air (hemat Rp 7.000)\", \"has_toppings\": false, \"has_variants\": false, \"is_available\": 1, \"max_toppings\": 0, \"min_toppings\": 0, \"category_name\": \"Paket Hemat\", \"category_slug\": \"paket-hemat\", \"effective_price\": \"4.00\", \"effective_available\": 1}, {\"id\": 29, \"name\": \"Paket Berdua\", \"slug\": \"paket-berdua\", \"price\": \"70000.00\", \"toppings\": [], \"variants\": [], \"is_active\": 1, \"created_at\": \"2026-05-14 18:02:00\", \"image_path\": null, \"sort_order\": 3, \"updated_at\": \"2026-05-14 18:02:00\", \"category_id\": 5, \"description\": \"2 Es Kopi Susu + 2 Cookies (hemat Rp 10.000)\", \"has_toppings\": false, \"has_variants\": false, \"is_available\": 1, \"max_toppings\": 0, \"min_toppings\": 0, \"category_name\": \"Paket Hemat\", \"category_slug\": \"paket-hemat\", \"effective_price\": \"6.00\", \"effective_available\": 1}, {\"id\": 110, \"name\": \"Paket Pagi Spesial\", \"slug\": \"paket-pagi-spesial\", \"price\": \"40000.00\", \"toppings\": [], \"variants\": [], \"is_active\": 1, \"created_at\": \"2026-05-16 03:05:46\", \"image_path\": null, \"sort_order\": 4, \"updated_at\": \"2026-05-16 03:05:46\", \"category_id\": 5, \"description\": \"1 Kopi Susu Aren + 1 Roti Bakar Cokelat Keju (hemat Rp 7.000)\", \"has_toppings\": false, \"has_variants\": false, \"is_available\": 1, \"max_toppings\": 0, \"min_toppings\": 0, \"category_name\": \"Paket Hemat\", \"category_slug\": \"paket-hemat\", \"effective_price\": \"3.50\", \"effective_available\": 1}, {\"id\": 111, \"name\": \"Paket Siang Produktif\", \"slug\": \"paket-siang-produktif\", \"price\": \"56000.00\", \"toppings\": [], \"variants\": [], \"is_active\": 1, \"created_at\": \"2026-05-16 03:05:46\", \"image_path\": null, \"sort_order\": 5, \"updated_at\": \"2026-05-16 03:05:46\", \"category_id\": 5, \"description\": \"1 Iced Vanilla Latte + 1 Sandwich Club (hemat Rp 9.000)\", \"has_toppings\": false, \"has_variants\": false, \"is_available\": 1, \"max_toppings\": 0, \"min_toppings\": 0, \"category_name\": \"Paket Hemat\", \"category_slug\": \"paket-hemat\", \"effective_price\": \"5.00\", \"effective_available\": 1}, {\"id\": 112, \"name\": \"Paket Sore Santai\", \"slug\": \"paket-sore-santai\", \"price\": \"62000.00\", \"toppings\": [], \"variants\": [], \"is_active\": 1, \"created_at\": \"2026-05-16 03:05:46\", \"image_path\": null, \"sort_order\": 6, \"updated_at\": \"2026-05-16 03:05:46\", \"category_id\": 5, \"description\": \"1 Cold Brew Tonic + 1 Tiramisu Slice (hemat Rp 10.000)\", \"has_toppings\": false, \"has_variants\": false, \"is_available\": 1, \"max_toppings\": 0, \"min_toppings\": 0, \"category_name\": \"Paket Hemat\", \"category_slug\": \"paket-hemat\", \"effective_price\": \"5.50\", \"effective_available\": 1}, {\"id\": 113, \"name\": \"Paket Malam Relax\", \"slug\": \"paket-malam-relax\", \"price\": \"48000.00\", \"toppings\": [], \"variants\": [], \"is_active\": 1, \"created_at\": \"2026-05-16 03:05:46\", \"image_path\": null, \"sort_order\": 7, \"updated_at\": \"2026-05-16 03:05:46\", \"category_id\": 5, \"description\": \"1 Hojicha Latte + 1 Bolu Pandan (hemat Rp 5.000)\", \"has_toppings\": false, \"has_variants\": false, \"is_available\": 1, \"max_toppings\": 0, \"min_toppings\": 0, \"category_name\": \"Paket Hemat\", \"category_slug\": \"paket-hemat\", \"effective_price\": \"4.00\", \"effective_available\": 1}, {\"id\": 114, \"name\": \"Paket Berdua Spesial\", \"slug\": \"paket-berdua-spesial\", \"price\": \"112000.00\", \"toppings\": [], \"variants\": [], \"is_active\": 1, \"created_at\": \"2026-05-16 03:05:46\", \"image_path\": null, \"sort_order\": 8, \"updated_at\": \"2026-05-16 03:05:46\", \"category_id\": 5, \"description\": \"2 Es Kopi Susu Aren + 2 Waffle Original (hemat Rp 14.000)\", \"has_toppings\": false, \"has_variants\": false, \"is_available\": 1, \"max_toppings\": 0, \"min_toppings\": 0, \"category_name\": \"Paket Hemat\", \"category_slug\": \"paket-hemat\", \"effective_price\": \"9.50\", \"effective_available\": 1}, {\"id\": 115, \"name\": \"Paket Keluarga Hemat\", \"slug\": \"paket-keluarga-hemat\", \"price\": \"192000.00\", \"toppings\": [], \"variants\": [], \"is_active\": 1, \"created_at\": \"2026-05-16 03:05:46\", \"image_path\": null, \"sort_order\": 9, \"updated_at\": \"2026-05-16 03:05:46\", \"category_id\": 5, \"description\": \"4 Iced Latte + 4 Roti Bakar Cokelat Keju (hemat Rp 24.000)\", \"has_toppings\": false, \"has_variants\": false, \"is_available\": 1, \"max_toppings\": 0, \"min_toppings\": 0, \"category_name\": \"Paket Hemat\", \"category_slug\": \"paket-hemat\", \"effective_price\": \"16.00\", \"effective_available\": 1}, {\"id\": 116, \"name\": \"Paket Meeting Pro\", \"slug\": \"paket-meeting-pro\", \"price\": \"230000.00\", \"toppings\": [], \"variants\": [], \"is_active\": 1, \"created_at\": \"2026-05-16 03:05:46\", \"image_path\": null, \"sort_order\": 10, \"updated_at\": \"2026-05-16 03:05:46\", \"category_id\": 5, \"description\": \"5 Americano + 1 Loyang Brownies 6pcs (hemat Rp 20.000)\", \"has_toppings\": false, \"has_variants\": false, \"is_available\": 1, \"max_toppings\": 0, \"min_toppings\": 0, \"category_name\": \"Paket Hemat\", \"category_slug\": \"paket-hemat\", \"effective_price\": \"19.50\", \"effective_available\": 1}, {\"id\": 117, \"name\": \"Paket Nongkrong Asik\", \"slug\": \"paket-nongkrong-asik\", \"price\": \"177000.00\", \"toppings\": [], \"variants\": [], \"is_active\": 1, \"created_at\": \"2026-05-16 03:05:46\", \"image_path\": null, \"sort_order\": 11, \"updated_at\": \"2026-05-16 03:05:46\", \"category_id\": 5, \"description\": \"3 Cold Brew Tonic + 3 Nachos Salsa (hemat Rp 18.000)\", \"has_toppings\": false, \"has_variants\": false, \"is_available\": 1, \"max_toppings\": 0, \"min_toppings\": 0, \"category_name\": \"Paket Hemat\", \"category_slug\": \"paket-hemat\", \"effective_price\": \"15.00\", \"effective_available\": 1}, {\"id\": 118, \"name\": \"Paket Matcha Mania\", \"slug\": \"paket-matcha-mania\", \"price\": \"114000.00\", \"toppings\": [], \"variants\": [], \"is_active\": 1, \"created_at\": \"2026-05-16 03:05:46\", \"image_path\": null, \"sort_order\": 12, \"updated_at\": \"2026-05-16 03:05:46\", \"category_id\": 5, \"description\": \"2 Iced Matcha Latte + 2 Matcha Frappe (hemat Rp 10.000)\", \"has_toppings\": false, \"has_variants\": false, \"is_available\": 1, \"max_toppings\": 0, \"min_toppings\": 0, \"category_name\": \"Paket Hemat\", \"category_slug\": \"paket-hemat\", \"effective_price\": \"9.50\", \"effective_available\": 1}, {\"id\": 119, \"name\": \"Paket Best Seller\", \"slug\": \"paket-best-seller\", \"price\": \"120000.00\", \"toppings\": [], \"variants\": [], \"is_active\": 1, \"created_at\": \"2026-05-16 03:05:46\", \"image_path\": null, \"sort_order\": 13, \"updated_at\": \"2026-05-16 03:05:46\", \"category_id\": 5, \"description\": \"1 Nitro Cold Brew + 1 Iced Latte + 1 Waffle Original + 1 Brownies Fudgy\", \"has_toppings\": false, \"has_variants\": false, \"is_available\": 1, \"max_toppings\": 0, \"min_toppings\": 0, \"category_name\": \"Paket Hemat\", \"category_slug\": \"paket-hemat\", \"effective_price\": \"10.00\", \"effective_available\": 1}, {\"id\": 120, \"name\": \"Nasi Goreng Kopi\", \"slug\": \"nasi-goreng-kopi\", \"price\": \"45000.00\", \"toppings\": [], \"variants\": [], \"is_active\": 1, \"created_at\": \"2026-05-16 03:05:46\", \"image_path\": null, \"sort_order\": 1, \"updated_at\": \"2026-05-16 03:05:46\", \"category_id\": 6, \"description\": \"Nasi goreng spesial dengan infused cold brew, telur mata sapi & kerupuk udang\", \"has_toppings\": false, \"has_variants\": false, \"is_available\": 1, \"max_toppings\": 0, \"min_toppings\": 0, \"category_name\": \"Makanan Utama\", \"category_slug\": \"makanan-utama\", \"effective_price\": \"4.00\", \"effective_available\": 1}, {\"id\": 130, \"name\": \"Frozen Yoghurt 2 Toppings\", \"slug\": \"frozen-yoghurt-2-toppings\", \"price\": \"28000.00\", \"toppings\": [{\"id\": 1, \"name\": \"Granola\", \"slug\": \"granola\", \"price_delta\": 0}, {\"id\": 2, \"name\": \"Strawberry\", \"slug\": \"strawberry\", \"price_delta\": 0}, {\"id\": 3, \"name\": \"Blueberry\", \"slug\": \"blueberry\", \"price_delta\": 0}, {\"id\": 4, \"name\": \"Mango\", \"slug\": \"mango\", \"price_delta\": 0}, {\"id\": 5, \"name\": \"Banana\", \"slug\": \"banana\", \"price_delta\": 0}, {\"id\": 6, \"name\": \"Almond\", \"slug\": \"almond\", \"price_delta\": 0}, {\"id\": 7, \"name\": \"Choco Chips\", \"slug\": \"choco-chips\", \"price_delta\": 0}, {\"id\": 8, \"name\": \"Oreo Crumbs\", \"slug\": \"oreo-crumbs\", \"price_delta\": 0}], \"variants\": [{\"id\": 143, \"slug\": \"small\", \"label\": \"Small\", \"price_delta\": 0, \"menu_item_id\": 130, \"effective_price\": 2.5}, {\"id\": 144, \"slug\": \"medium\", \"label\": \"Medium\", \"price_delta\": 0.5, \"menu_item_id\": 130, \"effective_price\": 3}, {\"id\": 145, \"slug\": \"large\", \"label\": \"Large\", \"price_delta\": 1, \"menu_item_id\": 130, \"effective_price\": 3.5}], \"is_active\": 1, \"created_at\": \"2026-05-16 15:24:37\", \"image_path\": null, \"sort_order\": 1, \"updated_at\": \"2026-05-16 15:24:37\", \"category_id\": 7, \"description\": \"Frozen yoghurt dengan pilihan 2 topping. Opsi topping: Granola, Strawberry, Blueberry, Mango, Banana, Almond, Choco Chips, Oreo Crumbs.\", \"has_toppings\": true, \"has_variants\": true, \"is_available\": 1, \"max_toppings\": 2, \"min_toppings\": 2, \"category_name\": \"Yoghurt & Dessert\", \"category_slug\": \"yoghurt-dessert\", \"effective_price\": \"2.50\", \"effective_available\": 1}, {\"id\": 121, \"name\": \"Ayam Bakar Kopi\", \"slug\": \"ayam-bakar-kopi\", \"price\": \"55000.00\", \"toppings\": [], \"variants\": [], \"is_active\": 1, \"created_at\": \"2026-05-16 03:05:46\", \"image_path\": null, \"sort_order\": 2, \"updated_at\": \"2026-05-16 03:05:46\", \"category_id\": 6, \"description\": \"Ayam bakar dengan marinade kopi & rempah pilihan, crispy luar juicy dalam\", \"has_toppings\": false, \"has_variants\": false, \"is_available\": 1, \"max_toppings\": 0, \"min_toppings\": 0, \"category_name\": \"Makanan Utama\", \"category_slug\": \"makanan-utama\", \"effective_price\": \"5.00\", \"effective_available\": 1}, {\"id\": 131, \"name\": \"Frozen Yoghurt 3 Toppings\", \"slug\": \"frozen-yoghurt-3-toppings\", \"price\": \"34000.00\", \"toppings\": [{\"id\": 1, \"name\": \"Granola\", \"slug\": \"granola\", \"price_delta\": 0}, {\"id\": 2, \"name\": \"Strawberry\", \"slug\": \"strawberry\", \"price_delta\": 0}, {\"id\": 3, \"name\": \"Blueberry\", \"slug\": \"blueberry\", \"price_delta\": 0}, {\"id\": 4, \"name\": \"Mango\", \"slug\": \"mango\", \"price_delta\": 0}, {\"id\": 5, \"name\": \"Banana\", \"slug\": \"banana\", \"price_delta\": 0}, {\"id\": 6, \"name\": \"Almond\", \"slug\": \"almond\", \"price_delta\": 0}, {\"id\": 7, \"name\": \"Choco Chips\", \"slug\": \"choco-chips\", \"price_delta\": 0}, {\"id\": 8, \"name\": \"Oreo Crumbs\", \"slug\": \"oreo-crumbs\", \"price_delta\": 0}], \"variants\": [{\"id\": 146, \"slug\": \"small\", \"label\": \"Small\", \"price_delta\": 0, \"menu_item_id\": 131, \"effective_price\": 3}, {\"id\": 147, \"slug\": \"medium\", \"label\": \"Medium\", \"price_delta\": 0.5, \"menu_item_id\": 131, \"effective_price\": 3.5}, {\"id\": 148, \"slug\": \"large\", \"label\": \"Large\", \"price_delta\": 1, \"menu_item_id\": 131, \"effective_price\": 4}], \"is_active\": 1, \"created_at\": \"2026-05-16 15:24:37\", \"image_path\": null, \"sort_order\": 2, \"updated_at\": \"2026-05-16 15:24:37\", \"category_id\": 7, \"description\": \"Frozen yoghurt dengan pilihan 3 topping. Opsi topping: Granola, Strawberry, Blueberry, Mango, Banana, Almond, Choco Chips, Oreo Crumbs.\", \"has_toppings\": true, \"has_variants\": true, \"is_available\": 1, \"max_toppings\": 3, \"min_toppings\": 3, \"category_name\": \"Yoghurt & Dessert\", \"category_slug\": \"yoghurt-dessert\", \"effective_price\": \"3.00\", \"effective_available\": 1}, {\"id\": 122, \"name\": \"Pasta Carbonara\", \"slug\": \"pasta-carbonara\", \"price\": \"52000.00\", \"toppings\": [], \"variants\": [], \"is_active\": 1, \"created_at\": \"2026-05-16 03:05:46\", \"image_path\": null, \"sort_order\": 3, \"updated_at\": \"2026-05-16 03:05:46\", \"category_id\": 6, \"description\": \"Pasta creamy dengan telur segar, pancetta & parmesan, Italian classic recipe\", \"has_toppings\": false, \"has_variants\": false, \"is_available\": 1, \"max_toppings\": 0, \"min_toppings\": 0, \"category_name\": \"Makanan Utama\", \"category_slug\": \"makanan-utama\", \"effective_price\": \"4.50\", \"effective_available\": 1}, {\"id\": 132, \"name\": \"Frozen Yoghurt 4 Toppings\", \"slug\": \"frozen-yoghurt-4-toppings\", \"price\": \"40000.00\", \"toppings\": [{\"id\": 1, \"name\": \"Granola\", \"slug\": \"granola\", \"price_delta\": 0}, {\"id\": 2, \"name\": \"Strawberry\", \"slug\": \"strawberry\", \"price_delta\": 0}, {\"id\": 3, \"name\": \"Blueberry\", \"slug\": \"blueberry\", \"price_delta\": 0}, {\"id\": 4, \"name\": \"Mango\", \"slug\": \"mango\", \"price_delta\": 0}, {\"id\": 5, \"name\": \"Banana\", \"slug\": \"banana\", \"price_delta\": 0}, {\"id\": 6, \"name\": \"Almond\", \"slug\": \"almond\", \"price_delta\": 0}, {\"id\": 7, \"name\": \"Choco Chips\", \"slug\": \"choco-chips\", \"price_delta\": 0}, {\"id\": 8, \"name\": \"Oreo Crumbs\", \"slug\": \"oreo-crumbs\", \"price_delta\": 0}], \"variants\": [{\"id\": 149, \"slug\": \"small\", \"label\": \"Small\", \"price_delta\": 0, \"menu_item_id\": 132, \"effective_price\": 3.5}, {\"id\": 150, \"slug\": \"medium\", \"label\": \"Medium\", \"price_delta\": 0.5, \"menu_item_id\": 132, \"effective_price\": 4}, {\"id\": 151, \"slug\": \"large\", \"label\": \"Large\", \"price_delta\": 1, \"menu_item_id\": 132, \"effective_price\": 4.5}], \"is_active\": 1, \"created_at\": \"2026-05-16 15:24:37\", \"image_path\": null, \"sort_order\": 3, \"updated_at\": \"2026-05-16 15:24:37\", \"category_id\": 7, \"description\": \"Frozen yoghurt dengan pilihan 4 topping. Opsi topping: Granola, Strawberry, Blueberry, Mango, Banana, Almond, Choco Chips, Oreo Crumbs.\", \"has_toppings\": true, \"has_variants\": true, \"is_available\": 1, \"max_toppings\": 4, \"min_toppings\": 4, \"category_name\": \"Yoghurt & Dessert\", \"category_slug\": \"yoghurt-dessert\", \"effective_price\": \"3.50\", \"effective_available\": 1}, {\"id\": 123, \"name\": \"Caesar Salad\", \"slug\": \"caesar-salad\", \"price\": \"40000.00\", \"toppings\": [], \"variants\": [], \"is_active\": 1, \"created_at\": \"2026-05-16 03:05:46\", \"image_path\": null, \"sort_order\": 4, \"updated_at\": \"2026-05-16 03:05:46\", \"category_id\": 6, \"description\": \"Romaine lettuce segar dengan dressing Caesar, crouton & parmesan shaved\", \"has_toppings\": false, \"has_variants\": false, \"is_available\": 1, \"max_toppings\": 0, \"min_toppings\": 0, \"category_name\": \"Makanan Utama\", \"category_slug\": \"makanan-utama\", \"effective_price\": \"3.50\", \"effective_available\": 1}, {\"id\": 124, \"name\": \"Omurice\", \"slug\": \"omurice\", \"price\": \"45000.00\", \"toppings\": [], \"variants\": [], \"is_active\": 1, \"created_at\": \"2026-05-16 03:05:46\", \"image_path\": null, \"sort_order\": 5, \"updated_at\": \"2026-05-16 03:05:46\", \"category_id\": 6, \"description\": \"Nasi goreng dibungkus telur dadar mulus, saus tomat & keju di atasnya\", \"has_toppings\": false, \"has_variants\": false, \"is_available\": 1, \"max_toppings\": 0, \"min_toppings\": 0, \"category_name\": \"Makanan Utama\", \"category_slug\": \"makanan-utama\", \"effective_price\": \"4.00\", \"effective_available\": 1}, {\"id\": 125, \"name\": \"Eggs Benedict\", \"slug\": \"eggs-benedict\", \"price\": \"55000.00\", \"toppings\": [], \"variants\": [], \"is_active\": 1, \"created_at\": \"2026-05-16 03:05:46\", \"image_path\": null, \"sort_order\": 6, \"updated_at\": \"2026-05-16 03:05:46\", \"category_id\": 6, \"description\": \"Poached eggs sempurna di atas English muffin & smoked beef dengan hollandaise\", \"has_toppings\": false, \"has_variants\": false, \"is_available\": 1, \"max_toppings\": 0, \"min_toppings\": 0, \"category_name\": \"Makanan Utama\", \"category_slug\": \"makanan-utama\", \"effective_price\": \"5.00\", \"effective_available\": 1}, {\"id\": 126, \"name\": \"Granola Bowl\", \"slug\": \"granola-bowl\", \"price\": \"38000.00\", \"toppings\": [], \"variants\": [], \"is_active\": 1, \"created_at\": \"2026-05-16 03:05:46\", \"image_path\": null, \"sort_order\": 7, \"updated_at\": \"2026-05-16 03:05:46\", \"category_id\": 6, \"description\": \"Granola homemade dengan Greek yogurt, madu bunga & buah segar seasonal\", \"has_toppings\": false, \"has_variants\": false, \"is_available\": 1, \"max_toppings\": 0, \"min_toppings\": 0, \"category_name\": \"Makanan Utama\", \"category_slug\": \"makanan-utama\", \"effective_price\": \"3.50\", \"effective_available\": 1}, {\"id\": 127, \"name\": \"Acai Bowl\", \"slug\": \"acai-bowl\", \"price\": \"48000.00\", \"toppings\": [], \"variants\": [], \"is_active\": 1, \"created_at\": \"2026-05-16 03:05:46\", \"image_path\": null, \"sort_order\": 8, \"updated_at\": \"2026-05-16 03:05:46\", \"category_id\": 6, \"description\": \"Acai blend dengan granola renyah, pisang, kelapa parut & mixed berries\", \"has_toppings\": false, \"has_variants\": false, \"is_available\": 1, \"max_toppings\": 0, \"min_toppings\": 0, \"category_name\": \"Makanan Utama\", \"category_slug\": \"makanan-utama\", \"effective_price\": \"4.00\", \"effective_available\": 1}, {\"id\": 128, \"name\": \"Focaccia Sandwich\", \"slug\": \"focaccia-sandwich\", \"price\": \"52000.00\", \"toppings\": [], \"variants\": [], \"is_active\": 1, \"created_at\": \"2026-05-16 03:05:46\", \"image_path\": null, \"sort_order\": 9, \"updated_at\": \"2026-05-16 03:05:46\", \"category_id\": 6, \"description\": \"Focaccia panggang dengan prosciutto, mozzarella segar, pesto & sun-dried tomato\", \"has_toppings\": false, \"has_variants\": false, \"is_available\": 1, \"max_toppings\": 0, \"min_toppings\": 0, \"category_name\": \"Makanan Utama\", \"category_slug\": \"makanan-utama\", \"effective_price\": \"4.50\", \"effective_available\": 1}, {\"id\": 129, \"name\": \"Quiche Lorraine\", \"slug\": \"quiche-lorraine\", \"price\": \"45000.00\", \"toppings\": [], \"variants\": [], \"is_active\": 1, \"created_at\": \"2026-05-16 03:05:46\", \"image_path\": null, \"sort_order\": 10, \"updated_at\": \"2026-05-16 03:05:46\", \"category_id\": 6, \"description\": \"Quiche klasik Prancis dengan bacon asap, gruyère & krim, dipanggang fresh daily\", \"has_toppings\": false, \"has_variants\": false, \"is_available\": 1, \"max_toppings\": 0, \"min_toppings\": 0, \"category_name\": \"Makanan Utama\", \"category_slug\": \"makanan-utama\", \"effective_price\": \"4.00\", \"effective_available\": 1}]}', 'completed', NULL, '2026-05-19 01:44:27', '2026-05-19 01:44:27');
INSERT INTO `agent_task_steps` (`id`, `task_id`, `step_index`, `step_type`, `tool_name`, `input_json`, `output_json`, `status`, `error_message`, `created_at`, `updated_at`) VALUES
(3, 3, 0, 'routing', 'chatbot_engine', '{\"intent\": \"tanya_menu\"}', '{\"mode\": \"transactional\", \"reply_preview\": \"Kami punya *132 menu* dalam 7 kategori:\\n\\n• *Kopi Panas* (28 item)\\n• *Kopi Dingin* (27 item)\\n• *Non Kopi* (25 item)\\n• *Cemilan* (26 item)\\n• *Paket Hemat* (13 item)\\n• *Makanan Utama* (10 item)\\n• *Yoghurt & Dessert* (3 item)\\n\\nKetik nama kategori untuk lihat pilihan, atau langsung pesan — contoh: _pesan\"}', 'completed', NULL, '2026-05-19 01:51:59', '2026-05-19 01:51:59'),
(4, 4, 0, 'routing', 'chatbot_engine', '{\"intent\": \"konfirmasi_order\"}', '{\"mode\": \"transactional\", \"reply_preview\": \"Keranjangmu kosong. Silakan tambahkan menu terlebih dahulu.\"}', 'completed', NULL, '2026-05-19 01:52:09', '2026-05-19 01:52:09'),
(5, 5, 0, 'routing', 'chatbot_engine', '{\"intent\": \"tambah_item\"}', '{\"mode\": \"transactional\", \"reply_preview\": \"Maaf, menu \\\"kopii panaass\\\" tidak ditemukan. Ketik *menu* untuk melihat daftar menu.\"}', 'completed', NULL, '2026-05-19 01:52:19', '2026-05-19 01:52:19'),
(6, 6, 0, 'routing', 'chatbot_engine', '{\"intent\": \"tanya_menu\"}', '{\"mode\": \"transactional\", \"reply_preview\": \"*Kopi Panas* (menampilkan 10 dari 28)\\n• Espresso — Rp18.000\\n• Americano — Small Rp20.000 | Medium Rp24.000 | Large Rp28.000\\n• Cappuccino — Small Rp25.000 | Medium Rp29.000 | Large Rp32.000\\n• Latte — Small Rp27.000 | Medium Rp31.000 | Large Rp34.000\\n• Flat White — Small Rp28.000 | Medium Rp32.000 | L\"}', 'completed', NULL, '2026-05-19 01:52:32', '2026-05-19 01:52:32'),
(7, 7, 0, 'routing', 'chatbot_engine', '{\"intent\": \"small_talk\"}', '{\"mode\": \"transactional\", \"reply_preview\": \"Ini menu yang saya temukan:\\n\\n• Affogato — Rp32.000\\n• Brown Sugar Latte — Rp28.000\\n• Kopi Mentega Madu — Rp28.000\\n• Paket Keluarga Hemat — Rp192.000\\n• Iced Brown Sugar Latte — Rp30.000\\n• Latte — Small Rp27.000 | Medium Rp31.000 | Large Rp34.000\\n• Lungo — Rp21.000\\n• Cortado — Rp23.000\\n\\nMau pesan? Keti\"}', 'completed', NULL, '2026-05-19 01:52:47', '2026-05-19 01:52:47'),
(8, 8, 0, 'routing', 'chatbot_engine', '{\"intent\": \"tanya_menu\"}', '{\"mode\": \"transactional\", \"reply_preview\": \"Ini menu yang saya temukan:\\n\\n• Kopi Tubruk — Rp15.000\\n• Es Kopi Susu — Small Rp25.000 | Medium Rp28.000 | Large Rp31.000\\n• Kopi Gula Aren — Rp22.000\\n• Kopi Susu Aren — Rp25.000\\n• Kopi Susu Jahe — Small Rp22.000 | Medium Rp25.000 | Large Rp28.000\\n• Ayam Bakar Kopi — Rp55.000\\n• Kopi Jahe Rempah — Rp20\"}', 'completed', NULL, '2026-05-19 01:52:59', '2026-05-19 01:52:59'),
(9, 9, 0, 'routing', 'chatbot_engine', '{\"intent\": \"tanya_menu\"}', '{\"mode\": \"transactional\", \"reply_preview\": \"*Affogato* - Rp32.000\\n_Espresso panas dituangkan langsung di atas satu scoop vanilla ice cream_\\n\\nMau pesan? Ketik _pesan 1 Affogato_\"}', 'completed', NULL, '2026-05-19 01:53:07', '2026-05-19 01:53:07'),
(10, 10, 0, 'routing', 'chatbot_engine', '{\"intent\": \"tambah_item\"}', '{\"mode\": \"transactional\", \"reply_preview\": \"Ketik nama menu yang ingin kamu pesan.\"}', 'completed', NULL, '2026-05-19 01:53:18', '2026-05-19 01:53:18'),
(11, 11, 0, 'routing', 'chatbot_engine', '{\"intent\": \"tambah_item\"}', '{\"mode\": \"transactional\", \"reply_preview\": \"✅ *1x Affogato* (Rp32.000)\\n\\n🛒 *Keranjang kamu:*\\n\\n• Affogato x1 — Rp32.000\\n────────────────────────────\\nSubtotal: Rp32.000\\nPPN (11%): Rp3.520\\n*Total: Rp35.520*\\n\\nKetik *checkout* untuk melanjutkan pembayaran.\\n\\n📝 Ada catatan khusus untuk *Affogato*?\\n_(contoh: sedikit gula, tanpa es, extra shot)_\\nKetik \"}', 'completed', NULL, '2026-05-19 01:53:27', '2026-05-19 01:53:27'),
(12, 12, 0, 'routing', 'chatbot_engine', '{\"intent\": \"tanya_promo\"}', '{\"mode\": \"transactional\", \"reply_preview\": \"Judul: Promo Bandung Juara  \\nDiskon: Buy 1 Get 1 minuman Cold Brew  \\nKode: BDGJUARA  \\n\\nGunakan kode saat checkout untuk mendapat promo!\"}', 'completed', NULL, '2026-05-19 01:54:02', '2026-05-19 01:54:02'),
(13, 13, 0, 'routing', 'chatbot_engine', '{\"intent\": \"konfirmasi_order\"}', '{\"mode\": \"transactional\", \"reply_preview\": \"Halo, Aa! 👋 Selamat datang di Toko Kopi! Mau minum apa hari ini?\"}', 'completed', NULL, '2026-05-19 01:54:10', '2026-05-19 01:54:10'),
(14, 14, 0, 'routing', 'chatbot_engine', '{\"intent\": \"tanya_menu\"}', '{\"mode\": \"transactional\", \"reply_preview\": \"Ini menu yang saya temukan:\\n\\n• Nasi Goreng Kopi — Rp45.000\\n• Kopi Tubruk — Rp15.000\\n• Es Kopi Susu — Small Rp25.000 | Medium Rp28.000 | Large Rp31.000\\n• Kopi Gula Aren — Rp22.000\\n• Kopi Susu Aren — Rp25.000\\n• Kopi Susu Jahe — Small Rp22.000 | Medium Rp25.000 | Large Rp28.000\\n• Ayam Bakar Kopi — Rp55\"}', 'completed', NULL, '2026-05-19 01:54:14', '2026-05-19 01:54:14');
INSERT INTO `agent_task_steps` (`id`, `task_id`, `step_index`, `step_type`, `tool_name`, `input_json`, `output_json`, `status`, `error_message`, `created_at`, `updated_at`) VALUES
(15, 15, 1, 'tool_call', 'get_branch_menu', NULL, '{\"items\": [{\"id\": 1, \"name\": \"Espresso\", \"slug\": \"espresso\", \"price\": \"18000.00\", \"toppings\": [], \"variants\": [], \"is_active\": 1, \"created_at\": \"2026-05-14 18:02:00\", \"image_path\": null, \"sort_order\": 1, \"updated_at\": \"2026-05-14 18:02:00\", \"category_id\": 1, \"description\": \"Single shot espresso murni, bold & concentrated\", \"has_toppings\": false, \"has_variants\": false, \"is_available\": 1, \"max_toppings\": 0, \"min_toppings\": 0, \"category_name\": \"Kopi Panas\", \"category_slug\": \"kopi-panas\", \"effective_price\": \"18000.00\", \"effective_available\": 1}, {\"id\": 2, \"name\": \"Americano\", \"slug\": \"americano\", \"price\": \"20000.00\", \"toppings\": [], \"variants\": [{\"id\": 64, \"slug\": \"small\", \"label\": \"Small\", \"price_delta\": 0, \"menu_item_id\": 2, \"effective_price\": 20000}, {\"id\": 65, \"slug\": \"medium\", \"label\": \"Medium\", \"price_delta\": 4000, \"menu_item_id\": 2, \"effective_price\": 24000}, {\"id\": 66, \"slug\": \"large\", \"label\": \"Large\", \"price_delta\": 8000, \"menu_item_id\": 2, \"effective_price\": 28000}], \"is_active\": 1, \"created_at\": \"2026-05-14 18:02:00\", \"image_path\": null, \"sort_order\": 2, \"updated_at\": \"2026-05-14 18:02:00\", \"category_id\": 1, \"description\": \"Espresso dengan air panas, smooth & rich\", \"has_toppings\": false, \"has_variants\": true, \"is_available\": 1, \"max_toppings\": 0, \"min_toppings\": 0, \"category_name\": \"Kopi Panas\", \"category_slug\": \"kopi-panas\", \"effective_price\": \"20000.00\", \"effective_available\": 1}, {\"id\": 3, \"name\": \"Cappuccino\", \"slug\": \"cappuccino\", \"price\": \"25000.00\", \"toppings\": [], \"variants\": [{\"id\": 67, \"slug\": \"small\", \"label\": \"Small\", \"price_delta\": 0, \"menu_item_id\": 3, \"effective_price\": 25000}, {\"id\": 68, \"slug\": \"medium\", \"label\": \"Medium\", \"price_delta\": 4000, \"menu_item_id\": 3, \"effective_price\": 29000}, {\"id\": 69, \"slug\": \"large\", \"label\": \"Large\", \"price_delta\": 7000, \"menu_item_id\": 3, \"effective_price\": 32000}], \"is_active\": 1, \"created_at\": \"2026-05-14 18:02:00\", \"image_path\": null, \"sort_order\": 3, \"updated_at\": \"2026-05-14 18:02:00\", \"category_id\": 1, \"description\": \"Espresso, steamed milk & milk foam yang sempurna\", \"has_toppings\": false, \"has_variants\": true, \"is_available\": 1, \"max_toppings\": 0, \"min_toppings\": 0, \"category_name\": \"Kopi Panas\", \"category_slug\": \"kopi-panas\", \"effective_price\": \"25000.00\", \"effective_available\": 1}, {\"id\": 4, \"name\": \"Latte\", \"slug\": \"latte\", \"price\": \"27000.00\", \"toppings\": [], \"variants\": [{\"id\": 70, \"slug\": \"small\", \"label\": \"Small\", \"price_delta\": 0, \"menu_item_id\": 4, \"effective_price\": 27000}, {\"id\": 71, \"slug\": \"medium\", \"label\": \"Medium\", \"price_delta\": 4000, \"menu_item_id\": 4, \"effective_price\": 31000}, {\"id\": 72, \"slug\": \"large\", \"label\": \"Large\", \"price_delta\": 7000, \"menu_item_id\": 4, \"effective_price\": 34000}], \"is_active\": 1, \"created_at\": \"2026-05-14 18:02:00\", \"image_path\": null, \"sort_order\": 4, \"updated_at\": \"2026-05-14 18:02:00\", \"category_id\": 1, \"description\": \"Espresso dengan banyak steamed milk, creamy & mild\", \"has_toppings\": false, \"has_variants\": true, \"is_available\": 1, \"max_toppings\": 0, \"min_toppings\": 0, \"category_name\": \"Kopi Panas\", \"category_slug\": \"kopi-panas\", \"effective_price\": \"27000.00\", \"effective_available\": 1}, {\"id\": 5, \"name\": \"Flat White\", \"slug\": \"flat-white\", \"price\": \"28000.00\", \"toppings\": [], \"variants\": [{\"id\": 73, \"slug\": \"small\", \"label\": \"Small\", \"price_delta\": 0, \"menu_item_id\": 5, \"effective_price\": 28000}, {\"id\": 74, \"slug\": \"medium\", \"label\": \"Medium\", \"price_delta\": 4000, \"menu_item_id\": 5, \"effective_price\": 32000}, {\"id\": 75, \"slug\": \"large\", \"label\": \"Large\", \"price_delta\": 7000, \"menu_item_id\": 5, \"effective_price\": 35000}], \"is_active\": 1, \"created_at\": \"2026-05-14 18:02:00\", \"image_path\": null, \"sort_order\": 5, \"updated_at\": \"2026-05-14 18:02:00\", \"category_id\": 1, \"description\": \"Double ristretto dengan textured milk, smooth & strong\", \"has_toppings\": false, \"has_variants\": true, \"is_available\": 1, \"max_toppings\": 0, \"min_toppings\": 0, \"category_name\": \"Kopi Panas\", \"category_slug\": \"kopi-panas\", \"effective_price\": \"28000.00\", \"effective_available\": 1}, {\"id\": 6, \"name\": \"Macchiato\", \"slug\": \"macchiato\", \"price\": \"22000.00\", \"toppings\": [], \"variants\": [{\"id\": 76, \"slug\": \"small\", \"label\": \"Small\", \"price_delta\": 0, \"menu_item_id\": 6, \"effective_price\": 22000}, {\"id\": 77, \"slug\": \"medium\", \"label\": \"Medium\", \"price_delta\": 3000, \"menu_item_id\": 6, \"effective_price\": 25000}, {\"id\": 78, \"slug\": \"large\", \"label\": \"Large\", \"price_delta\": 6000, \"menu_item_id\": 6, \"effective_price\": 28000}], \"is_active\": 1, \"created_at\": \"2026-05-14 18:02:00\", \"image_path\": null, \"sort_order\": 6, \"updated_at\": \"2026-05-14 18:02:00\", \"category_id\": 1, \"description\": \"Espresso dengan sedikit milk foam di atasnya\", \"has_toppings\": false, \"has_variants\": true, \"is_available\": 1, \"max_toppings\": 0, \"min_toppings\": 0, \"category_name\": \"Kopi Panas\", \"category_slug\": \"kopi-panas\", \"effective_price\": \"22000.00\", \"effective_available\": 1}, {\"id\": 7, \"name\": \"Kopi Tubruk\", \"slug\": \"kopi-tubruk\", \"price\": \"15000.00\", \"toppings\": [], \"variants\": [], \"is_active\": 1, \"created_at\": \"2026-05-14 18:02:00\", \"image_path\": null, \"sort_order\": 7, \"updated_at\": \"2026-05-14 18:02:00\", \"category_id\": 1, \"description\": \"Kopi tradisional Indonesia yang kental\", \"has_toppings\": false, \"has_variants\": false, \"is_available\": 1, \"max_toppings\": 0, \"min_toppings\": 0, \"category_name\": \"Kopi Panas\", \"category_slug\": \"kopi-panas\", \"effective_price\": \"15000.00\", \"effective_available\": 1}, {\"id\": 8, \"name\": \"Kopi Susu Jahe\", \"slug\": \"kopi-susu-jahe\", \"price\": \"22000.00\", \"toppings\": [], \"variants\": [{\"id\": 79, \"slug\": \"small\", \"label\": \"Small\", \"price_delta\": 0, \"menu_item_id\": 8, \"effective_price\": 22000}, {\"id\": 80, \"slug\": \"medium\", \"label\": \"Medium\", \"price_delta\": 3000, \"menu_item_id\": 8, \"effective_price\": 25000}, {\"id\": 81, \"slug\": \"large\", \"label\": \"Large\", \"price_delta\": 6000, \"menu_item_id\": 8, \"effective_price\": 28000}], \"is_active\": 1, \"created_at\": \"2026-05-14 18:02:00\", \"image_path\": null, \"sort_order\": 8, \"updated_at\": \"2026-05-14 18:02:00\", \"category_id\": 1, \"description\": \"Kopi susu dengan rempah jahe hangat\", \"has_toppings\": false, \"has_variants\": true, \"is_available\": 1, \"max_toppings\": 0, \"min_toppings\": 0, \"category_name\": \"Kopi Panas\", \"category_slug\": \"kopi-panas\", \"effective_price\": \"22000.00\", \"effective_available\": 1}, {\"id\": 30, \"name\": \"Cortado\", \"slug\": \"cortado\", \"price\": \"23000.00\", \"toppings\": [], \"variants\": [], \"is_active\": 1, \"created_at\": \"2026-05-16 03:05:46\", \"image_path\": null, \"sort_order\": 10, \"updated_at\": \"2026-05-16 03:05:46\", \"category_id\": 1, \"description\": \"Espresso dengan equal parts steamed milk, balance sempurna antara kopi & susu\", \"has_toppings\": false, \"has_variants\": false, \"is_available\": 1, \"max_toppings\": 0, \"min_toppings\": 0, \"category_name\": \"Kopi Panas\", \"category_slug\": \"kopi-panas\", \"effective_price\": \"23000.00\", \"effective_available\": 1}, {\"id\": 31, \"name\": \"Lungo\", \"slug\": \"lungo\", \"price\": \"21000.00\", \"toppings\": [], \"variants\": [], \"is_active\": 1, \"created_at\": \"2026-05-16 03:05:46\", \"image_path\": null, \"sort_order\": 11, \"updated_at\": \"2026-05-16 03:05:46\", \"category_id\": 1, \"description\": \"Espresso dengan volume air lebih banyak, milder & longer finish\", \"has_toppings\": false, \"has_variants\": false, \"is_available\": 1, \"max_toppings\": 0, \"min_toppings\": 0, \"category_name\": \"Kopi Panas\", \"category_slug\": \"kopi-panas\", \"effective_price\": \"21000.00\", \"effective_available\": 1}, {\"id\": 32, \"name\": \"Ristretto\", \"slug\": \"ristretto\", \"price\": \"20000.00\", \"toppings\": [], \"variants\": [], \"is_active\": 1, \"created_at\": \"2026-05-16 03:05:46\", \"image_path\": null, \"sort_order\": 12, \"updated_at\": \"2026-05-16 03:05:46\", \"category_id\": 1, \"description\": \"Espresso shot pendek yang sangat pekat & concentrated, pure intensity\", \"has_toppings\": false, \"has_variants\": false, \"is_available\": 1, \"max_toppings\": 0, \"min_toppings\": 0, \"category_name\": \"Kopi Panas\", \"category_slug\": \"kopi-panas\", \"effective_price\": \"20000.00\", \"effective_available\": 1}, {\"id\": 33, \"name\": \"Affogato\", \"slug\": \"affogato\", \"price\": \"32000.00\", \"toppings\": [], \"variants\": [], \"is_active\": 1, \"created_at\": \"2026-05-16 03:05:46\", \"image_path\": null, \"sort_order\": 13, \"updated_at\": \"2026-05-16 03:05:46\", \"category_id\": 1, \"description\": \"Espresso panas dituangkan langsung di atas satu scoop vanilla ice cream\", \"has_toppings\": false, \"has_variants\": false, \"is_available\": 1, \"max_toppings\": 0, \"min_toppings\": 0, \"category_name\": \"Kopi Panas\", \"category_slug\": \"kopi-panas\", \"effective_price\": \"32000.00\", \"effective_available\": 1}, {\"id\": 34, \"name\": \"Irish Coffee\", \"slug\": \"irish-coffee\", \"price\": \"35000.00\", \"toppings\": [], \"variants\": [], \"is_active\": 1, \"created_at\": \"2026-05-16 03:05:46\", \"image_path\": null, \"sort_order\": 14, \"updated_at\": \"2026-05-16 03:05:46\", \"category_id\": 1, \"description\": \"Kopi panas dengan sirup karamel Irish & cream di atasnya, rich & warming\", \"has_toppings\": false, \"has_variants\": false, \"is_available\": 1, \"max_toppings\": 0, \"min_toppings\": 0, \"category_name\": \"Kopi Panas\", \"category_slug\": \"kopi-panas\", \"effective_price\": \"35000.00\", \"effective_available\": 1}, {\"id\": 35, \"name\": \"Turkish Coffee\", \"slug\": \"turkish-coffee\", \"price\": \"22000.00\", \"toppings\": [], \"variants\": [], \"is_active\": 1, \"created_at\": \"2026-05-16 03:05:46\", \"image_path\": null, \"sort_order\": 15, \"updated_at\": \"2026-05-16 03:05:46\", \"category_id\": 1, \"description\": \"Kopi halus khas Turki diseduh dengan cezve, kental, aromatik & penuh karakter\", \"has_toppings\": false, \"has_variants\": false, \"is_available\": 1, \"max_toppings\": 0, \"min_toppings\": 0, \"category_name\": \"Kopi Panas\", \"category_slug\": \"kopi-panas\", \"effective_price\": \"22000.00\", \"effective_available\": 1}, {\"id\": 36, \"name\": \"Kopi Gula Aren\", \"slug\": \"kopi-gula-aren\", \"price\": \"22000.00\", \"toppings\": [], \"variants\": [], \"is_active\": 1, \"created_at\": \"2026-05-16 03:05:46\", \"image_path\": null, \"sort_order\": 16, \"updated_at\": \"2026-05-16 03:05:46\", \"category_id\": 1, \"description\": \"Espresso dengan gula aren lokal asli, manis legit khas Nusantara\", \"has_toppings\": false, \"has_variants\": false, \"is_available\": 1, \"max_toppings\": 0, \"min_toppings\": 0, \"category_name\": \"Kopi Panas\", \"category_slug\": \"kopi-panas\", \"effective_price\": \"22000.00\", \"effective_available\": 1}, {\"id\": 37, \"name\": \"Kopi Jahe Rempah\", \"slug\": \"kopi-jahe-rempah\", \"price\": \"20000.00\", \"toppings\": [], \"variants\": [], \"is_active\": 1, \"created_at\": \"2026-05-16 03:05:46\", \"image_path\": null, \"sort_order\": 17, \"updated_at\": \"2026-05-16 03:05:46\", \"category_id\": 1, \"description\": \"Espresso dengan jahe segar, kayu manis & cengkeh — hangat & menyehatkan\", \"has_toppings\": false, \"has_variants\": false, \"is_available\": 1, \"max_toppings\": 0, \"min_toppings\": 0, \"category_name\": \"Kopi Panas\", \"category_slug\": \"kopi-panas\", \"effective_price\": \"20000.00\", \"effective_available\": 1}, {\"id\": 38, \"name\": \"Kopi Susu Aren\", \"slug\": \"kopi-susu-aren\", \"price\": \"25000.00\", \"toppings\": [], \"variants\": [], \"is_active\": 1, \"created_at\": \"2026-05-16 03:05:46\", \"image_path\": null, \"sort_order\": 18, \"updated_at\": \"2026-05-16 03:05:46\", \"category_id\": 1, \"description\": \"Espresso susu dengan gula aren pilihan, lebih autentik dari gula biasa\", \"has_toppings\": false, \"has_variants\": false, \"is_available\": 1, \"max_toppings\": 0, \"min_toppings\": 0, \"category_name\": \"Kopi Panas\", \"category_slug\": \"kopi-panas\", \"effective_price\": \"25000.00\", \"effective_available\": 1}, {\"id\": 39, \"name\": \"Hazelnut Latte\", \"slug\": \"hazelnut-latte\", \"price\": \"30000.00\", \"toppings\": [], \"variants\": [], \"is_active\": 1, \"created_at\": \"2026-05-16 03:05:46\", \"image_path\": null, \"sort_order\": 19, \"updated_at\": \"2026-05-16 03:05:46\", \"category_id\": 1, \"description\": \"Latte creamy dengan sirup hazelnut premium, nutty & smooth\", \"has_toppings\": false, \"has_variants\": false, \"is_available\": 1, \"max_toppings\": 0, \"min_toppings\": 0, \"category_name\": \"Kopi Panas\", \"category_slug\": \"kopi-panas\", \"effective_price\": \"30000.00\", \"effective_available\": 1}, {\"id\": 40, \"name\": \"Vanilla Latte\", \"slug\": \"vanilla-latte\", \"price\": \"28000.00\", \"toppings\": [], \"variants\": [], \"is_active\": 1, \"created_at\": \"2026-05-16 03:05:46\", \"image_path\": null, \"sort_order\": 20, \"updated_at\": \"2026-05-16 03:05:46\", \"category_id\": 1, \"description\": \"Latte dengan vanilla bean asli, smooth & fragrant setiap tegukan\", \"has_toppings\": false, \"has_variants\": false, \"is_available\": 1, \"max_toppings\": 0, \"min_toppings\": 0, \"category_name\": \"Kopi Panas\", \"category_slug\": \"kopi-panas\", \"effective_price\": \"28000.00\", \"effective_available\": 1}, {\"id\": 41, \"name\": \"Caramel Latte\", \"slug\": \"caramel-latte\", \"price\": \"29000.00\", \"toppings\": [], \"variants\": [], \"is_active\": 1, \"created_at\": \"2026-05-16 03:05:46\", \"image_path\": null, \"sort_order\": 21, \"updated_at\": \"2026-05-16 03:05:46\", \"category_id\": 1, \"description\": \"Latte dengan drizzle karamel premium di atas foam susu, manis & creamy\", \"has_toppings\": false, \"has_variants\": false, \"is_available\": 1, \"max_toppings\": 0, \"min_toppings\": 0, \"category_name\": \"Kopi Panas\", \"category_slug\": \"kopi-panas\", \"effective_price\": \"29000.00\", \"effective_available\": 1}, {\"id\": 42, \"name\": \"Lavender Latte\", \"slug\": \"lavender-latte\", \"price\": \"30000.00\", \"toppings\": [], \"variants\": [], \"is_active\": 1, \"created_at\": \"2026-05-16 03:05:46\", \"image_path\": null, \"sort_order\": 22, \"updated_at\": \"2026-05-16 03:05:46\", \"category_id\": 1, \"description\": \"Latte dengan sirup lavender, aroma floral yang calming & unik\", \"has_toppings\": false, \"has_variants\": false, \"is_available\": 1, \"max_toppings\": 0, \"min_toppings\": 0, \"category_name\": \"Kopi Panas\", \"category_slug\": \"kopi-panas\", \"effective_price\": \"30000.00\", \"effective_available\": 1}, {\"id\": 43, \"name\": \"Ube Latte\", \"slug\": \"ube-latte\", \"price\": \"32000.00\", \"toppings\": [], \"variants\": [], \"is_active\": 1, \"created_at\": \"2026-05-16 03:05:46\", \"image_path\": null, \"sort_order\": 23, \"updated_at\": \"2026-05-16 03:05:46\", \"category_id\": 1, \"description\": \"Latte dengan ube (keladi ungu) Filipina, creamy, manis & berwarna cantik\", \"has_toppings\": false, \"has_variants\": false, \"is_available\": 1, \"max_toppings\": 0, \"min_toppings\": 0, \"category_name\": \"Kopi Panas\", \"category_slug\": \"kopi-panas\", \"effective_price\": \"32000.00\", \"effective_available\": 1}, {\"id\": 44, \"name\": \"Pandan Latte\", \"slug\": \"pandan-latte\", \"price\": \"27000.00\", \"toppings\": [], \"variants\": [], \"is_active\": 1, \"created_at\": \"2026-05-16 03:05:46\", \"image_path\": null, \"sort_order\": 24, \"updated_at\": \"2026-05-16 03:05:46\", \"category_id\": 1, \"description\": \"Latte dengan pandan lokal, aroma wangi khas Indonesia yang otentik\", \"has_toppings\": false, \"has_variants\": false, \"is_available\": 1, \"max_toppings\": 0, \"min_toppings\": 0, \"category_name\": \"Kopi Panas\", \"category_slug\": \"kopi-panas\", \"effective_price\": \"27000.00\", \"effective_available\": 1}, {\"id\": 45, \"name\": \"Brown Sugar Latte\", \"slug\": \"brown-sugar-latte\", \"price\": \"28000.00\", \"toppings\": [], \"variants\": [], \"is_active\": 1, \"created_at\": \"2026-05-16 03:05:46\", \"image_path\": null, \"sort_order\": 25, \"updated_at\": \"2026-05-16 03:05:46\", \"category_id\": 1, \"description\": \"Latte dengan brown sugar syrup & kayu manis, manis alami nan elegan\", \"has_toppings\": false, \"has_variants\": false, \"is_available\": 1, \"max_toppings\": 0, \"min_toppings\": 0, \"category_name\": \"Kopi Panas\", \"category_slug\": \"kopi-panas\", \"effective_price\": \"28000.00\", \"effective_available\": 1}, {\"id\": 46, \"name\": \"Bulletproof Coffee\", \"slug\": \"bulletproof-coffee\", \"price\": \"35000.00\", \"toppings\": [], \"variants\": [], \"is_active\": 1, \"created_at\": \"2026-05-16 03:05:46\", \"image_path\": null, \"sort_order\": 26, \"updated_at\": \"2026-05-16 03:05:46\", \"category_id\": 1, \"description\": \"Kopi blended dengan butter grass-fed & MCT oil, energi tahan lama keto-friendly\", \"has_toppings\": false, \"has_variants\": false, \"is_available\": 1, \"max_toppings\": 0, \"min_toppings\": 0, \"category_name\": \"Kopi Panas\", \"category_slug\": \"kopi-panas\", \"effective_price\": \"35000.00\", \"effective_available\": 1}, {\"id\": 47, \"name\": \"Piccolo Latte\", \"slug\": \"piccolo-latte\", \"price\": \"24000.00\", \"toppings\": [], \"variants\": [], \"is_active\": 1, \"created_at\": \"2026-05-16 03:05:46\", \"image_path\": null, \"sort_order\": 27, \"updated_at\": \"2026-05-16 03:05:46\", \"category_id\": 1, \"description\": \"Mini latte 90ml — double ristretto dengan sedikit textured milk, bold & strong\", \"has_toppings\": false, \"has_variants\": false, \"is_available\": 1, \"max_toppings\": 0, \"min_toppings\": 0, \"category_name\": \"Kopi Panas\", \"category_slug\": \"kopi-panas\", \"effective_price\": \"24000.00\", \"effective_available\": 1}, {\"id\": 48, \"name\": \"Kopi Mentega Madu\", \"slug\": \"kopi-mentega-madu\", \"price\": \"28000.00\", \"toppings\": [], \"variants\": [], \"is_active\": 1, \"created_at\": \"2026-05-16 03:05:46\", \"image_path\": null, \"sort_order\": 28, \"updated_at\": \"2026-05-16 03:05:46\", \"category_id\": 1, \"description\": \"Kopi dengan butter lokal & madu hutan, creamy & naturally sweet\", \"has_toppings\": false, \"has_variants\": false, \"is_available\": 1, \"max_toppings\": 0, \"min_toppings\": 0, \"category_name\": \"Kopi Panas\", \"category_slug\": \"kopi-panas\", \"effective_price\": \"28000.00\", \"effective_available\": 1}, {\"id\": 49, \"name\": \"Gibraltar\", \"slug\": \"gibraltar\", \"price\": \"25000.00\", \"toppings\": [], \"variants\": [], \"is_active\": 1, \"created_at\": \"2026-05-16 03:05:46\", \"image_path\": null, \"sort_order\": 29, \"updated_at\": \"2026-05-16 03:05:46\", \"category_id\": 1, \"description\": \"Double ristretto dengan steamed whole milk dalam gelas kecil 4oz, intense & creamy\", \"has_toppings\": false, \"has_variants\": false, \"is_available\": 1, \"max_toppings\": 0, \"min_toppings\": 0, \"category_name\": \"Kopi Panas\", \"category_slug\": \"kopi-panas\", \"effective_price\": \"25000.00\", \"effective_available\": 1}, {\"id\": 9, \"name\": \"Iced Americano\", \"slug\": \"iced-americano\", \"price\": \"22000.00\", \"toppings\": [], \"variants\": [{\"id\": 82, \"slug\": \"small\", \"label\": \"Small\", \"price_delta\": 0, \"menu_item_id\": 9, \"effective_price\": 22000}, {\"id\": 83, \"slug\": \"medium\", \"label\": \"Medium\", \"price_delta\": 3000, \"menu_item_id\": 9, \"effective_price\": 25000}, {\"id\": 84, \"slug\": \"large\", \"label\": \"Large\", \"price_delta\": 6000, \"menu_item_id\": 9, \"effective_price\": 28000}], \"is_active\": 1, \"created_at\": \"2026-05-14 18:02:00\", \"image_path\": null, \"sort_order\": 1, \"updated_at\": \"2026-05-14 18:02:00\", \"category_id\": 2, \"description\": \"Americano segar di atas es batu\", \"has_toppings\": false, \"has_variants\": true, \"is_available\": 1, \"max_toppings\": 0, \"min_toppings\": 0, \"category_name\": \"Kopi Dingin\", \"category_slug\": \"kopi-dingin\", \"effective_price\": \"22000.00\", \"effective_available\": 1}, {\"id\": 10, \"name\": \"Iced Latte\", \"slug\": \"iced-latte\", \"price\": \"29000.00\", \"toppings\": [], \"variants\": [{\"id\": 85, \"slug\": \"small\", \"label\": \"Small\", \"price_delta\": 0, \"menu_item_id\": 10, \"effective_price\": 29000}, {\"id\": 86, \"slug\": \"medium\", \"label\": \"Medium\", \"price_delta\": 4000, \"menu_item_id\": 10, \"effective_price\": 33000}, {\"id\": 87, \"slug\": \"large\", \"label\": \"Large\", \"price_delta\": 7000, \"menu_item_id\": 10, \"effective_price\": 36000}], \"is_active\": 1, \"created_at\": \"2026-05-14 18:02:00\", \"image_path\": null, \"sort_order\": 2, \"updated_at\": \"2026-05-14 18:02:00\", \"category_id\": 2, \"description\": \"Latte creamy yang menyegarkan dengan es\", \"has_toppings\": false, \"has_variants\": true, \"is_available\": 1, \"max_toppings\": 0, \"min_toppings\": 0, \"category_name\": \"Kopi Dingin\", \"category_slug\": \"kopi-dingin\", \"effective_price\": \"29000.00\", \"effective_available\": 1}, {\"id\": 11, \"name\": \"Cold Brew\", \"slug\": \"cold-brew\", \"price\": \"32000.00\", \"toppings\": [], \"variants\": [{\"id\": 88, \"slug\": \"small\", \"label\": \"Small\", \"price_delta\": 0, \"menu_item_id\": 11, \"effective_price\": 32000}, {\"id\": 89, \"slug\": \"medium\", \"label\": \"Medium\", \"price_delta\": 4000, \"menu_item_id\": 11, \"effective_price\": 36000}, {\"id\": 90, \"slug\": \"large\", \"label\": \"Large\", \"price_delta\": 7000, \"menu_item_id\": 11, \"effective_price\": 39000}], \"is_active\": 1, \"created_at\": \"2026-05-14 18:02:00\", \"image_path\": null, \"sort_order\": 3, \"updated_at\": \"2026-05-14 18:02:00\", \"category_id\": 2, \"description\": \"Kopi diseduh dingin 12 jam, smooth & less bitter\", \"has_toppings\": false, \"has_variants\": true, \"is_available\": 1, \"max_toppings\": 0, \"min_toppings\": 0, \"category_name\": \"Kopi Dingin\", \"category_slug\": \"kopi-dingin\", \"effective_price\": \"32000.00\", \"effective_available\": 1}, {\"id\": 12, \"name\": \"Es Kopi Susu\", \"slug\": \"es-kopi-susu\", \"price\": \"25000.00\", \"toppings\": [], \"variants\": [{\"id\": 91, \"slug\": \"small\", \"label\": \"Small\", \"price_delta\": 0, \"menu_item_id\": 12, \"effective_price\": 25000}, {\"id\": 92, \"slug\": \"medium\", \"label\": \"Medium\", \"price_delta\": 3000, \"menu_item_id\": 12, \"effective_price\": 28000}, {\"id\": 93, \"slug\": \"large\", \"label\": \"Large\", \"price_delta\": 6000, \"menu_item_id\": 12, \"effective_price\": 31000}], \"is_active\": 1, \"created_at\": \"2026-05-14 18:02:00\", \"image_path\": null, \"sort_order\": 4, \"updated_at\": \"2026-05-14 18:02:00\", \"category_id\": 2, \"description\": \"Kopi susu khas Indonesia yang viral\", \"has_toppings\": false, \"has_variants\": true, \"is_available\": 1, \"max_toppings\": 0, \"min_toppings\": 0, \"category_name\": \"Kopi Dingin\", \"category_slug\": \"kopi-dingin\", \"effective_price\": \"25000.00\", \"effective_available\": 1}, {\"id\": 13, \"name\": \"Vietnamese Coffee\", \"slug\": \"vietnamese-coffee\", \"price\": \"27000.00\", \"toppings\": [], \"variants\": [{\"id\": 94, \"slug\": \"small\", \"label\": \"Small\", \"price_delta\": 0, \"menu_item_id\": 13, \"effective_price\": 27000}, {\"id\": 95, \"slug\": \"medium\", \"label\": \"Medium\", \"price_delta\": 3000, \"menu_item_id\": 13, \"effective_price\": 30000}, {\"id\": 96, \"slug\": \"large\", \"label\": \"Large\", \"price_delta\": 6000, \"menu_item_id\": 13, \"effective_price\": 33000}], \"is_active\": 1, \"created_at\": \"2026-05-14 18:02:00\", \"image_path\": null, \"sort_order\": 5, \"updated_at\": \"2026-05-14 18:02:00\", \"category_id\": 2, \"description\": \"Kopi kental dengan susu kental manis\", \"has_toppings\": false, \"has_variants\": true, \"is_available\": 1, \"max_toppings\": 0, \"min_toppings\": 0, \"category_name\": \"Kopi Dingin\", \"category_slug\": \"kopi-dingin\", \"effective_price\": \"27000.00\", \"effective_available\": 1}, {\"id\": 14, \"name\": \"Caramel Frappé\", \"slug\": \"caramel-frappe\", \"price\": \"33000.00\", \"toppings\": [], \"variants\": [{\"id\": 112, \"slug\": \"regular\", \"label\": \"Regular\", \"price_delta\": 0, \"menu_item_id\": 14, \"effective_price\": 33000}, {\"id\": 113, \"slug\": \"large\", \"label\": \"Large\", \"price_delta\": 5000, \"menu_item_id\": 14, \"effective_price\": 38000}], \"is_active\": 1, \"created_at\": \"2026-05-14 18:02:00\", \"image_path\": null, \"sort_order\": 6, \"updated_at\": \"2026-05-14 18:02:00\", \"category_id\": 2, \"description\": \"Blended coffee dengan karamel, creamy & manis\", \"has_toppings\": false, \"has_variants\": true, \"is_available\": 1, \"max_toppings\": 0, \"min_toppings\": 0, \"category_name\": \"Kopi Dingin\", \"category_slug\": \"kopi-dingin\", \"effective_price\": \"33000.00\", \"effective_available\": 1}, {\"id\": 15, \"name\": \"Mocha Frappe\", \"slug\": \"mocha-frappe\", \"price\": \"33000.00\", \"toppings\": [], \"variants\": [{\"id\": 114, \"slug\": \"regular\", \"label\": \"Regular\", \"price_delta\": 0, \"menu_item_id\": 15, \"effective_price\": 33000}, {\"id\": 115, \"slug\": \"large\", \"label\": \"Large\", \"price_delta\": 5000, \"menu_item_id\": 15, \"effective_price\": 38000}], \"is_active\": 1, \"created_at\": \"2026-05-14 18:02:00\", \"image_path\": null, \"sort_order\": 7, \"updated_at\": \"2026-05-14 18:02:00\", \"category_id\": 2, \"description\": \"Blended coffee dengan cokelat dan whipped cream\", \"has_toppings\": false, \"has_variants\": true, \"is_available\": 1, \"max_toppings\": 0, \"min_toppings\": 0, \"category_name\": \"Kopi Dingin\", \"category_slug\": \"kopi-dingin\", \"effective_price\": \"33000.00\", \"effective_available\": 1}, {\"id\": 50, \"name\": \"Iced Cappuccino\", \"slug\": \"iced-cappuccino\", \"price\": \"27000.00\", \"toppings\": [], \"variants\": [], \"is_active\": 1, \"created_at\": \"2026-05-16 03:05:46\", \"image_path\": null, \"sort_order\": 8, \"updated_at\": \"2026-05-16 03:05:46\", \"category_id\": 2, \"description\": \"Cappuccino segar disajikan dingin dengan es batu yang berlimpah\", \"has_toppings\": false, \"has_variants\": false, \"is_available\": 1, \"max_toppings\": 0, \"min_toppings\": 0, \"category_name\": \"Kopi Dingin\", \"category_slug\": \"kopi-dingin\", \"effective_price\": \"27000.00\", \"effective_available\": 1}, {\"id\": 51, \"name\": \"Iced Flat White\", \"slug\": \"iced-flat-white\", \"price\": \"30000.00\", \"toppings\": [], \"variants\": [], \"is_active\": 1, \"created_at\": \"2026-05-16 03:05:46\", \"image_path\": null, \"sort_order\": 9, \"updated_at\": \"2026-05-16 03:05:46\", \"category_id\": 2, \"description\": \"Flat white double shot dengan susu full cream dingin & es batu\", \"has_toppings\": false, \"has_variants\": false, \"is_available\": 1, \"max_toppings\": 0, \"min_toppings\": 0, \"category_name\": \"Kopi Dingin\", \"category_slug\": \"kopi-dingin\", \"effective_price\": \"30000.00\", \"effective_available\": 1}, {\"id\": 52, \"name\": \"Iced Macchiato\", \"slug\": \"iced-macchiato\", \"price\": \"25000.00\", \"toppings\": [], \"variants\": [], \"is_active\": 1, \"created_at\": \"2026-05-16 03:05:46\", \"image_path\": null, \"sort_order\": 10, \"updated_at\": \"2026-05-16 03:05:46\", \"category_id\": 2, \"description\": \"Macchiato es berlapis, susu di bawah lalu espresso perlahan di atasnya\", \"has_toppings\": false, \"has_variants\": false, \"is_available\": 1, \"max_toppings\": 0, \"min_toppings\": 0, \"category_name\": \"Kopi Dingin\", \"category_slug\": \"kopi-dingin\", \"effective_price\": \"25000.00\", \"effective_available\": 1}, {\"id\": 53, \"name\": \"Nitro Cold Brew\", \"slug\": \"nitro-cold-brew\", \"price\": \"38000.00\", \"toppings\": [], \"variants\": [], \"is_active\": 1, \"created_at\": \"2026-05-16 03:05:46\", \"image_path\": null, \"sort_order\": 11, \"updated_at\": \"2026-05-16 03:05:46\", \"category_id\": 2, \"description\": \"Cold brew dengan nitrogen — tekstur creamy tanpa susu, extremely smooth\", \"has_toppings\": false, \"has_variants\": false, \"is_available\": 1, \"max_toppings\": 0, \"min_toppings\": 0, \"category_name\": \"Kopi Dingin\", \"category_slug\": \"kopi-dingin\", \"effective_price\": \"38000.00\", \"effective_available\": 1}, {\"id\": 54, \"name\": \"Cold Brew Tonic\", \"slug\": \"cold-brew-tonic\", \"price\": \"35000.00\", \"toppings\": [], \"variants\": [], \"is_active\": 1, \"created_at\": \"2026-05-16 03:05:46\", \"image_path\": null, \"sort_order\": 12, \"updated_at\": \"2026-05-16 03:05:46\", \"category_id\": 2, \"description\": \"Cold brew dicampur tonic water berbuih, segar dengan citrus notes\", \"has_toppings\": false, \"has_variants\": false, \"is_available\": 1, \"max_toppings\": 0, \"min_toppings\": 0, \"category_name\": \"Kopi Dingin\", \"category_slug\": \"kopi-dingin\", \"effective_price\": \"35000.00\", \"effective_available\": 1}, {\"id\": 55, \"name\": \"Iced Hazelnut Latte\", \"slug\": \"iced-hazelnut-latte\", \"price\": \"32000.00\", \"toppings\": [], \"variants\": [], \"is_active\": 1, \"created_at\": \"2026-05-16 03:05:46\", \"image_path\": null, \"sort_order\": 13, \"updated_at\": \"2026-05-16 03:05:46\", \"category_id\": 2, \"description\": \"Latte hazelnut dingin, nutty & manis, sempurna untuk hari panas\", \"has_toppings\": false, \"has_variants\": false, \"is_available\": 1, \"max_toppings\": 0, \"min_toppings\": 0, \"category_name\": \"Kopi Dingin\", \"category_slug\": \"kopi-dingin\", \"effective_price\": \"32000.00\", \"effective_available\": 1}, {\"id\": 56, \"name\": \"Iced Vanilla Latte\", \"slug\": \"iced-vanilla-latte\", \"price\": \"30000.00\", \"toppings\": [], \"variants\": [], \"is_active\": 1, \"created_at\": \"2026-05-16 03:05:46\", \"image_path\": null, \"sort_order\": 14, \"updated_at\": \"2026-05-16 03:05:46\", \"category_id\": 2, \"description\": \"Latte vanilla segar dengan es, fragrant & smooth di setiap tegukan\", \"has_toppings\": false, \"has_variants\": false, \"is_available\": 1, \"max_toppings\": 0, \"min_toppings\": 0, \"category_name\": \"Kopi Dingin\", \"category_slug\": \"kopi-dingin\", \"effective_price\": \"30000.00\", \"effective_available\": 1}, {\"id\": 57, \"name\": \"Iced Caramel Latte\", \"slug\": \"iced-caramel-latte\", \"price\": \"31000.00\", \"toppings\": [], \"variants\": [], \"is_active\": 1, \"created_at\": \"2026-05-16 03:05:46\", \"image_path\": null, \"sort_order\": 15, \"updated_at\": \"2026-05-16 03:05:46\", \"category_id\": 2, \"description\": \"Latte karamel dingin dengan drizzle karamel di atas, manis & indulgent\", \"has_toppings\": false, \"has_variants\": false, \"is_available\": 1, \"max_toppings\": 0, \"min_toppings\": 0, \"category_name\": \"Kopi Dingin\", \"category_slug\": \"kopi-dingin\", \"effective_price\": \"31000.00\", \"effective_available\": 1}, {\"id\": 58, \"name\": \"Iced Brown Sugar Latte\", \"slug\": \"iced-brown-sugar-latte\", \"price\": \"30000.00\", \"toppings\": [], \"variants\": [], \"is_active\": 1, \"created_at\": \"2026-05-16 03:05:46\", \"image_path\": null, \"sort_order\": 16, \"updated_at\": \"2026-05-16 03:05:46\", \"category_id\": 2, \"description\": \"Brown sugar latte dingin dengan cinnamon stick, manis alami & syrupy\", \"has_toppings\": false, \"has_variants\": false, \"is_available\": 1, \"max_toppings\": 0, \"min_toppings\": 0, \"category_name\": \"Kopi Dingin\", \"category_slug\": \"kopi-dingin\", \"effective_price\": \"30000.00\", \"effective_available\": 1}, {\"id\": 59, \"name\": \"Iced Pandan Latte\", \"slug\": \"iced-pandan-latte\", \"price\": \"29000.00\", \"toppings\": [], \"variants\": [], \"is_active\": 1, \"created_at\": \"2026-05-16 03:05:46\", \"image_path\": null, \"sort_order\": 17, \"updated_at\": \"2026-05-16 03:05:46\", \"category_id\": 2, \"description\": \"Latte pandan segar, wangi khas & menyegarkan, green & tropical\", \"has_toppings\": false, \"has_variants\": false, \"is_available\": 1, \"max_toppings\": 0, \"min_toppings\": 0, \"category_name\": \"Kopi Dingin\", \"category_slug\": \"kopi-dingin\", \"effective_price\": \"29000.00\", \"effective_available\": 1}, {\"id\": 60, \"name\": \"Iced Ube Latte\", \"slug\": \"iced-ube-latte\", \"price\": \"34000.00\", \"toppings\": [], \"variants\": [], \"is_active\": 1, \"created_at\": \"2026-05-16 03:05:46\", \"image_path\": null, \"sort_order\": 18, \"updated_at\": \"2026-05-16 03:05:46\", \"category_id\": 2, \"description\": \"Ube latte ungu cantik disajikan dengan es, creamy & Instagrammable\", \"has_toppings\": false, \"has_variants\": false, \"is_available\": 1, \"max_toppings\": 0, \"min_toppings\": 0, \"category_name\": \"Kopi Dingin\", \"category_slug\": \"kopi-dingin\", \"effective_price\": \"34000.00\", \"effective_available\": 1}, {\"id\": 61, \"name\": \"Iced Lavender Latte\", \"slug\": \"iced-lavender-latte\", \"price\": \"32000.00\", \"toppings\": [], \"variants\": [], \"is_active\": 1, \"created_at\": \"2026-05-16 03:05:46\", \"image_path\": null, \"sort_order\": 19, \"updated_at\": \"2026-05-16 03:05:46\", \"category_id\": 2, \"description\": \"Lavender latte floral yang menyegarkan, perfect summer drink\", \"has_toppings\": false, \"has_variants\": false, \"is_available\": 1, \"max_toppings\": 0, \"min_toppings\": 0, \"category_name\": \"Kopi Dingin\", \"category_slug\": \"kopi-dingin\", \"effective_price\": \"32000.00\", \"effective_available\": 1}, {\"id\": 62, \"name\": \"Es Kopi Gula Aren\", \"slug\": \"es-kopi-gula-aren\", \"price\": \"27000.00\", \"toppings\": [], \"variants\": [], \"is_active\": 1, \"created_at\": \"2026-05-16 03:05:46\", \"image_path\": null, \"sort_order\": 20, \"updated_at\": \"2026-05-16 03:05:46\", \"category_id\": 2, \"description\": \"Kopi gula aren asli disajikan dingin, manis legit khas Nusantara\", \"has_toppings\": false, \"has_variants\": false, \"is_available\": 1, \"max_toppings\": 0, \"min_toppings\": 0, \"category_name\": \"Kopi Dingin\", \"category_slug\": \"kopi-dingin\", \"effective_price\": \"27000.00\", \"effective_available\": 1}, {\"id\": 63, \"name\": \"Iced Cortado\", \"slug\": \"iced-cortado\", \"price\": \"25000.00\", \"toppings\": [], \"variants\": [], \"is_active\": 1, \"created_at\": \"2026-05-16 03:05:46\", \"image_path\": null, \"sort_order\": 21, \"updated_at\": \"2026-05-16 03:05:46\", \"category_id\": 2, \"description\": \"Cortado segar dengan es batu, balance antara espresso & susu\", \"has_toppings\": false, \"has_variants\": false, \"is_available\": 1, \"max_toppings\": 0, \"min_toppings\": 0, \"category_name\": \"Kopi Dingin\", \"category_slug\": \"kopi-dingin\", \"effective_price\": \"25000.00\", \"effective_available\": 1}, {\"id\": 64, \"name\": \"Coffee Tonic\", \"slug\": \"coffee-tonic\", \"price\": \"33000.00\", \"toppings\": [], \"variants\": [], \"is_active\": 1, \"created_at\": \"2026-05-16 03:05:46\", \"image_path\": null, \"sort_order\": 22, \"updated_at\": \"2026-05-16 03:05:46\", \"category_id\": 2, \"description\": \"Espresso & tonic water berbuih — kombinasi tak terduga yang addictive\", \"has_toppings\": false, \"has_variants\": false, \"is_available\": 1, \"max_toppings\": 0, \"min_toppings\": 0, \"category_name\": \"Kopi Dingin\", \"category_slug\": \"kopi-dingin\", \"effective_price\": \"33000.00\", \"effective_available\": 1}, {\"id\": 65, \"name\": \"Iced Dirty Matcha\", \"slug\": \"iced-dirty-matcha\", \"price\": \"35000.00\", \"toppings\": [], \"variants\": [], \"is_active\": 1, \"created_at\": \"2026-05-16 03:05:46\", \"image_path\": null, \"sort_order\": 23, \"updated_at\": \"2026-05-16 03:05:46\", \"category_id\": 2, \"description\": \"Matcha latte dengan espresso shot di atasnya, double kick caffeine\", \"has_toppings\": false, \"has_variants\": false, \"is_available\": 1, \"max_toppings\": 0, \"min_toppings\": 0, \"category_name\": \"Kopi Dingin\", \"category_slug\": \"kopi-dingin\", \"effective_price\": \"35000.00\", \"effective_available\": 1}, {\"id\": 66, \"name\": \"Dalgona Coffee\", \"slug\": \"dalgona-coffee\", \"price\": \"30000.00\", \"toppings\": [], \"variants\": [], \"is_active\": 1, \"created_at\": \"2026-05-16 03:05:46\", \"image_path\": null, \"sort_order\": 24, \"updated_at\": \"2026-05-16 03:05:46\", \"category_id\": 2, \"description\": \"Whipped coffee Korean style yang fluffy di atas susu dingin\", \"has_toppings\": false, \"has_variants\": false, \"is_available\": 1, \"max_toppings\": 0, \"min_toppings\": 0, \"category_name\": \"Kopi Dingin\", \"category_slug\": \"kopi-dingin\", \"effective_price\": \"30000.00\", \"effective_available\": 1}, {\"id\": 67, \"name\": \"Iced Spanish Latte\", \"slug\": \"iced-spanish-latte\", \"price\": \"31000.00\", \"toppings\": [], \"variants\": [], \"is_active\": 1, \"created_at\": \"2026-05-16 03:05:46\", \"image_path\": null, \"sort_order\": 25, \"updated_at\": \"2026-05-16 03:05:46\", \"category_id\": 2, \"description\": \"Espresso dengan susu kental manis & susu segar, manis & very creamy\", \"has_toppings\": false, \"has_variants\": false, \"is_available\": 1, \"max_toppings\": 0, \"min_toppings\": 0, \"category_name\": \"Kopi Dingin\", \"category_slug\": \"kopi-dingin\", \"effective_price\": \"31000.00\", \"effective_available\": 1}, {\"id\": 68, \"name\": \"Iced Coconut Latte\", \"slug\": \"iced-coconut-latte\", \"price\": \"32000.00\", \"toppings\": [], \"variants\": [], \"is_active\": 1, \"created_at\": \"2026-05-16 03:05:46\", \"image_path\": null, \"sort_order\": 26, \"updated_at\": \"2026-05-16 03:05:46\", \"category_id\": 2, \"description\": \"Latte dengan coconut milk, tropical, dairy-free & naturally sweet\", \"has_toppings\": false, \"has_variants\": false, \"is_available\": 1, \"max_toppings\": 0, \"min_toppings\": 0, \"category_name\": \"Kopi Dingin\", \"category_slug\": \"kopi-dingin\", \"effective_price\": \"32000.00\", \"effective_available\": 1}, {\"id\": 69, \"name\": \"Es Kopi Susu Aren\", \"slug\": \"es-kopi-susu-aren\", \"price\": \"28000.00\", \"toppings\": [], \"variants\": [], \"is_active\": 1, \"created_at\": \"2026-05-16 03:05:46\", \"image_path\": null, \"sort_order\": 27, \"updated_at\": \"2026-05-16 03:05:46\", \"category_id\": 2, \"description\": \"Es kopi susu dengan gula aren murni — upgrade dari versi gula biasa\", \"has_toppings\": false, \"has_variants\": false, \"is_available\": 1, \"max_toppings\": 0, \"min_toppings\": 0, \"category_name\": \"Kopi Dingin\", \"category_slug\": \"kopi-dingin\", \"effective_price\": \"28000.00\", \"effective_available\": 1}, {\"id\": 16, \"name\": \"Matcha Latte\", \"slug\": \"matcha-latte\", \"price\": \"28000.00\", \"toppings\": [], \"variants\": [{\"id\": 97, \"slug\": \"small\", \"label\": \"Small\", \"price_delta\": 0, \"menu_item_id\": 16, \"effective_price\": 28000}, {\"id\": 98, \"slug\": \"medium\", \"label\": \"Medium\", \"price_delta\": 4000, \"menu_item_id\": 16, \"effective_price\": 32000}, {\"id\": 99, \"slug\": \"large\", \"label\": \"Large\", \"price_delta\": 7000, \"menu_item_id\": 16, \"effective_price\": 35000}], \"is_active\": 1, \"created_at\": \"2026-05-14 18:02:00\", \"image_path\": null, \"sort_order\": 1, \"updated_at\": \"2026-05-14 18:02:00\", \"category_id\": 3, \"description\": \"Green tea Jepang dengan steamed milk, creamy & earthy\", \"has_toppings\": false, \"has_variants\": true, \"is_available\": 1, \"max_toppings\": 0, \"min_toppings\": 0, \"category_name\": \"Non Kopi\", \"category_slug\": \"non-kopi\", \"effective_price\": \"28000.00\", \"effective_available\": 1}, {\"id\": 17, \"name\": \"Chocolate\", \"slug\": \"chocolate\", \"price\": \"25000.00\", \"toppings\": [], \"variants\": [{\"id\": 100, \"slug\": \"small\", \"label\": \"Small\", \"price_delta\": 0, \"menu_item_id\": 17, \"effective_price\": 25000}, {\"id\": 101, \"slug\": \"medium\", \"label\": \"Medium\", \"price_delta\": 4000, \"menu_item_id\": 17, \"effective_price\": 29000}, {\"id\": 102, \"slug\": \"large\", \"label\": \"Large\", \"price_delta\": 7000, \"menu_item_id\": 17, \"effective_price\": 32000}], \"is_active\": 1, \"created_at\": \"2026-05-14 18:02:00\", \"image_path\": null, \"sort_order\": 2, \"updated_at\": \"2026-05-14 18:02:00\", \"category_id\": 3, \"description\": \"Rich hot chocolate yang mewah\", \"has_toppings\": false, \"has_variants\": true, \"is_available\": 1, \"max_toppings\": 0, \"min_toppings\": 0, \"category_name\": \"Non Kopi\", \"category_slug\": \"non-kopi\", \"effective_price\": \"25000.00\", \"effective_available\": 1}, {\"id\": 18, \"name\": \"Teh Tarik\", \"slug\": \"teh-tarik\", \"price\": \"20000.00\", \"toppings\": [], \"variants\": [{\"id\": 103, \"slug\": \"small\", \"label\": \"Small\", \"price_delta\": 0, \"menu_item_id\": 18, \"effective_price\": 20000}, {\"id\": 104, \"slug\": \"medium\", \"label\": \"Medium\", \"price_delta\": 3000, \"menu_item_id\": 18, \"effective_price\": 23000}, {\"id\": 105, \"slug\": \"large\", \"label\": \"Large\", \"price_delta\": 6000, \"menu_item_id\": 18, \"effective_price\": 26000}], \"is_active\": 1, \"created_at\": \"2026-05-14 18:02:00\", \"image_path\": null, \"sort_order\": 3, \"updated_at\": \"2026-05-14 18:02:00\", \"category_id\": 3, \"description\": \"Teh Malaysia classic yang creamy\", \"has_toppings\": false, \"has_variants\": true, \"is_available\": 1, \"max_toppings\": 0, \"min_toppings\": 0, \"category_name\": \"Non Kopi\", \"category_slug\": \"non-kopi\", \"effective_price\": \"20000.00\", \"effective_available\": 1}, {\"id\": 19, \"name\": \"Strawberry Smoothie\", \"slug\": \"strawberry-smoothie\", \"price\": \"30000.00\", \"toppings\": [], \"variants\": [{\"id\": 106, \"slug\": \"small\", \"label\": \"Small\", \"price_delta\": 0, \"menu_item_id\": 19, \"effective_price\": 30000}, {\"id\": 107, \"slug\": \"medium\", \"label\": \"Medium\", \"price_delta\": 4000, \"menu_item_id\": 19, \"effective_price\": 34000}, {\"id\": 108, \"slug\": \"large\", \"label\": \"Large\", \"price_delta\": 7000, \"menu_item_id\": 19, \"effective_price\": 37000}], \"is_active\": 1, \"created_at\": \"2026-05-14 18:02:00\", \"image_path\": null, \"sort_order\": 4, \"updated_at\": \"2026-05-14 18:02:00\", \"category_id\": 3, \"description\": \"Smoothie stroberi segar dengan yogurt\", \"has_toppings\": false, \"has_variants\": true, \"is_available\": 1, \"max_toppings\": 0, \"min_toppings\": 0, \"category_name\": \"Non Kopi\", \"category_slug\": \"non-kopi\", \"effective_price\": \"30000.00\", \"effective_available\": 1}, {\"id\": 20, \"name\": \"Lemon Tea\", \"slug\": \"lemon-tea\", \"price\": \"18000.00\", \"toppings\": [], \"variants\": [{\"id\": 109, \"slug\": \"small\", \"label\": \"Small\", \"price_delta\": 0, \"menu_item_id\": 20, \"effective_price\": 18000}, {\"id\": 110, \"slug\": \"medium\", \"label\": \"Medium\", \"price_delta\": 3000, \"menu_item_id\": 20, \"effective_price\": 21000}, {\"id\": 111, \"slug\": \"large\", \"label\": \"Large\", \"price_delta\": 5000, \"menu_item_id\": 20, \"effective_price\": 23000}], \"is_active\": 1, \"created_at\": \"2026-05-14 18:02:00\", \"image_path\": null, \"sort_order\": 5, \"updated_at\": \"2026-05-14 18:02:00\", \"category_id\": 3, \"description\": \"Teh lemon segar, cocok untuk cuaca panas\", \"has_toppings\": false, \"has_variants\": true, \"is_available\": 1, \"max_toppings\": 0, \"min_toppings\": 0, \"category_name\": \"Non Kopi\", \"category_slug\": \"non-kopi\", \"effective_price\": \"18000.00\", \"effective_available\": 1}, {\"id\": 70, \"name\": \"Iced Matcha Latte\", \"slug\": \"iced-matcha-latte\", \"price\": \"30000.00\", \"toppings\": [], \"variants\": [], \"is_active\": 1, \"created_at\": \"2026-05-16 03:05:46\", \"image_path\": null, \"sort_order\": 6, \"updated_at\": \"2026-05-16 03:05:46\", \"category_id\": 3, \"description\": \"Matcha latte Jepang disajikan dingin, earthy & refreshing\", \"has_toppings\": false, \"has_variants\": false, \"is_available\": 1, \"max_toppings\": 0, \"min_toppings\": 0, \"category_name\": \"Non Kopi\", \"category_slug\": \"non-kopi\", \"effective_price\": \"30000.00\", \"effective_available\": 1}, {\"id\": 71, \"name\": \"Matcha Frappe\", \"slug\": \"matcha-frappe\", \"price\": \"32000.00\", \"toppings\": [], \"variants\": [], \"is_active\": 1, \"created_at\": \"2026-05-16 03:05:46\", \"image_path\": null, \"sort_order\": 7, \"updated_at\": \"2026-05-16 03:05:46\", \"category_id\": 3, \"description\": \"Blended matcha dengan milk & es batu, thick, creamy & intense\", \"has_toppings\": false, \"has_variants\": false, \"is_available\": 1, \"max_toppings\": 0, \"min_toppings\": 0, \"category_name\": \"Non Kopi\", \"category_slug\": \"non-kopi\", \"effective_price\": \"32000.00\", \"effective_available\": 1}, {\"id\": 72, \"name\": \"Hojicha Latte\", \"slug\": \"hojicha-latte\", \"price\": \"28000.00\", \"toppings\": [], \"variants\": [], \"is_active\": 1, \"created_at\": \"2026-05-16 03:05:46\", \"image_path\": null, \"sort_order\": 8, \"updated_at\": \"2026-05-16 03:05:46\", \"category_id\": 3, \"description\": \"Teh hijau panggang Jepang, roasty & nutty, less caffeine & very comforting\", \"has_toppings\": false, \"has_variants\": false, \"is_available\": 1, \"max_toppings\": 0, \"min_toppings\": 0, \"category_name\": \"Non Kopi\", \"category_slug\": \"non-kopi\", \"effective_price\": \"28000.00\", \"effective_available\": 1}, {\"id\": 73, \"name\": \"Iced Hojicha Latte\", \"slug\": \"iced-hojicha-latte\", \"price\": \"29000.00\", \"toppings\": [], \"variants\": [], \"is_active\": 1, \"created_at\": \"2026-05-16 03:05:46\", \"image_path\": null, \"sort_order\": 9, \"updated_at\": \"2026-05-16 03:05:46\", \"category_id\": 3, \"description\": \"Hojicha latte segar disajikan dingin, roasty & slightly sweet\", \"has_toppings\": false, \"has_variants\": false, \"is_available\": 1, \"max_toppings\": 0, \"min_toppings\": 0, \"category_name\": \"Non Kopi\", \"category_slug\": \"non-kopi\", \"effective_price\": \"29000.00\", \"effective_available\": 1}, {\"id\": 74, \"name\": \"Taro Latte\", \"slug\": \"taro-latte\", \"price\": \"30000.00\", \"toppings\": [], \"variants\": [], \"is_active\": 1, \"created_at\": \"2026-05-16 03:05:46\", \"image_path\": null, \"sort_order\": 10, \"updated_at\": \"2026-05-16 03:05:46\", \"category_id\": 3, \"description\": \"Latte dengan keladi ungu Filipina, creamy, manis alami & berwarna cantik\", \"has_toppings\": false, \"has_variants\": false, \"is_available\": 1, \"max_toppings\": 0, \"min_toppings\": 0, \"category_name\": \"Non Kopi\", \"category_slug\": \"non-kopi\", \"effective_price\": \"30000.00\", \"effective_available\": 1}, {\"id\": 75, \"name\": \"Iced Taro Latte\", \"slug\": \"iced-taro-latte\", \"price\": \"31000.00\", \"toppings\": [], \"variants\": [], \"is_active\": 1, \"created_at\": \"2026-05-16 03:05:46\", \"image_path\": null, \"sort_order\": 11, \"updated_at\": \"2026-05-16 03:05:46\", \"category_id\": 3, \"description\": \"Taro latte ungu cantik disajikan dingin, smooth & tropical\", \"has_toppings\": false, \"has_variants\": false, \"is_available\": 1, \"max_toppings\": 0, \"min_toppings\": 0, \"category_name\": \"Non Kopi\", \"category_slug\": \"non-kopi\", \"effective_price\": \"31000.00\", \"effective_available\": 1}, {\"id\": 76, \"name\": \"Butterfly Pea Latte\", \"slug\": \"butterfly-pea-latte\", \"price\": \"28000.00\", \"toppings\": [], \"variants\": [], \"is_active\": 1, \"created_at\": \"2026-05-16 03:05:46\", \"image_path\": null, \"sort_order\": 12, \"updated_at\": \"2026-05-16 03:05:46\", \"category_id\": 3, \"description\": \"Latte dengan bunga telang biru, warna indah & unik — berubah ungu dengan lemon\", \"has_toppings\": false, \"has_variants\": false, \"is_available\": 1, \"max_toppings\": 0, \"min_toppings\": 0, \"category_name\": \"Non Kopi\", \"category_slug\": \"non-kopi\", \"effective_price\": \"28000.00\", \"effective_available\": 1}, {\"id\": 77, \"name\": \"Iced Chocolate\", \"slug\": \"iced-chocolate\", \"price\": \"27000.00\", \"toppings\": [], \"variants\": [], \"is_active\": 1, \"created_at\": \"2026-05-16 03:05:46\", \"image_path\": null, \"sort_order\": 13, \"updated_at\": \"2026-05-16 03:05:46\", \"category_id\": 3, \"description\": \"Rich dark chocolate milk dingin dengan es batu, indulgent & refreshing\", \"has_toppings\": false, \"has_variants\": false, \"is_available\": 1, \"max_toppings\": 0, \"min_toppings\": 0, \"category_name\": \"Non Kopi\", \"category_slug\": \"non-kopi\", \"effective_price\": \"27000.00\", \"effective_available\": 1}, {\"id\": 78, \"name\": \"Chocolate Frappe\", \"slug\": \"chocolate-frappe\", \"price\": \"33000.00\", \"toppings\": [], \"variants\": [], \"is_active\": 1, \"created_at\": \"2026-05-16 03:05:46\", \"image_path\": null, \"sort_order\": 14, \"updated_at\": \"2026-05-16 03:05:46\", \"category_id\": 3, \"description\": \"Blended chocolate dengan whipped cream & chocolate drizzle, pure indulgence\", \"has_toppings\": false, \"has_variants\": false, \"is_available\": 1, \"max_toppings\": 0, \"min_toppings\": 0, \"category_name\": \"Non Kopi\", \"category_slug\": \"non-kopi\", \"effective_price\": \"33000.00\", \"effective_available\": 1}, {\"id\": 79, \"name\": \"Milo Dinosaur\", \"slug\": \"milo-dinosaur\", \"price\": \"25000.00\", \"toppings\": [], \"variants\": [], \"is_active\": 1, \"created_at\": \"2026-05-16 03:05:46\", \"image_path\": null, \"sort_order\": 15, \"updated_at\": \"2026-05-16 03:05:46\", \"category_id\": 3, \"description\": \"Milo iced dengan taburan Milo bubuk yang banyak di atasnya — legendary\", \"has_toppings\": false, \"has_variants\": false, \"is_available\": 1, \"max_toppings\": 0, \"min_toppings\": 0, \"category_name\": \"Non Kopi\", \"category_slug\": \"non-kopi\", \"effective_price\": \"25000.00\", \"effective_available\": 1}, {\"id\": 80, \"name\": \"Avocado Smoothie\", \"slug\": \"avocado-smoothie\", \"price\": \"32000.00\", \"toppings\": [], \"variants\": [], \"is_active\": 1, \"created_at\": \"2026-05-16 03:05:46\", \"image_path\": null, \"sort_order\": 16, \"updated_at\": \"2026-05-16 03:05:46\", \"category_id\": 3, \"description\": \"Smoothie alpukat segar dengan susu full cream & sedikit madu, creamy & healthy\", \"has_toppings\": false, \"has_variants\": false, \"is_available\": 1, \"max_toppings\": 0, \"min_toppings\": 0, \"category_name\": \"Non Kopi\", \"category_slug\": \"non-kopi\", \"effective_price\": \"32000.00\", \"effective_available\": 1}, {\"id\": 81, \"name\": \"Mango Smoothie\", \"slug\": \"mango-smoothie\", \"price\": \"30000.00\", \"toppings\": [], \"variants\": [], \"is_active\": 1, \"created_at\": \"2026-05-16 03:05:46\", \"image_path\": null, \"sort_order\": 17, \"updated_at\": \"2026-05-16 03:05:46\", \"category_id\": 3, \"description\": \"Smoothie mangga harum & segar dari buah mangga asli, tropical vibes\", \"has_toppings\": false, \"has_variants\": false, \"is_available\": 1, \"max_toppings\": 0, \"min_toppings\": 0, \"category_name\": \"Non Kopi\", \"category_slug\": \"non-kopi\", \"effective_price\": \"30000.00\", \"effective_available\": 1}, {\"id\": 82, \"name\": \"Chai Latte\", \"slug\": \"chai-latte\", \"price\": \"27000.00\", \"toppings\": [], \"variants\": [], \"is_active\": 1, \"created_at\": \"2026-05-16 03:05:46\", \"image_path\": null, \"sort_order\": 18, \"updated_at\": \"2026-05-16 03:05:46\", \"category_id\": 3, \"description\": \"Teh masala India dengan kayu manis, jahe, kapulaga & steamed milk, spicy warm\", \"has_toppings\": false, \"has_variants\": false, \"is_available\": 1, \"max_toppings\": 0, \"min_toppings\": 0, \"category_name\": \"Non Kopi\", \"category_slug\": \"non-kopi\", \"effective_price\": \"27000.00\", \"effective_available\": 1}, {\"id\": 83, \"name\": \"Iced Chai Latte\", \"slug\": \"iced-chai-latte\", \"price\": \"28000.00\", \"toppings\": [], \"variants\": [], \"is_active\": 1, \"created_at\": \"2026-05-16 03:05:46\", \"image_path\": null, \"sort_order\": 19, \"updated_at\": \"2026-05-16 03:05:46\", \"category_id\": 3, \"description\": \"Chai latte rempah disajikan dingin, spicy & refreshing, summer favourite\", \"has_toppings\": false, \"has_variants\": false, \"is_available\": 1, \"max_toppings\": 0, \"min_toppings\": 0, \"category_name\": \"Non Kopi\", \"category_slug\": \"non-kopi\", \"effective_price\": \"28000.00\", \"effective_available\": 1}, {\"id\": 84, \"name\": \"Pandan Susu\", \"slug\": \"pandan-susu\", \"price\": \"25000.00\", \"toppings\": [], \"variants\": [], \"is_active\": 1, \"created_at\": \"2026-05-16 03:05:46\", \"image_path\": null, \"sort_order\": 20, \"updated_at\": \"2026-05-16 03:05:46\", \"category_id\": 3, \"description\": \"Susu segar dengan pandan lokal — tanpa kopi, sweet, fragrant & soothing\", \"has_toppings\": false, \"has_variants\": false, \"is_available\": 1, \"max_toppings\": 0, \"min_toppings\": 0, \"category_name\": \"Non Kopi\", \"category_slug\": \"non-kopi\", \"effective_price\": \"25000.00\", \"effective_available\": 1}, {\"id\": 85, \"name\": \"Iced Thai Tea\", \"slug\": \"iced-thai-tea\", \"price\": \"25000.00\", \"toppings\": [], \"variants\": [], \"is_active\": 1, \"created_at\": \"2026-05-16 03:05:46\", \"image_path\": null, \"sort_order\": 21, \"updated_at\": \"2026-05-16 03:05:46\", \"category_id\": 3, \"description\": \"Teh Thailand khas dengan susu evaporasi bergula, manis & creamy\", \"has_toppings\": false, \"has_variants\": false, \"is_available\": 1, \"max_toppings\": 0, \"min_toppings\": 0, \"category_name\": \"Non Kopi\", \"category_slug\": \"non-kopi\", \"effective_price\": \"25000.00\", \"effective_available\": 1}, {\"id\": 86, \"name\": \"Banana Smoothie\", \"slug\": \"banana-smoothie\", \"price\": \"28000.00\", \"toppings\": [], \"variants\": [], \"is_active\": 1, \"created_at\": \"2026-05-16 03:05:46\", \"image_path\": null, \"sort_order\": 22, \"updated_at\": \"2026-05-16 03:05:46\", \"category_id\": 3, \"description\": \"Smoothie pisang creamy dengan susu & madu, natural energy booster\", \"has_toppings\": false, \"has_variants\": false, \"is_available\": 1, \"max_toppings\": 0, \"min_toppings\": 0, \"category_name\": \"Non Kopi\", \"category_slug\": \"non-kopi\", \"effective_price\": \"28000.00\", \"effective_available\": 1}, {\"id\": 87, \"name\": \"Red Velvet Latte\", \"slug\": \"red-velvet-latte\", \"price\": \"30000.00\", \"toppings\": [], \"variants\": [], \"is_active\": 1, \"created_at\": \"2026-05-16 03:05:46\", \"image_path\": null, \"sort_order\": 23, \"updated_at\": \"2026-05-16 03:05:46\", \"category_id\": 3, \"description\": \"Latte dengan red velvet flavour, creamy & indulgent, rich colour\", \"has_toppings\": false, \"has_variants\": false, \"is_available\": 1, \"max_toppings\": 0, \"min_toppings\": 0, \"category_name\": \"Non Kopi\", \"category_slug\": \"non-kopi\", \"effective_price\": \"30000.00\", \"effective_available\": 1}, {\"id\": 88, \"name\": \"Iced Teh Tarik\", \"slug\": \"iced-teh-tarik\", \"price\": \"22000.00\", \"toppings\": [], \"variants\": [], \"is_active\": 1, \"created_at\": \"2026-05-16 03:05:46\", \"image_path\": null, \"sort_order\": 24, \"updated_at\": \"2026-05-16 03:05:46\", \"category_id\": 3, \"description\": \"Teh tarik khas Malaysia disajikan dingin & segar, creamy & refreshing\", \"has_toppings\": false, \"has_variants\": false, \"is_available\": 1, \"max_toppings\": 0, \"min_toppings\": 0, \"category_name\": \"Non Kopi\", \"category_slug\": \"non-kopi\", \"effective_price\": \"22000.00\", \"effective_available\": 1}, {\"id\": 89, \"name\": \"Coconut Water Fresh\", \"slug\": \"coconut-water-fresh\", \"price\": \"28000.00\", \"toppings\": [], \"variants\": [], \"is_active\": 1, \"created_at\": \"2026-05-16 03:05:46\", \"image_path\": null, \"sort_order\": 25, \"updated_at\": \"2026-05-16 03:05:46\", \"category_id\": 3, \"description\": \"Air kelapa muda segar langsung dari buahnya, natural & hydrating\", \"has_toppings\": false, \"has_variants\": false, \"is_available\": 1, \"max_toppings\": 0, \"min_toppings\": 0, \"category_name\": \"Non Kopi\", \"category_slug\": \"non-kopi\", \"effective_price\": \"28000.00\", \"effective_available\": 1}, {\"id\": 21, \"name\": \"Croissant\", \"slug\": \"croissant\", \"price\": \"22000.00\", \"toppings\": [], \"variants\": [], \"is_active\": 1, \"created_at\": \"2026-05-14 18:02:00\", \"image_path\": null, \"sort_order\": 1, \"updated_at\": \"2026-05-14 18:02:00\", \"category_id\": 4, \"description\": \"Croissant butter lembut & renyah dari oven\", \"has_toppings\": false, \"has_variants\": false, \"is_available\": 1, \"max_toppings\": 0, \"min_toppings\": 0, \"category_name\": \"Cemilan\", \"category_slug\": \"cemilan\", \"effective_price\": \"22000.00\", \"effective_available\": 1}, {\"id\": 22, \"name\": \"Banana Bread\", \"slug\": \"banana-bread\", \"price\": \"25000.00\", \"toppings\": [], \"variants\": [], \"is_active\": 1, \"created_at\": \"2026-05-14 18:02:00\", \"image_path\": null, \"sort_order\": 2, \"updated_at\": \"2026-05-14 18:02:00\", \"category_id\": 4, \"description\": \"Roti pisang moist dengan walnuts\", \"has_toppings\": false, \"has_variants\": false, \"is_available\": 1, \"max_toppings\": 0, \"min_toppings\": 0, \"category_name\": \"Cemilan\", \"category_slug\": \"cemilan\", \"effective_price\": \"25000.00\", \"effective_available\": 1}, {\"id\": 23, \"name\": \"Cheese Cake Slice\", \"slug\": \"cheese-cake-slice\", \"price\": \"32000.00\", \"toppings\": [], \"variants\": [], \"is_active\": 1, \"created_at\": \"2026-05-14 18:02:00\", \"image_path\": null, \"sort_order\": 3, \"updated_at\": \"2026-05-14 18:02:00\", \"category_id\": 4, \"description\": \"Slice cheesecake original New York style\", \"has_toppings\": false, \"has_variants\": false, \"is_available\": 1, \"max_toppings\": 0, \"min_toppings\": 0, \"category_name\": \"Cemilan\", \"category_slug\": \"cemilan\", \"effective_price\": \"32000.00\", \"effective_available\": 1}, {\"id\": 24, \"name\": \"Cookies Assorted\", \"slug\": \"cookies-assorted\", \"price\": \"20000.00\", \"toppings\": [], \"variants\": [{\"id\": 116, \"slug\": \"regular\", \"label\": \"Regular\", \"price_delta\": 0, \"menu_item_id\": 24, \"effective_price\": 20000}, {\"id\": 117, \"slug\": \"large\", \"label\": \"Large\", \"price_delta\": 8000, \"menu_item_id\": 24, \"effective_price\": 28000}], \"is_active\": 1, \"created_at\": \"2026-05-14 18:02:00\", \"image_path\": null, \"sort_order\": 4, \"updated_at\": \"2026-05-14 18:02:00\", \"category_id\": 4, \"description\": \"Mixed cookies: chocolate chip, oatmeal, peanut butter\", \"has_toppings\": false, \"has_variants\": true, \"is_available\": 1, \"max_toppings\": 0, \"min_toppings\": 0, \"category_name\": \"Cemilan\", \"category_slug\": \"cemilan\", \"effective_price\": \"20000.00\", \"effective_available\": 1}, {\"id\": 25, \"name\": \"Sandwich Club\", \"slug\": \"sandwich-club\", \"price\": \"35000.00\", \"toppings\": [], \"variants\": [], \"is_active\": 1, \"created_at\": \"2026-05-14 18:02:00\", \"image_path\": null, \"sort_order\": 5, \"updated_at\": \"2026-05-14 18:02:00\", \"category_id\": 4, \"description\": \"Sandwich ayam, keju, selada & tomat\", \"has_toppings\": false, \"has_variants\": false, \"is_available\": 1, \"max_toppings\": 0, \"min_toppings\": 0, \"category_name\": \"Cemilan\", \"category_slug\": \"cemilan\", \"effective_price\": \"35000.00\", \"effective_available\": 1}, {\"id\": 26, \"name\": \"French Fries\", \"slug\": \"french-fries\", \"price\": \"25000.00\", \"toppings\": [], \"variants\": [{\"id\": 118, \"slug\": \"regular\", \"label\": \"Regular\", \"price_delta\": 0, \"menu_item_id\": 26, \"effective_price\": 25000}, {\"id\": 119, \"slug\": \"large\", \"label\": \"Large\", \"price_delta\": 8000, \"menu_item_id\": 26, \"effective_price\": 33000}], \"is_active\": 1, \"created_at\": \"2026-05-14 18:02:00\", \"image_path\": null, \"sort_order\": 6, \"updated_at\": \"2026-05-14 18:02:00\", \"category_id\": 4, \"description\": \"Kentang goreng crispy dengan saus\", \"has_toppings\": false, \"has_variants\": true, \"is_available\": 1, \"max_toppings\": 0, \"min_toppings\": 0, \"category_name\": \"Cemilan\", \"category_slug\": \"cemilan\", \"effective_price\": \"25000.00\", \"effective_available\": 1}, {\"id\": 90, \"name\": \"Roti Bakar Cokelat Keju\", \"slug\": \"roti-bakar-cokelat-keju\", \"price\": \"25000.00\", \"toppings\": [], \"variants\": [], \"is_active\": 1, \"created_at\": \"2026-05-16 03:05:46\", \"image_path\": null, \"sort_order\": 7, \"updated_at\": \"2026-05-16 03:05:46\", \"category_id\": 4, \"description\": \"Roti bakar tebal dengan lelehan cokelat & keju mozzarella, comfort food sejati\", \"has_toppings\": false, \"has_variants\": false, \"is_available\": 1, \"max_toppings\": 0, \"min_toppings\": 0, \"category_name\": \"Cemilan\", \"category_slug\": \"cemilan\", \"effective_price\": \"25000.00\", \"effective_available\": 1}, {\"id\": 91, \"name\": \"Roti Bakar Pandan Keju\", \"slug\": \"roti-bakar-pandan-keju\", \"price\": \"23000.00\", \"toppings\": [], \"variants\": [], \"is_active\": 1, \"created_at\": \"2026-05-16 03:05:46\", \"image_path\": null, \"sort_order\": 8, \"updated_at\": \"2026-05-16 03:05:46\", \"category_id\": 4, \"description\": \"Roti bakar dengan selai pandan wangi & parutan keju di atasnya\", \"has_toppings\": false, \"has_variants\": false, \"is_available\": 1, \"max_toppings\": 0, \"min_toppings\": 0, \"category_name\": \"Cemilan\", \"category_slug\": \"cemilan\", \"effective_price\": \"23000.00\", \"effective_available\": 1}, {\"id\": 92, \"name\": \"Waffle Original\", \"slug\": \"waffle-original\", \"price\": \"32000.00\", \"toppings\": [], \"variants\": [], \"is_active\": 1, \"created_at\": \"2026-05-16 03:05:46\", \"image_path\": null, \"sort_order\": 9, \"updated_at\": \"2026-05-16 03:05:46\", \"category_id\": 4, \"description\": \"Waffle crispy di luar, lembut di dalam dengan butter & maple syrup\", \"has_toppings\": false, \"has_variants\": false, \"is_available\": 1, \"max_toppings\": 0, \"min_toppings\": 0, \"category_name\": \"Cemilan\", \"category_slug\": \"cemilan\", \"effective_price\": \"32000.00\", \"effective_available\": 1}, {\"id\": 93, \"name\": \"Waffle Cokelat Keju\", \"slug\": \"waffle-cokelat-keju\", \"price\": \"35000.00\", \"toppings\": [], \"variants\": [], \"is_active\": 1, \"created_at\": \"2026-05-16 03:05:46\", \"image_path\": null, \"sort_order\": 10, \"updated_at\": \"2026-05-16 03:05:46\", \"category_id\": 4, \"description\": \"Waffle dengan topping cokelat premium & keju parut yang melimpah\", \"has_toppings\": false, \"has_variants\": false, \"is_available\": 1, \"max_toppings\": 0, \"min_toppings\": 0, \"category_name\": \"Cemilan\", \"category_slug\": \"cemilan\", \"effective_price\": \"35000.00\", \"effective_available\": 1}, {\"id\": 94, \"name\": \"Pancake Stack\", \"slug\": \"pancake-stack\", \"price\": \"35000.00\", \"toppings\": [], \"variants\": [], \"is_active\": 1, \"created_at\": \"2026-05-16 03:05:46\", \"image_path\": null, \"sort_order\": 11, \"updated_at\": \"2026-05-16 03:05:46\", \"category_id\": 4, \"description\": \"Stack 3 pancake fluffy & thick dengan maple syrup & whipped cream\", \"has_toppings\": false, \"has_variants\": false, \"is_available\": 1, \"max_toppings\": 0, \"min_toppings\": 0, \"category_name\": \"Cemilan\", \"category_slug\": \"cemilan\", \"effective_price\": \"35000.00\", \"effective_available\": 1}, {\"id\": 95, \"name\": \"Muffin Blueberry\", \"slug\": \"muffin-blueberry\", \"price\": \"22000.00\", \"toppings\": [], \"variants\": [], \"is_active\": 1, \"created_at\": \"2026-05-16 03:05:46\", \"image_path\": null, \"sort_order\": 12, \"updated_at\": \"2026-05-16 03:05:46\", \"category_id\": 4, \"description\": \"Muffin moist dengan blueberry segar yang burst di setiap gigitan\", \"has_toppings\": false, \"has_variants\": false, \"is_available\": 1, \"max_toppings\": 0, \"min_toppings\": 0, \"category_name\": \"Cemilan\", \"category_slug\": \"cemilan\", \"effective_price\": \"22000.00\", \"effective_available\": 1}, {\"id\": 96, \"name\": \"Muffin Choco Chip\", \"slug\": \"muffin-choco-chip\", \"price\": \"22000.00\", \"toppings\": [], \"variants\": [], \"is_active\": 1, \"created_at\": \"2026-05-16 03:05:46\", \"image_path\": null, \"sort_order\": 13, \"updated_at\": \"2026-05-16 03:05:46\", \"category_id\": 4, \"description\": \"Muffin cokelat dengan chocolate chips premium yang melimpah\", \"has_toppings\": false, \"has_variants\": false, \"is_available\": 1, \"max_toppings\": 0, \"min_toppings\": 0, \"category_name\": \"Cemilan\", \"category_slug\": \"cemilan\", \"effective_price\": \"22000.00\", \"effective_available\": 1}, {\"id\": 97, \"name\": \"Donat Glazur\", \"slug\": \"donat-glazur\", \"price\": \"18000.00\", \"toppings\": [], \"variants\": [], \"is_active\": 1, \"created_at\": \"2026-05-16 03:05:46\", \"image_path\": null, \"sort_order\": 14, \"updated_at\": \"2026-05-16 03:05:46\", \"category_id\": 4, \"description\": \"Donat lembut dengan glazur gula putih klasik, soft & pillowy\", \"has_toppings\": false, \"has_variants\": false, \"is_available\": 1, \"max_toppings\": 0, \"min_toppings\": 0, \"category_name\": \"Cemilan\", \"category_slug\": \"cemilan\", \"effective_price\": \"18000.00\", \"effective_available\": 1}, {\"id\": 98, \"name\": \"Donat Cokelat Keju\", \"slug\": \"donat-cokelat-keju\", \"price\": \"22000.00\", \"toppings\": [], \"variants\": [], \"is_active\": 1, \"created_at\": \"2026-05-16 03:05:46\", \"image_path\": null, \"sort_order\": 15, \"updated_at\": \"2026-05-16 03:05:46\", \"category_id\": 4, \"description\": \"Donat dengan topping cokelat & taburan keju parut, sweet & savory\", \"has_toppings\": false, \"has_variants\": false, \"is_available\": 1, \"max_toppings\": 0, \"min_toppings\": 0, \"category_name\": \"Cemilan\", \"category_slug\": \"cemilan\", \"effective_price\": \"22000.00\", \"effective_available\": 1}, {\"id\": 99, \"name\": \"Brownies Fudgy\", \"slug\": \"brownies-fudgy\", \"price\": \"25000.00\", \"toppings\": [], \"variants\": [], \"is_active\": 1, \"created_at\": \"2026-05-16 03:05:46\", \"image_path\": null, \"sort_order\": 16, \"updated_at\": \"2026-05-16 03:05:46\", \"category_id\": 4, \"description\": \"Brownies fudgy ultra-dark chocolate, dense, moist & decadent\", \"has_toppings\": false, \"has_variants\": false, \"is_available\": 1, \"max_toppings\": 0, \"min_toppings\": 0, \"category_name\": \"Cemilan\", \"category_slug\": \"cemilan\", \"effective_price\": \"25000.00\", \"effective_available\": 1}, {\"id\": 100, \"name\": \"Tiramisu Slice\", \"slug\": \"tiramisu-slice\", \"price\": \"37000.00\", \"toppings\": [], \"variants\": [], \"is_active\": 1, \"created_at\": \"2026-05-16 03:05:46\", \"image_path\": null, \"sort_order\": 17, \"updated_at\": \"2026-05-16 03:05:46\", \"category_id\": 4, \"description\": \"Slice tiramisu klasik Italia dengan lady fingers, mascarpone & espresso\", \"has_toppings\": false, \"has_variants\": false, \"is_available\": 1, \"max_toppings\": 0, \"min_toppings\": 0, \"category_name\": \"Cemilan\", \"category_slug\": \"cemilan\", \"effective_price\": \"37000.00\", \"effective_available\": 1}, {\"id\": 101, \"name\": \"Bolu Pandan\", \"slug\": \"bolu-pandan\", \"price\": \"25000.00\", \"toppings\": [], \"variants\": [], \"is_active\": 1, \"created_at\": \"2026-05-16 03:05:46\", \"image_path\": null, \"sort_order\": 18, \"updated_at\": \"2026-05-16 03:05:46\", \"category_id\": 4, \"description\": \"Bolu pandan lembut & wangi khas Nusantara, soft & fragrant\", \"has_toppings\": false, \"has_variants\": false, \"is_available\": 1, \"max_toppings\": 0, \"min_toppings\": 0, \"category_name\": \"Cemilan\", \"category_slug\": \"cemilan\", \"effective_price\": \"25000.00\", \"effective_available\": 1}, {\"id\": 102, \"name\": \"Choux Cream Vanilla\", \"slug\": \"choux-cream-vanilla\", \"price\": \"25000.00\", \"toppings\": [], \"variants\": [], \"is_active\": 1, \"created_at\": \"2026-05-16 03:05:46\", \"image_path\": null, \"sort_order\": 19, \"updated_at\": \"2026-05-16 03:05:46\", \"category_id\": 4, \"description\": \"Choux pastry ringan dengan isian vanilla custard cream yang lembut\", \"has_toppings\": false, \"has_variants\": false, \"is_available\": 1, \"max_toppings\": 0, \"min_toppings\": 0, \"category_name\": \"Cemilan\", \"category_slug\": \"cemilan\", \"effective_price\": \"25000.00\", \"effective_available\": 1}, {\"id\": 103, \"name\": \"Pie Susu Bali\", \"slug\": \"pie-susu-bali\", \"price\": \"20000.00\", \"toppings\": [], \"variants\": [], \"is_active\": 1, \"created_at\": \"2026-05-16 03:05:46\", \"image_path\": null, \"sort_order\": 20, \"updated_at\": \"2026-05-16 03:05:46\", \"category_id\": 4, \"description\": \"Pie susu khas Bali dengan filling susu legit, thin crust & creamy\", \"has_toppings\": false, \"has_variants\": false, \"is_available\": 1, \"max_toppings\": 0, \"min_toppings\": 0, \"category_name\": \"Cemilan\", \"category_slug\": \"cemilan\", \"effective_price\": \"20000.00\", \"effective_available\": 1}, {\"id\": 104, \"name\": \"Roti Sobek Cheese\", \"slug\": \"roti-sobek-cheese\", \"price\": \"30000.00\", \"toppings\": [], \"variants\": [], \"is_active\": 1, \"created_at\": \"2026-05-16 03:05:46\", \"image_path\": null, \"sort_order\": 21, \"updated_at\": \"2026-05-16 03:05:46\", \"category_id\": 4, \"description\": \"Roti sobek lembut dengan keju mozzarella yang meleleh di setiap sobekan\", \"has_toppings\": false, \"has_variants\": false, \"is_available\": 1, \"max_toppings\": 0, \"min_toppings\": 0, \"category_name\": \"Cemilan\", \"category_slug\": \"cemilan\", \"effective_price\": \"30000.00\", \"effective_available\": 1}, {\"id\": 105, \"name\": \"Pretzel Klasik\", \"slug\": \"pretzel-klasik\", \"price\": \"25000.00\", \"toppings\": [], \"variants\": [], \"is_active\": 1, \"created_at\": \"2026-05-16 03:05:46\", \"image_path\": null, \"sort_order\": 22, \"updated_at\": \"2026-05-16 03:05:46\", \"category_id\": 4, \"description\": \"Pretzel German style dengan garam kasar, crispy luar & chewy dalam\", \"has_toppings\": false, \"has_variants\": false, \"is_available\": 1, \"max_toppings\": 0, \"min_toppings\": 0, \"category_name\": \"Cemilan\", \"category_slug\": \"cemilan\", \"effective_price\": \"25000.00\", \"effective_available\": 1}, {\"id\": 106, \"name\": \"Nachos Salsa\", \"slug\": \"nachos-salsa\", \"price\": \"30000.00\", \"toppings\": [], \"variants\": [], \"is_active\": 1, \"created_at\": \"2026-05-16 03:05:46\", \"image_path\": null, \"sort_order\": 23, \"updated_at\": \"2026-05-16 03:05:46\", \"category_id\": 4, \"description\": \"Nachos crispy dengan salsa tomat segar, sour cream & jalapeño\", \"has_toppings\": false, \"has_variants\": false, \"is_available\": 1, \"max_toppings\": 0, \"min_toppings\": 0, \"category_name\": \"Cemilan\", \"category_slug\": \"cemilan\", \"effective_price\": \"30000.00\", \"effective_available\": 1}, {\"id\": 107, \"name\": \"Chicken Wrap\", \"slug\": \"chicken-wrap\", \"price\": \"38000.00\", \"toppings\": [], \"variants\": [], \"is_active\": 1, \"created_at\": \"2026-05-16 03:05:46\", \"image_path\": null, \"sort_order\": 24, \"updated_at\": \"2026-05-16 03:05:46\", \"category_id\": 4, \"description\": \"Wrap tortilla dengan ayam panggang, selada segar, tomat & mayo\", \"has_toppings\": false, \"has_variants\": false, \"is_available\": 1, \"max_toppings\": 0, \"min_toppings\": 0, \"category_name\": \"Cemilan\", \"category_slug\": \"cemilan\", \"effective_price\": \"38000.00\", \"effective_available\": 1}, {\"id\": 108, \"name\": \"Scone Clotted Cream\", \"slug\": \"scone-clotted-cream\", \"price\": \"28000.00\", \"toppings\": [], \"variants\": [], \"is_active\": 1, \"created_at\": \"2026-05-16 03:05:46\", \"image_path\": null, \"sort_order\": 25, \"updated_at\": \"2026-05-16 03:05:46\", \"category_id\": 4, \"description\": \"Scone English style dengan clotted cream & strawberry jam, proper British tea\", \"has_toppings\": false, \"has_variants\": false, \"is_available\": 1, \"max_toppings\": 0, \"min_toppings\": 0, \"category_name\": \"Cemilan\", \"category_slug\": \"cemilan\", \"effective_price\": \"28000.00\", \"effective_available\": 1}, {\"id\": 109, \"name\": \"Bruschetta Tomat\", \"slug\": \"bruschetta-tomat\", \"price\": \"32000.00\", \"toppings\": [], \"variants\": [], \"is_active\": 1, \"created_at\": \"2026-05-16 03:05:46\", \"image_path\": null, \"sort_order\": 26, \"updated_at\": \"2026-05-16 03:05:46\", \"category_id\": 4, \"description\": \"Roti ciabatta panggang dengan tomat segar, basil & extra virgin olive oil\", \"has_toppings\": false, \"has_variants\": false, \"is_available\": 1, \"max_toppings\": 0, \"min_toppings\": 0, \"category_name\": \"Cemilan\", \"category_slug\": \"cemilan\", \"effective_price\": \"32000.00\", \"effective_available\": 1}, {\"id\": 27, \"name\": \"Paket Ngopi Santai\", \"slug\": \"paket-ngopi-santai\", \"price\": \"40000.00\", \"toppings\": [], \"variants\": [], \"is_active\": 1, \"created_at\": \"2026-05-14 18:02:00\", \"image_path\": null, \"sort_order\": 1, \"updated_at\": \"2026-05-14 18:02:00\", \"category_id\": 5, \"description\": \"1 Americano + 1 Banana Bread (hemat Rp 5.000)\", \"has_toppings\": false, \"has_variants\": false, \"is_available\": 1, \"max_toppings\": 0, \"min_toppings\": 0, \"category_name\": \"Paket Hemat\", \"category_slug\": \"paket-hemat\", \"effective_price\": \"40000.00\", \"effective_available\": 1}, {\"id\": 28, \"name\": \"Paket Kerja\", \"slug\": \"paket-kerja\", \"price\": \"47000.00\", \"toppings\": [], \"variants\": [], \"is_active\": 1, \"created_at\": \"2026-05-14 18:02:00\", \"image_path\": null, \"sort_order\": 2, \"updated_at\": \"2026-05-14 18:02:00\", \"category_id\": 5, \"description\": \"1 Latte + 1 Croissant + free refill air (hemat Rp 7.000)\", \"has_toppings\": false, \"has_variants\": false, \"is_available\": 1, \"max_toppings\": 0, \"min_toppings\": 0, \"category_name\": \"Paket Hemat\", \"category_slug\": \"paket-hemat\", \"effective_price\": \"47000.00\", \"effective_available\": 1}, {\"id\": 29, \"name\": \"Paket Berdua\", \"slug\": \"paket-berdua\", \"price\": \"70000.00\", \"toppings\": [], \"variants\": [], \"is_active\": 1, \"created_at\": \"2026-05-14 18:02:00\", \"image_path\": null, \"sort_order\": 3, \"updated_at\": \"2026-05-14 18:02:00\", \"category_id\": 5, \"description\": \"2 Es Kopi Susu + 2 Cookies (hemat Rp 10.000)\", \"has_toppings\": false, \"has_variants\": false, \"is_available\": 1, \"max_toppings\": 0, \"min_toppings\": 0, \"category_name\": \"Paket Hemat\", \"category_slug\": \"paket-hemat\", \"effective_price\": \"70000.00\", \"effective_available\": 1}, {\"id\": 110, \"name\": \"Paket Pagi Spesial\", \"slug\": \"paket-pagi-spesial\", \"price\": \"40000.00\", \"toppings\": [], \"variants\": [], \"is_active\": 1, \"created_at\": \"2026-05-16 03:05:46\", \"image_path\": null, \"sort_order\": 4, \"updated_at\": \"2026-05-16 03:05:46\", \"category_id\": 5, \"description\": \"1 Kopi Susu Aren + 1 Roti Bakar Cokelat Keju (hemat Rp 7.000)\", \"has_toppings\": false, \"has_variants\": false, \"is_available\": 1, \"max_toppings\": 0, \"min_toppings\": 0, \"category_name\": \"Paket Hemat\", \"category_slug\": \"paket-hemat\", \"effective_price\": \"40000.00\", \"effective_available\": 1}, {\"id\": 111, \"name\": \"Paket Siang Produktif\", \"slug\": \"paket-siang-produktif\", \"price\": \"56000.00\", \"toppings\": [], \"variants\": [], \"is_active\": 1, \"created_at\": \"2026-05-16 03:05:46\", \"image_path\": null, \"sort_order\": 5, \"updated_at\": \"2026-05-16 03:05:46\", \"category_id\": 5, \"description\": \"1 Iced Vanilla Latte + 1 Sandwich Club (hemat Rp 9.000)\", \"has_toppings\": false, \"has_variants\": false, \"is_available\": 1, \"max_toppings\": 0, \"min_toppings\": 0, \"category_name\": \"Paket Hemat\", \"category_slug\": \"paket-hemat\", \"effective_price\": \"56000.00\", \"effective_available\": 1}, {\"id\": 112, \"name\": \"Paket Sore Santai\", \"slug\": \"paket-sore-santai\", \"price\": \"62000.00\", \"toppings\": [], \"variants\": [], \"is_active\": 1, \"created_at\": \"2026-05-16 03:05:46\", \"image_path\": null, \"sort_order\": 6, \"updated_at\": \"2026-05-16 03:05:46\", \"category_id\": 5, \"description\": \"1 Cold Brew Tonic + 1 Tiramisu Slice (hemat Rp 10.000)\", \"has_toppings\": false, \"has_variants\": false, \"is_available\": 1, \"max_toppings\": 0, \"min_toppings\": 0, \"category_name\": \"Paket Hemat\", \"category_slug\": \"paket-hemat\", \"effective_price\": \"62000.00\", \"effective_available\": 1}, {\"id\": 113, \"name\": \"Paket Malam Relax\", \"slug\": \"paket-malam-relax\", \"price\": \"48000.00\", \"toppings\": [], \"variants\": [], \"is_active\": 1, \"created_at\": \"2026-05-16 03:05:46\", \"image_path\": null, \"sort_order\": 7, \"updated_at\": \"2026-05-16 03:05:46\", \"category_id\": 5, \"description\": \"1 Hojicha Latte + 1 Bolu Pandan (hemat Rp 5.000)\", \"has_toppings\": false, \"has_variants\": false, \"is_available\": 1, \"max_toppings\": 0, \"min_toppings\": 0, \"category_name\": \"Paket Hemat\", \"category_slug\": \"paket-hemat\", \"effective_price\": \"48000.00\", \"effective_available\": 1}, {\"id\": 114, \"name\": \"Paket Berdua Spesial\", \"slug\": \"paket-berdua-spesial\", \"price\": \"112000.00\", \"toppings\": [], \"variants\": [], \"is_active\": 1, \"created_at\": \"2026-05-16 03:05:46\", \"image_path\": null, \"sort_order\": 8, \"updated_at\": \"2026-05-16 03:05:46\", \"category_id\": 5, \"description\": \"2 Es Kopi Susu Aren + 2 Waffle Original (hemat Rp 14.000)\", \"has_toppings\": false, \"has_variants\": false, \"is_available\": 1, \"max_toppings\": 0, \"min_toppings\": 0, \"category_name\": \"Paket Hemat\", \"category_slug\": \"paket-hemat\", \"effective_price\": \"112000.00\", \"effective_available\": 1}, {\"id\": 115, \"name\": \"Paket Keluarga Hemat\", \"slug\": \"paket-keluarga-hemat\", \"price\": \"192000.00\", \"toppings\": [], \"variants\": [], \"is_active\": 1, \"created_at\": \"2026-05-16 03:05:46\", \"image_path\": null, \"sort_order\": 9, \"updated_at\": \"2026-05-16 03:05:46\", \"category_id\": 5, \"description\": \"4 Iced Latte + 4 Roti Bakar Cokelat Keju (hemat Rp 24.000)\", \"has_toppings\": false, \"has_variants\": false, \"is_available\": 1, \"max_toppings\": 0, \"min_toppings\": 0, \"category_name\": \"Paket Hemat\", \"category_slug\": \"paket-hemat\", \"effective_price\": \"192000.00\", \"effective_available\": 1}, {\"id\": 116, \"name\": \"Paket Meeting Pro\", \"slug\": \"paket-meeting-pro\", \"price\": \"230000.00\", \"toppings\": [], \"variants\": [], \"is_active\": 1, \"created_at\": \"2026-05-16 03:05:46\", \"image_path\": null, \"sort_order\": 10, \"updated_at\": \"2026-05-16 03:05:46\", \"category_id\": 5, \"description\": \"5 Americano + 1 Loyang Brownies 6pcs (hemat Rp 20.000)\", \"has_toppings\": false, \"has_variants\": false, \"is_available\": 1, \"max_toppings\": 0, \"min_toppings\": 0, \"category_name\": \"Paket Hemat\", \"category_slug\": \"paket-hemat\", \"effective_price\": \"230000.00\", \"effective_available\": 1}, {\"id\": 117, \"name\": \"Paket Nongkrong Asik\", \"slug\": \"paket-nongkrong-asik\", \"price\": \"177000.00\", \"toppings\": [], \"variants\": [], \"is_active\": 1, \"created_at\": \"2026-05-16 03:05:46\", \"image_path\": null, \"sort_order\": 11, \"updated_at\": \"2026-05-16 03:05:46\", \"category_id\": 5, \"description\": \"3 Cold Brew Tonic + 3 Nachos Salsa (hemat Rp 18.000)\", \"has_toppings\": false, \"has_variants\": false, \"is_available\": 1, \"max_toppings\": 0, \"min_toppings\": 0, \"category_name\": \"Paket Hemat\", \"category_slug\": \"paket-hemat\", \"effective_price\": \"177000.00\", \"effective_available\": 1}, {\"id\": 118, \"name\": \"Paket Matcha Mania\", \"slug\": \"paket-matcha-mania\", \"price\": \"114000.00\", \"toppings\": [], \"variants\": [], \"is_active\": 1, \"created_at\": \"2026-05-16 03:05:46\", \"image_path\": null, \"sort_order\": 12, \"updated_at\": \"2026-05-16 03:05:46\", \"category_id\": 5, \"description\": \"2 Iced Matcha Latte + 2 Matcha Frappe (hemat Rp 10.000)\", \"has_toppings\": false, \"has_variants\": false, \"is_available\": 1, \"max_toppings\": 0, \"min_toppings\": 0, \"category_name\": \"Paket Hemat\", \"category_slug\": \"paket-hemat\", \"effective_price\": \"114000.00\", \"effective_available\": 1}, {\"id\": 119, \"name\": \"Paket Best Seller\", \"slug\": \"paket-best-seller\", \"price\": \"120000.00\", \"toppings\": [], \"variants\": [], \"is_active\": 1, \"created_at\": \"2026-05-16 03:05:46\", \"image_path\": null, \"sort_order\": 13, \"updated_at\": \"2026-05-16 03:05:46\", \"category_id\": 5, \"description\": \"1 Nitro Cold Brew + 1 Iced Latte + 1 Waffle Original + 1 Brownies Fudgy\", \"has_toppings\": false, \"has_variants\": false, \"is_available\": 1, \"max_toppings\": 0, \"min_toppings\": 0, \"category_name\": \"Paket Hemat\", \"category_slug\": \"paket-hemat\", \"effective_price\": \"120000.00\", \"effective_available\": 1}, {\"id\": 120, \"name\": \"Nasi Goreng Kopi\", \"slug\": \"nasi-goreng-kopi\", \"price\": \"45000.00\", \"toppings\": [], \"variants\": [], \"is_active\": 1, \"created_at\": \"2026-05-16 03:05:46\", \"image_path\": null, \"sort_order\": 1, \"updated_at\": \"2026-05-16 03:05:46\", \"category_id\": 6, \"description\": \"Nasi goreng spesial dengan infused cold brew, telur mata sapi & kerupuk udang\", \"has_toppings\": false, \"has_variants\": false, \"is_available\": 1, \"max_toppings\": 0, \"min_toppings\": 0, \"category_name\": \"Makanan Utama\", \"category_slug\": \"makanan-utama\", \"effective_price\": \"45000.00\", \"effective_available\": 1}, {\"id\": 130, \"name\": \"Frozen Yoghurt 2 Toppings\", \"slug\": \"frozen-yoghurt-2-toppings\", \"price\": \"28000.00\", \"toppings\": [{\"id\": 1, \"name\": \"Granola\", \"slug\": \"granola\", \"price_delta\": 0}, {\"id\": 2, \"name\": \"Strawberry\", \"slug\": \"strawberry\", \"price_delta\": 0}, {\"id\": 3, \"name\": \"Blueberry\", \"slug\": \"blueberry\", \"price_delta\": 0}, {\"id\": 4, \"name\": \"Mango\", \"slug\": \"mango\", \"price_delta\": 0}, {\"id\": 5, \"name\": \"Banana\", \"slug\": \"banana\", \"price_delta\": 0}, {\"id\": 6, \"name\": \"Almond\", \"slug\": \"almond\", \"price_delta\": 0}, {\"id\": 7, \"name\": \"Choco Chips\", \"slug\": \"choco-chips\", \"price_delta\": 0}, {\"id\": 8, \"name\": \"Oreo Crumbs\", \"slug\": \"oreo-crumbs\", \"price_delta\": 0}], \"variants\": [{\"id\": 143, \"slug\": \"small\", \"label\": \"Small\", \"price_delta\": 0, \"menu_item_id\": 130, \"effective_price\": 28000}, {\"id\": 144, \"slug\": \"medium\", \"label\": \"Medium\", \"price_delta\": 5000, \"menu_item_id\": 130, \"effective_price\": 33000}, {\"id\": 145, \"slug\": \"large\", \"label\": \"Large\", \"price_delta\": 10000, \"menu_item_id\": 130, \"effective_price\": 38000}], \"is_active\": 1, \"created_at\": \"2026-05-16 15:24:37\", \"image_path\": null, \"sort_order\": 1, \"updated_at\": \"2026-05-16 15:24:37\", \"category_id\": 7, \"description\": \"Frozen yoghurt dengan pilihan 2 topping. Opsi topping: Granola, Strawberry, Blueberry, Mango, Banana, Almond, Choco Chips, Oreo Crumbs.\", \"has_toppings\": true, \"has_variants\": true, \"is_available\": 1, \"max_toppings\": 2, \"min_toppings\": 2, \"category_name\": \"Yoghurt & Dessert\", \"category_slug\": \"yoghurt-dessert\", \"effective_price\": \"28000.00\", \"effective_available\": 1}, {\"id\": 121, \"name\": \"Ayam Bakar Kopi\", \"slug\": \"ayam-bakar-kopi\", \"price\": \"55000.00\", \"toppings\": [], \"variants\": [], \"is_active\": 1, \"created_at\": \"2026-05-16 03:05:46\", \"image_path\": null, \"sort_order\": 2, \"updated_at\": \"2026-05-16 03:05:46\", \"category_id\": 6, \"description\": \"Ayam bakar dengan marinade kopi & rempah pilihan, crispy luar juicy dalam\", \"has_toppings\": false, \"has_variants\": false, \"is_available\": 1, \"max_toppings\": 0, \"min_toppings\": 0, \"category_name\": \"Makanan Utama\", \"category_slug\": \"makanan-utama\", \"effective_price\": \"55000.00\", \"effective_available\": 1}, {\"id\": 131, \"name\": \"Frozen Yoghurt 3 Toppings\", \"slug\": \"frozen-yoghurt-3-toppings\", \"price\": \"34000.00\", \"toppings\": [{\"id\": 1, \"name\": \"Granola\", \"slug\": \"granola\", \"price_delta\": 0}, {\"id\": 2, \"name\": \"Strawberry\", \"slug\": \"strawberry\", \"price_delta\": 0}, {\"id\": 3, \"name\": \"Blueberry\", \"slug\": \"blueberry\", \"price_delta\": 0}, {\"id\": 4, \"name\": \"Mango\", \"slug\": \"mango\", \"price_delta\": 0}, {\"id\": 5, \"name\": \"Banana\", \"slug\": \"banana\", \"price_delta\": 0}, {\"id\": 6, \"name\": \"Almond\", \"slug\": \"almond\", \"price_delta\": 0}, {\"id\": 7, \"name\": \"Choco Chips\", \"slug\": \"choco-chips\", \"price_delta\": 0}, {\"id\": 8, \"name\": \"Oreo Crumbs\", \"slug\": \"oreo-crumbs\", \"price_delta\": 0}], \"variants\": [{\"id\": 146, \"slug\": \"small\", \"label\": \"Small\", \"price_delta\": 0, \"menu_item_id\": 131, \"effective_price\": 34000}, {\"id\": 147, \"slug\": \"medium\", \"label\": \"Medium\", \"price_delta\": 5000, \"menu_item_id\": 131, \"effective_price\": 39000}, {\"id\": 148, \"slug\": \"large\", \"label\": \"Large\", \"price_delta\": 10000, \"menu_item_id\": 131, \"effective_price\": 44000}], \"is_active\": 1, \"created_at\": \"2026-05-16 15:24:37\", \"image_path\": null, \"sort_order\": 2, \"updated_at\": \"2026-05-16 15:24:37\", \"category_id\": 7, \"description\": \"Frozen yoghurt dengan pilihan 3 topping. Opsi topping: Granola, Strawberry, Blueberry, Mango, Banana, Almond, Choco Chips, Oreo Crumbs.\", \"has_toppings\": true, \"has_variants\": true, \"is_available\": 1, \"max_toppings\": 3, \"min_toppings\": 3, \"category_name\": \"Yoghurt & Dessert\", \"category_slug\": \"yoghurt-dessert\", \"effective_price\": \"34000.00\", \"effective_available\": 1}, {\"id\": 122, \"name\": \"Pasta Carbonara\", \"slug\": \"pasta-carbonara\", \"price\": \"52000.00\", \"toppings\": [], \"variants\": [], \"is_active\": 1, \"created_at\": \"2026-05-16 03:05:46\", \"image_path\": null, \"sort_order\": 3, \"updated_at\": \"2026-05-16 03:05:46\", \"category_id\": 6, \"description\": \"Pasta creamy dengan telur segar, pancetta & parmesan, Italian classic recipe\", \"has_toppings\": false, \"has_variants\": false, \"is_available\": 1, \"max_toppings\": 0, \"min_toppings\": 0, \"category_name\": \"Makanan Utama\", \"category_slug\": \"makanan-utama\", \"effective_price\": \"52000.00\", \"effective_available\": 1}, {\"id\": 132, \"name\": \"Frozen Yoghurt 4 Toppings\", \"slug\": \"frozen-yoghurt-4-toppings\", \"price\": \"40000.00\", \"toppings\": [{\"id\": 1, \"name\": \"Granola\", \"slug\": \"granola\", \"price_delta\": 0}, {\"id\": 2, \"name\": \"Strawberry\", \"slug\": \"strawberry\", \"price_delta\": 0}, {\"id\": 3, \"name\": \"Blueberry\", \"slug\": \"blueberry\", \"price_delta\": 0}, {\"id\": 4, \"name\": \"Mango\", \"slug\": \"mango\", \"price_delta\": 0}, {\"id\": 5, \"name\": \"Banana\", \"slug\": \"banana\", \"price_delta\": 0}, {\"id\": 6, \"name\": \"Almond\", \"slug\": \"almond\", \"price_delta\": 0}, {\"id\": 7, \"name\": \"Choco Chips\", \"slug\": \"choco-chips\", \"price_delta\": 0}, {\"id\": 8, \"name\": \"Oreo Crumbs\", \"slug\": \"oreo-crumbs\", \"price_delta\": 0}], \"variants\": [{\"id\": 149, \"slug\": \"small\", \"label\": \"Small\", \"price_delta\": 0, \"menu_item_id\": 132, \"effective_price\": 40000}, {\"id\": 150, \"slug\": \"medium\", \"label\": \"Medium\", \"price_delta\": 5000, \"menu_item_id\": 132, \"effective_price\": 45000}, {\"id\": 151, \"slug\": \"large\", \"label\": \"Large\", \"price_delta\": 10000, \"menu_item_id\": 132, \"effective_price\": 50000}], \"is_active\": 1, \"created_at\": \"2026-05-16 15:24:37\", \"image_path\": null, \"sort_order\": 3, \"updated_at\": \"2026-05-16 15:24:37\", \"category_id\": 7, \"description\": \"Frozen yoghurt dengan pilihan 4 topping. Opsi topping: Granola, Strawberry, Blueberry, Mango, Banana, Almond, Choco Chips, Oreo Crumbs.\", \"has_toppings\": true, \"has_variants\": true, \"is_available\": 1, \"max_toppings\": 4, \"min_toppings\": 4, \"category_name\": \"Yoghurt & Dessert\", \"category_slug\": \"yoghurt-dessert\", \"effective_price\": \"40000.00\", \"effective_available\": 1}, {\"id\": 123, \"name\": \"Caesar Salad\", \"slug\": \"caesar-salad\", \"price\": \"40000.00\", \"toppings\": [], \"variants\": [], \"is_active\": 1, \"created_at\": \"2026-05-16 03:05:46\", \"image_path\": null, \"sort_order\": 4, \"updated_at\": \"2026-05-16 03:05:46\", \"category_id\": 6, \"description\": \"Romaine lettuce segar dengan dressing Caesar, crouton & parmesan shaved\", \"has_toppings\": false, \"has_variants\": false, \"is_available\": 1, \"max_toppings\": 0, \"min_toppings\": 0, \"category_name\": \"Makanan Utama\", \"category_slug\": \"makanan-utama\", \"effective_price\": \"40000.00\", \"effective_available\": 1}, {\"id\": 124, \"name\": \"Omurice\", \"slug\": \"omurice\", \"price\": \"45000.00\", \"toppings\": [], \"variants\": [], \"is_active\": 1, \"created_at\": \"2026-05-16 03:05:46\", \"image_path\": null, \"sort_order\": 5, \"updated_at\": \"2026-05-16 03:05:46\", \"category_id\": 6, \"description\": \"Nasi goreng dibungkus telur dadar mulus, saus tomat & keju di atasnya\", \"has_toppings\": false, \"has_variants\": false, \"is_available\": 1, \"max_toppings\": 0, \"min_toppings\": 0, \"category_name\": \"Makanan Utama\", \"category_slug\": \"makanan-utama\", \"effective_price\": \"45000.00\", \"effective_available\": 1}, {\"id\": 125, \"name\": \"Eggs Benedict\", \"slug\": \"eggs-benedict\", \"price\": \"55000.00\", \"toppings\": [], \"variants\": [], \"is_active\": 1, \"created_at\": \"2026-05-16 03:05:46\", \"image_path\": null, \"sort_order\": 6, \"updated_at\": \"2026-05-16 03:05:46\", \"category_id\": 6, \"description\": \"Poached eggs sempurna di atas English muffin & smoked beef dengan hollandaise\", \"has_toppings\": false, \"has_variants\": false, \"is_available\": 1, \"max_toppings\": 0, \"min_toppings\": 0, \"category_name\": \"Makanan Utama\", \"category_slug\": \"makanan-utama\", \"effective_price\": \"55000.00\", \"effective_available\": 1}, {\"id\": 126, \"name\": \"Granola Bowl\", \"slug\": \"granola-bowl\", \"price\": \"38000.00\", \"toppings\": [], \"variants\": [], \"is_active\": 1, \"created_at\": \"2026-05-16 03:05:46\", \"image_path\": null, \"sort_order\": 7, \"updated_at\": \"2026-05-16 03:05:46\", \"category_id\": 6, \"description\": \"Granola homemade dengan Greek yogurt, madu bunga & buah segar seasonal\", \"has_toppings\": false, \"has_variants\": false, \"is_available\": 1, \"max_toppings\": 0, \"min_toppings\": 0, \"category_name\": \"Makanan Utama\", \"category_slug\": \"makanan-utama\", \"effective_price\": \"38000.00\", \"effective_available\": 1}, {\"id\": 127, \"name\": \"Acai Bowl\", \"slug\": \"acai-bowl\", \"price\": \"48000.00\", \"toppings\": [], \"variants\": [], \"is_active\": 1, \"created_at\": \"2026-05-16 03:05:46\", \"image_path\": null, \"sort_order\": 8, \"updated_at\": \"2026-05-16 03:05:46\", \"category_id\": 6, \"description\": \"Acai blend dengan granola renyah, pisang, kelapa parut & mixed berries\", \"has_toppings\": false, \"has_variants\": false, \"is_available\": 1, \"max_toppings\": 0, \"min_toppings\": 0, \"category_name\": \"Makanan Utama\", \"category_slug\": \"makanan-utama\", \"effective_price\": \"48000.00\", \"effective_available\": 1}, {\"id\": 128, \"name\": \"Focaccia Sandwich\", \"slug\": \"focaccia-sandwich\", \"price\": \"52000.00\", \"toppings\": [], \"variants\": [], \"is_active\": 1, \"created_at\": \"2026-05-16 03:05:46\", \"image_path\": null, \"sort_order\": 9, \"updated_at\": \"2026-05-16 03:05:46\", \"category_id\": 6, \"description\": \"Focaccia panggang dengan prosciutto, mozzarella segar, pesto & sun-dried tomato\", \"has_toppings\": false, \"has_variants\": false, \"is_available\": 1, \"max_toppings\": 0, \"min_toppings\": 0, \"category_name\": \"Makanan Utama\", \"category_slug\": \"makanan-utama\", \"effective_price\": \"52000.00\", \"effective_available\": 1}, {\"id\": 129, \"name\": \"Quiche Lorraine\", \"slug\": \"quiche-lorraine\", \"price\": \"45000.00\", \"toppings\": [], \"variants\": [], \"is_active\": 1, \"created_at\": \"2026-05-16 03:05:46\", \"image_path\": null, \"sort_order\": 10, \"updated_at\": \"2026-05-16 03:05:46\", \"category_id\": 6, \"description\": \"Quiche klasik Prancis dengan bacon asap, gruyère & krim, dipanggang fresh daily\", \"has_toppings\": false, \"has_variants\": false, \"is_available\": 1, \"max_toppings\": 0, \"min_toppings\": 0, \"category_name\": \"Makanan Utama\", \"category_slug\": \"makanan-utama\", \"effective_price\": \"45000.00\", \"effective_available\": 1}]}', 'completed', NULL, '2026-05-19 01:54:30', '2026-05-19 01:54:30');
INSERT INTO `agent_task_steps` (`id`, `task_id`, `step_index`, `step_type`, `tool_name`, `input_json`, `output_json`, `status`, `error_message`, `created_at`, `updated_at`) VALUES
(16, 16, 1, 'tool_call', 'recommend_menu', NULL, '{\"budget\": null, \"preferences\": {\"flavor\": \"\", \"temperature\": \"\"}, \"recommendations\": [{\"id\": 7, \"name\": \"Kopi Tubruk\", \"slug\": \"kopi-tubruk\", \"price\": \"15000.00\", \"toppings\": [], \"variants\": [], \"is_active\": 1, \"created_at\": \"2026-05-14 18:02:00\", \"image_path\": null, \"sort_order\": 7, \"updated_at\": \"2026-05-14 18:02:00\", \"category_id\": 1, \"description\": \"Kopi tradisional Indonesia yang kental\", \"has_toppings\": false, \"has_variants\": false, \"is_available\": 1, \"max_toppings\": 0, \"min_toppings\": 0, \"category_name\": \"Kopi Panas\", \"category_slug\": \"kopi-panas\", \"effective_price\": \"15000.00\", \"effective_available\": 1}, {\"id\": 1, \"name\": \"Espresso\", \"slug\": \"espresso\", \"price\": \"18000.00\", \"toppings\": [], \"variants\": [], \"is_active\": 1, \"created_at\": \"2026-05-14 18:02:00\", \"image_path\": null, \"sort_order\": 1, \"updated_at\": \"2026-05-14 18:02:00\", \"category_id\": 1, \"description\": \"Single shot espresso murni, bold & concentrated\", \"has_toppings\": false, \"has_variants\": false, \"is_available\": 1, \"max_toppings\": 0, \"min_toppings\": 0, \"category_name\": \"Kopi Panas\", \"category_slug\": \"kopi-panas\", \"effective_price\": \"18000.00\", \"effective_available\": 1}, {\"id\": 20, \"name\": \"Lemon Tea\", \"slug\": \"lemon-tea\", \"price\": \"18000.00\", \"toppings\": [], \"variants\": [{\"id\": 109, \"slug\": \"small\", \"label\": \"Small\", \"price_delta\": 0, \"menu_item_id\": 20, \"effective_price\": 18000}, {\"id\": 110, \"slug\": \"medium\", \"label\": \"Medium\", \"price_delta\": 3000, \"menu_item_id\": 20, \"effective_price\": 21000}, {\"id\": 111, \"slug\": \"large\", \"label\": \"Large\", \"price_delta\": 5000, \"menu_item_id\": 20, \"effective_price\": 23000}], \"is_active\": 1, \"created_at\": \"2026-05-14 18:02:00\", \"image_path\": null, \"sort_order\": 5, \"updated_at\": \"2026-05-14 18:02:00\", \"category_id\": 3, \"description\": \"Teh lemon segar, cocok untuk cuaca panas\", \"has_toppings\": false, \"has_variants\": true, \"is_available\": 1, \"max_toppings\": 0, \"min_toppings\": 0, \"category_name\": \"Non Kopi\", \"category_slug\": \"non-kopi\", \"effective_price\": \"18000.00\", \"effective_available\": 1}], \"customer_signals\": {\"history_request\": true, \"recent_item_ids\": [], \"favorite_item_ids\": [], \"has_customer_history\": false, \"preferred_category_ids\": []}}', 'completed', NULL, '2026-05-19 01:54:46', '2026-05-19 01:54:46');
INSERT INTO `agent_task_steps` (`id`, `task_id`, `step_index`, `step_type`, `tool_name`, `input_json`, `output_json`, `status`, `error_message`, `created_at`, `updated_at`) VALUES
(17, 17, 1, 'tool_call', 'get_branch_menu', NULL, '{\"items\": [{\"id\": 1, \"name\": \"Espresso\", \"slug\": \"espresso\", \"price\": \"18000.00\", \"toppings\": [], \"variants\": [], \"is_active\": 1, \"created_at\": \"2026-05-14 18:02:00\", \"image_path\": null, \"sort_order\": 1, \"updated_at\": \"2026-05-14 18:02:00\", \"category_id\": 1, \"description\": \"Single shot espresso murni, bold & concentrated\", \"has_toppings\": false, \"has_variants\": false, \"is_available\": 1, \"max_toppings\": 0, \"min_toppings\": 0, \"category_name\": \"Kopi Panas\", \"category_slug\": \"kopi-panas\", \"effective_price\": \"18000.00\", \"effective_available\": 1}, {\"id\": 2, \"name\": \"Americano\", \"slug\": \"americano\", \"price\": \"20000.00\", \"toppings\": [], \"variants\": [{\"id\": 64, \"slug\": \"small\", \"label\": \"Small\", \"price_delta\": 0, \"menu_item_id\": 2, \"effective_price\": 20000}, {\"id\": 65, \"slug\": \"medium\", \"label\": \"Medium\", \"price_delta\": 4000, \"menu_item_id\": 2, \"effective_price\": 24000}, {\"id\": 66, \"slug\": \"large\", \"label\": \"Large\", \"price_delta\": 8000, \"menu_item_id\": 2, \"effective_price\": 28000}], \"is_active\": 1, \"created_at\": \"2026-05-14 18:02:00\", \"image_path\": null, \"sort_order\": 2, \"updated_at\": \"2026-05-14 18:02:00\", \"category_id\": 1, \"description\": \"Espresso dengan air panas, smooth & rich\", \"has_toppings\": false, \"has_variants\": true, \"is_available\": 1, \"max_toppings\": 0, \"min_toppings\": 0, \"category_name\": \"Kopi Panas\", \"category_slug\": \"kopi-panas\", \"effective_price\": \"20000.00\", \"effective_available\": 1}, {\"id\": 3, \"name\": \"Cappuccino\", \"slug\": \"cappuccino\", \"price\": \"25000.00\", \"toppings\": [], \"variants\": [{\"id\": 67, \"slug\": \"small\", \"label\": \"Small\", \"price_delta\": 0, \"menu_item_id\": 3, \"effective_price\": 25000}, {\"id\": 68, \"slug\": \"medium\", \"label\": \"Medium\", \"price_delta\": 4000, \"menu_item_id\": 3, \"effective_price\": 29000}, {\"id\": 69, \"slug\": \"large\", \"label\": \"Large\", \"price_delta\": 7000, \"menu_item_id\": 3, \"effective_price\": 32000}], \"is_active\": 1, \"created_at\": \"2026-05-14 18:02:00\", \"image_path\": null, \"sort_order\": 3, \"updated_at\": \"2026-05-14 18:02:00\", \"category_id\": 1, \"description\": \"Espresso, steamed milk & milk foam yang sempurna\", \"has_toppings\": false, \"has_variants\": true, \"is_available\": 1, \"max_toppings\": 0, \"min_toppings\": 0, \"category_name\": \"Kopi Panas\", \"category_slug\": \"kopi-panas\", \"effective_price\": \"25000.00\", \"effective_available\": 1}, {\"id\": 4, \"name\": \"Latte\", \"slug\": \"latte\", \"price\": \"27000.00\", \"toppings\": [], \"variants\": [{\"id\": 70, \"slug\": \"small\", \"label\": \"Small\", \"price_delta\": 0, \"menu_item_id\": 4, \"effective_price\": 27000}, {\"id\": 71, \"slug\": \"medium\", \"label\": \"Medium\", \"price_delta\": 4000, \"menu_item_id\": 4, \"effective_price\": 31000}, {\"id\": 72, \"slug\": \"large\", \"label\": \"Large\", \"price_delta\": 7000, \"menu_item_id\": 4, \"effective_price\": 34000}], \"is_active\": 1, \"created_at\": \"2026-05-14 18:02:00\", \"image_path\": null, \"sort_order\": 4, \"updated_at\": \"2026-05-14 18:02:00\", \"category_id\": 1, \"description\": \"Espresso dengan banyak steamed milk, creamy & mild\", \"has_toppings\": false, \"has_variants\": true, \"is_available\": 1, \"max_toppings\": 0, \"min_toppings\": 0, \"category_name\": \"Kopi Panas\", \"category_slug\": \"kopi-panas\", \"effective_price\": \"27000.00\", \"effective_available\": 1}, {\"id\": 5, \"name\": \"Flat White\", \"slug\": \"flat-white\", \"price\": \"28000.00\", \"toppings\": [], \"variants\": [{\"id\": 73, \"slug\": \"small\", \"label\": \"Small\", \"price_delta\": 0, \"menu_item_id\": 5, \"effective_price\": 28000}, {\"id\": 74, \"slug\": \"medium\", \"label\": \"Medium\", \"price_delta\": 4000, \"menu_item_id\": 5, \"effective_price\": 32000}, {\"id\": 75, \"slug\": \"large\", \"label\": \"Large\", \"price_delta\": 7000, \"menu_item_id\": 5, \"effective_price\": 35000}], \"is_active\": 1, \"created_at\": \"2026-05-14 18:02:00\", \"image_path\": null, \"sort_order\": 5, \"updated_at\": \"2026-05-14 18:02:00\", \"category_id\": 1, \"description\": \"Double ristretto dengan textured milk, smooth & strong\", \"has_toppings\": false, \"has_variants\": true, \"is_available\": 1, \"max_toppings\": 0, \"min_toppings\": 0, \"category_name\": \"Kopi Panas\", \"category_slug\": \"kopi-panas\", \"effective_price\": \"28000.00\", \"effective_available\": 1}, {\"id\": 6, \"name\": \"Macchiato\", \"slug\": \"macchiato\", \"price\": \"22000.00\", \"toppings\": [], \"variants\": [{\"id\": 76, \"slug\": \"small\", \"label\": \"Small\", \"price_delta\": 0, \"menu_item_id\": 6, \"effective_price\": 22000}, {\"id\": 77, \"slug\": \"medium\", \"label\": \"Medium\", \"price_delta\": 3000, \"menu_item_id\": 6, \"effective_price\": 25000}, {\"id\": 78, \"slug\": \"large\", \"label\": \"Large\", \"price_delta\": 6000, \"menu_item_id\": 6, \"effective_price\": 28000}], \"is_active\": 1, \"created_at\": \"2026-05-14 18:02:00\", \"image_path\": null, \"sort_order\": 6, \"updated_at\": \"2026-05-14 18:02:00\", \"category_id\": 1, \"description\": \"Espresso dengan sedikit milk foam di atasnya\", \"has_toppings\": false, \"has_variants\": true, \"is_available\": 1, \"max_toppings\": 0, \"min_toppings\": 0, \"category_name\": \"Kopi Panas\", \"category_slug\": \"kopi-panas\", \"effective_price\": \"22000.00\", \"effective_available\": 1}, {\"id\": 7, \"name\": \"Kopi Tubruk\", \"slug\": \"kopi-tubruk\", \"price\": \"15000.00\", \"toppings\": [], \"variants\": [], \"is_active\": 1, \"created_at\": \"2026-05-14 18:02:00\", \"image_path\": null, \"sort_order\": 7, \"updated_at\": \"2026-05-14 18:02:00\", \"category_id\": 1, \"description\": \"Kopi tradisional Indonesia yang kental\", \"has_toppings\": false, \"has_variants\": false, \"is_available\": 1, \"max_toppings\": 0, \"min_toppings\": 0, \"category_name\": \"Kopi Panas\", \"category_slug\": \"kopi-panas\", \"effective_price\": \"15000.00\", \"effective_available\": 1}, {\"id\": 8, \"name\": \"Kopi Susu Jahe\", \"slug\": \"kopi-susu-jahe\", \"price\": \"22000.00\", \"toppings\": [], \"variants\": [{\"id\": 79, \"slug\": \"small\", \"label\": \"Small\", \"price_delta\": 0, \"menu_item_id\": 8, \"effective_price\": 22000}, {\"id\": 80, \"slug\": \"medium\", \"label\": \"Medium\", \"price_delta\": 3000, \"menu_item_id\": 8, \"effective_price\": 25000}, {\"id\": 81, \"slug\": \"large\", \"label\": \"Large\", \"price_delta\": 6000, \"menu_item_id\": 8, \"effective_price\": 28000}], \"is_active\": 1, \"created_at\": \"2026-05-14 18:02:00\", \"image_path\": null, \"sort_order\": 8, \"updated_at\": \"2026-05-14 18:02:00\", \"category_id\": 1, \"description\": \"Kopi susu dengan rempah jahe hangat\", \"has_toppings\": false, \"has_variants\": true, \"is_available\": 1, \"max_toppings\": 0, \"min_toppings\": 0, \"category_name\": \"Kopi Panas\", \"category_slug\": \"kopi-panas\", \"effective_price\": \"22000.00\", \"effective_available\": 1}, {\"id\": 30, \"name\": \"Cortado\", \"slug\": \"cortado\", \"price\": \"23000.00\", \"toppings\": [], \"variants\": [], \"is_active\": 1, \"created_at\": \"2026-05-16 03:05:46\", \"image_path\": null, \"sort_order\": 10, \"updated_at\": \"2026-05-16 03:05:46\", \"category_id\": 1, \"description\": \"Espresso dengan equal parts steamed milk, balance sempurna antara kopi & susu\", \"has_toppings\": false, \"has_variants\": false, \"is_available\": 1, \"max_toppings\": 0, \"min_toppings\": 0, \"category_name\": \"Kopi Panas\", \"category_slug\": \"kopi-panas\", \"effective_price\": \"23000.00\", \"effective_available\": 1}, {\"id\": 31, \"name\": \"Lungo\", \"slug\": \"lungo\", \"price\": \"21000.00\", \"toppings\": [], \"variants\": [], \"is_active\": 1, \"created_at\": \"2026-05-16 03:05:46\", \"image_path\": null, \"sort_order\": 11, \"updated_at\": \"2026-05-16 03:05:46\", \"category_id\": 1, \"description\": \"Espresso dengan volume air lebih banyak, milder & longer finish\", \"has_toppings\": false, \"has_variants\": false, \"is_available\": 1, \"max_toppings\": 0, \"min_toppings\": 0, \"category_name\": \"Kopi Panas\", \"category_slug\": \"kopi-panas\", \"effective_price\": \"21000.00\", \"effective_available\": 1}, {\"id\": 32, \"name\": \"Ristretto\", \"slug\": \"ristretto\", \"price\": \"20000.00\", \"toppings\": [], \"variants\": [], \"is_active\": 1, \"created_at\": \"2026-05-16 03:05:46\", \"image_path\": null, \"sort_order\": 12, \"updated_at\": \"2026-05-16 03:05:46\", \"category_id\": 1, \"description\": \"Espresso shot pendek yang sangat pekat & concentrated, pure intensity\", \"has_toppings\": false, \"has_variants\": false, \"is_available\": 1, \"max_toppings\": 0, \"min_toppings\": 0, \"category_name\": \"Kopi Panas\", \"category_slug\": \"kopi-panas\", \"effective_price\": \"20000.00\", \"effective_available\": 1}, {\"id\": 33, \"name\": \"Affogato\", \"slug\": \"affogato\", \"price\": \"32000.00\", \"toppings\": [], \"variants\": [], \"is_active\": 1, \"created_at\": \"2026-05-16 03:05:46\", \"image_path\": null, \"sort_order\": 13, \"updated_at\": \"2026-05-16 03:05:46\", \"category_id\": 1, \"description\": \"Espresso panas dituangkan langsung di atas satu scoop vanilla ice cream\", \"has_toppings\": false, \"has_variants\": false, \"is_available\": 1, \"max_toppings\": 0, \"min_toppings\": 0, \"category_name\": \"Kopi Panas\", \"category_slug\": \"kopi-panas\", \"effective_price\": \"32000.00\", \"effective_available\": 1}, {\"id\": 34, \"name\": \"Irish Coffee\", \"slug\": \"irish-coffee\", \"price\": \"35000.00\", \"toppings\": [], \"variants\": [], \"is_active\": 1, \"created_at\": \"2026-05-16 03:05:46\", \"image_path\": null, \"sort_order\": 14, \"updated_at\": \"2026-05-16 03:05:46\", \"category_id\": 1, \"description\": \"Kopi panas dengan sirup karamel Irish & cream di atasnya, rich & warming\", \"has_toppings\": false, \"has_variants\": false, \"is_available\": 1, \"max_toppings\": 0, \"min_toppings\": 0, \"category_name\": \"Kopi Panas\", \"category_slug\": \"kopi-panas\", \"effective_price\": \"35000.00\", \"effective_available\": 1}, {\"id\": 35, \"name\": \"Turkish Coffee\", \"slug\": \"turkish-coffee\", \"price\": \"22000.00\", \"toppings\": [], \"variants\": [], \"is_active\": 1, \"created_at\": \"2026-05-16 03:05:46\", \"image_path\": null, \"sort_order\": 15, \"updated_at\": \"2026-05-16 03:05:46\", \"category_id\": 1, \"description\": \"Kopi halus khas Turki diseduh dengan cezve, kental, aromatik & penuh karakter\", \"has_toppings\": false, \"has_variants\": false, \"is_available\": 1, \"max_toppings\": 0, \"min_toppings\": 0, \"category_name\": \"Kopi Panas\", \"category_slug\": \"kopi-panas\", \"effective_price\": \"22000.00\", \"effective_available\": 1}, {\"id\": 36, \"name\": \"Kopi Gula Aren\", \"slug\": \"kopi-gula-aren\", \"price\": \"22000.00\", \"toppings\": [], \"variants\": [], \"is_active\": 1, \"created_at\": \"2026-05-16 03:05:46\", \"image_path\": null, \"sort_order\": 16, \"updated_at\": \"2026-05-16 03:05:46\", \"category_id\": 1, \"description\": \"Espresso dengan gula aren lokal asli, manis legit khas Nusantara\", \"has_toppings\": false, \"has_variants\": false, \"is_available\": 1, \"max_toppings\": 0, \"min_toppings\": 0, \"category_name\": \"Kopi Panas\", \"category_slug\": \"kopi-panas\", \"effective_price\": \"22000.00\", \"effective_available\": 1}, {\"id\": 37, \"name\": \"Kopi Jahe Rempah\", \"slug\": \"kopi-jahe-rempah\", \"price\": \"20000.00\", \"toppings\": [], \"variants\": [], \"is_active\": 1, \"created_at\": \"2026-05-16 03:05:46\", \"image_path\": null, \"sort_order\": 17, \"updated_at\": \"2026-05-16 03:05:46\", \"category_id\": 1, \"description\": \"Espresso dengan jahe segar, kayu manis & cengkeh — hangat & menyehatkan\", \"has_toppings\": false, \"has_variants\": false, \"is_available\": 1, \"max_toppings\": 0, \"min_toppings\": 0, \"category_name\": \"Kopi Panas\", \"category_slug\": \"kopi-panas\", \"effective_price\": \"20000.00\", \"effective_available\": 1}, {\"id\": 38, \"name\": \"Kopi Susu Aren\", \"slug\": \"kopi-susu-aren\", \"price\": \"25000.00\", \"toppings\": [], \"variants\": [], \"is_active\": 1, \"created_at\": \"2026-05-16 03:05:46\", \"image_path\": null, \"sort_order\": 18, \"updated_at\": \"2026-05-16 03:05:46\", \"category_id\": 1, \"description\": \"Espresso susu dengan gula aren pilihan, lebih autentik dari gula biasa\", \"has_toppings\": false, \"has_variants\": false, \"is_available\": 1, \"max_toppings\": 0, \"min_toppings\": 0, \"category_name\": \"Kopi Panas\", \"category_slug\": \"kopi-panas\", \"effective_price\": \"25000.00\", \"effective_available\": 1}, {\"id\": 39, \"name\": \"Hazelnut Latte\", \"slug\": \"hazelnut-latte\", \"price\": \"30000.00\", \"toppings\": [], \"variants\": [], \"is_active\": 1, \"created_at\": \"2026-05-16 03:05:46\", \"image_path\": null, \"sort_order\": 19, \"updated_at\": \"2026-05-16 03:05:46\", \"category_id\": 1, \"description\": \"Latte creamy dengan sirup hazelnut premium, nutty & smooth\", \"has_toppings\": false, \"has_variants\": false, \"is_available\": 1, \"max_toppings\": 0, \"min_toppings\": 0, \"category_name\": \"Kopi Panas\", \"category_slug\": \"kopi-panas\", \"effective_price\": \"30000.00\", \"effective_available\": 1}, {\"id\": 40, \"name\": \"Vanilla Latte\", \"slug\": \"vanilla-latte\", \"price\": \"28000.00\", \"toppings\": [], \"variants\": [], \"is_active\": 1, \"created_at\": \"2026-05-16 03:05:46\", \"image_path\": null, \"sort_order\": 20, \"updated_at\": \"2026-05-16 03:05:46\", \"category_id\": 1, \"description\": \"Latte dengan vanilla bean asli, smooth & fragrant setiap tegukan\", \"has_toppings\": false, \"has_variants\": false, \"is_available\": 1, \"max_toppings\": 0, \"min_toppings\": 0, \"category_name\": \"Kopi Panas\", \"category_slug\": \"kopi-panas\", \"effective_price\": \"28000.00\", \"effective_available\": 1}, {\"id\": 41, \"name\": \"Caramel Latte\", \"slug\": \"caramel-latte\", \"price\": \"29000.00\", \"toppings\": [], \"variants\": [], \"is_active\": 1, \"created_at\": \"2026-05-16 03:05:46\", \"image_path\": null, \"sort_order\": 21, \"updated_at\": \"2026-05-16 03:05:46\", \"category_id\": 1, \"description\": \"Latte dengan drizzle karamel premium di atas foam susu, manis & creamy\", \"has_toppings\": false, \"has_variants\": false, \"is_available\": 1, \"max_toppings\": 0, \"min_toppings\": 0, \"category_name\": \"Kopi Panas\", \"category_slug\": \"kopi-panas\", \"effective_price\": \"29000.00\", \"effective_available\": 1}, {\"id\": 42, \"name\": \"Lavender Latte\", \"slug\": \"lavender-latte\", \"price\": \"30000.00\", \"toppings\": [], \"variants\": [], \"is_active\": 1, \"created_at\": \"2026-05-16 03:05:46\", \"image_path\": null, \"sort_order\": 22, \"updated_at\": \"2026-05-16 03:05:46\", \"category_id\": 1, \"description\": \"Latte dengan sirup lavender, aroma floral yang calming & unik\", \"has_toppings\": false, \"has_variants\": false, \"is_available\": 1, \"max_toppings\": 0, \"min_toppings\": 0, \"category_name\": \"Kopi Panas\", \"category_slug\": \"kopi-panas\", \"effective_price\": \"30000.00\", \"effective_available\": 1}, {\"id\": 43, \"name\": \"Ube Latte\", \"slug\": \"ube-latte\", \"price\": \"32000.00\", \"toppings\": [], \"variants\": [], \"is_active\": 1, \"created_at\": \"2026-05-16 03:05:46\", \"image_path\": null, \"sort_order\": 23, \"updated_at\": \"2026-05-16 03:05:46\", \"category_id\": 1, \"description\": \"Latte dengan ube (keladi ungu) Filipina, creamy, manis & berwarna cantik\", \"has_toppings\": false, \"has_variants\": false, \"is_available\": 1, \"max_toppings\": 0, \"min_toppings\": 0, \"category_name\": \"Kopi Panas\", \"category_slug\": \"kopi-panas\", \"effective_price\": \"32000.00\", \"effective_available\": 1}, {\"id\": 44, \"name\": \"Pandan Latte\", \"slug\": \"pandan-latte\", \"price\": \"27000.00\", \"toppings\": [], \"variants\": [], \"is_active\": 1, \"created_at\": \"2026-05-16 03:05:46\", \"image_path\": null, \"sort_order\": 24, \"updated_at\": \"2026-05-16 03:05:46\", \"category_id\": 1, \"description\": \"Latte dengan pandan lokal, aroma wangi khas Indonesia yang otentik\", \"has_toppings\": false, \"has_variants\": false, \"is_available\": 1, \"max_toppings\": 0, \"min_toppings\": 0, \"category_name\": \"Kopi Panas\", \"category_slug\": \"kopi-panas\", \"effective_price\": \"27000.00\", \"effective_available\": 1}, {\"id\": 45, \"name\": \"Brown Sugar Latte\", \"slug\": \"brown-sugar-latte\", \"price\": \"28000.00\", \"toppings\": [], \"variants\": [], \"is_active\": 1, \"created_at\": \"2026-05-16 03:05:46\", \"image_path\": null, \"sort_order\": 25, \"updated_at\": \"2026-05-16 03:05:46\", \"category_id\": 1, \"description\": \"Latte dengan brown sugar syrup & kayu manis, manis alami nan elegan\", \"has_toppings\": false, \"has_variants\": false, \"is_available\": 1, \"max_toppings\": 0, \"min_toppings\": 0, \"category_name\": \"Kopi Panas\", \"category_slug\": \"kopi-panas\", \"effective_price\": \"28000.00\", \"effective_available\": 1}, {\"id\": 46, \"name\": \"Bulletproof Coffee\", \"slug\": \"bulletproof-coffee\", \"price\": \"35000.00\", \"toppings\": [], \"variants\": [], \"is_active\": 1, \"created_at\": \"2026-05-16 03:05:46\", \"image_path\": null, \"sort_order\": 26, \"updated_at\": \"2026-05-16 03:05:46\", \"category_id\": 1, \"description\": \"Kopi blended dengan butter grass-fed & MCT oil, energi tahan lama keto-friendly\", \"has_toppings\": false, \"has_variants\": false, \"is_available\": 1, \"max_toppings\": 0, \"min_toppings\": 0, \"category_name\": \"Kopi Panas\", \"category_slug\": \"kopi-panas\", \"effective_price\": \"35000.00\", \"effective_available\": 1}, {\"id\": 47, \"name\": \"Piccolo Latte\", \"slug\": \"piccolo-latte\", \"price\": \"24000.00\", \"toppings\": [], \"variants\": [], \"is_active\": 1, \"created_at\": \"2026-05-16 03:05:46\", \"image_path\": null, \"sort_order\": 27, \"updated_at\": \"2026-05-16 03:05:46\", \"category_id\": 1, \"description\": \"Mini latte 90ml — double ristretto dengan sedikit textured milk, bold & strong\", \"has_toppings\": false, \"has_variants\": false, \"is_available\": 1, \"max_toppings\": 0, \"min_toppings\": 0, \"category_name\": \"Kopi Panas\", \"category_slug\": \"kopi-panas\", \"effective_price\": \"24000.00\", \"effective_available\": 1}, {\"id\": 48, \"name\": \"Kopi Mentega Madu\", \"slug\": \"kopi-mentega-madu\", \"price\": \"28000.00\", \"toppings\": [], \"variants\": [], \"is_active\": 1, \"created_at\": \"2026-05-16 03:05:46\", \"image_path\": null, \"sort_order\": 28, \"updated_at\": \"2026-05-16 03:05:46\", \"category_id\": 1, \"description\": \"Kopi dengan butter lokal & madu hutan, creamy & naturally sweet\", \"has_toppings\": false, \"has_variants\": false, \"is_available\": 1, \"max_toppings\": 0, \"min_toppings\": 0, \"category_name\": \"Kopi Panas\", \"category_slug\": \"kopi-panas\", \"effective_price\": \"28000.00\", \"effective_available\": 1}, {\"id\": 49, \"name\": \"Gibraltar\", \"slug\": \"gibraltar\", \"price\": \"25000.00\", \"toppings\": [], \"variants\": [], \"is_active\": 1, \"created_at\": \"2026-05-16 03:05:46\", \"image_path\": null, \"sort_order\": 29, \"updated_at\": \"2026-05-16 03:05:46\", \"category_id\": 1, \"description\": \"Double ristretto dengan steamed whole milk dalam gelas kecil 4oz, intense & creamy\", \"has_toppings\": false, \"has_variants\": false, \"is_available\": 1, \"max_toppings\": 0, \"min_toppings\": 0, \"category_name\": \"Kopi Panas\", \"category_slug\": \"kopi-panas\", \"effective_price\": \"25000.00\", \"effective_available\": 1}, {\"id\": 9, \"name\": \"Iced Americano\", \"slug\": \"iced-americano\", \"price\": \"22000.00\", \"toppings\": [], \"variants\": [{\"id\": 82, \"slug\": \"small\", \"label\": \"Small\", \"price_delta\": 0, \"menu_item_id\": 9, \"effective_price\": 22000}, {\"id\": 83, \"slug\": \"medium\", \"label\": \"Medium\", \"price_delta\": 3000, \"menu_item_id\": 9, \"effective_price\": 25000}, {\"id\": 84, \"slug\": \"large\", \"label\": \"Large\", \"price_delta\": 6000, \"menu_item_id\": 9, \"effective_price\": 28000}], \"is_active\": 1, \"created_at\": \"2026-05-14 18:02:00\", \"image_path\": null, \"sort_order\": 1, \"updated_at\": \"2026-05-14 18:02:00\", \"category_id\": 2, \"description\": \"Americano segar di atas es batu\", \"has_toppings\": false, \"has_variants\": true, \"is_available\": 1, \"max_toppings\": 0, \"min_toppings\": 0, \"category_name\": \"Kopi Dingin\", \"category_slug\": \"kopi-dingin\", \"effective_price\": \"22000.00\", \"effective_available\": 1}, {\"id\": 10, \"name\": \"Iced Latte\", \"slug\": \"iced-latte\", \"price\": \"29000.00\", \"toppings\": [], \"variants\": [{\"id\": 85, \"slug\": \"small\", \"label\": \"Small\", \"price_delta\": 0, \"menu_item_id\": 10, \"effective_price\": 29000}, {\"id\": 86, \"slug\": \"medium\", \"label\": \"Medium\", \"price_delta\": 4000, \"menu_item_id\": 10, \"effective_price\": 33000}, {\"id\": 87, \"slug\": \"large\", \"label\": \"Large\", \"price_delta\": 7000, \"menu_item_id\": 10, \"effective_price\": 36000}], \"is_active\": 1, \"created_at\": \"2026-05-14 18:02:00\", \"image_path\": null, \"sort_order\": 2, \"updated_at\": \"2026-05-14 18:02:00\", \"category_id\": 2, \"description\": \"Latte creamy yang menyegarkan dengan es\", \"has_toppings\": false, \"has_variants\": true, \"is_available\": 1, \"max_toppings\": 0, \"min_toppings\": 0, \"category_name\": \"Kopi Dingin\", \"category_slug\": \"kopi-dingin\", \"effective_price\": \"29000.00\", \"effective_available\": 1}, {\"id\": 11, \"name\": \"Cold Brew\", \"slug\": \"cold-brew\", \"price\": \"32000.00\", \"toppings\": [], \"variants\": [{\"id\": 88, \"slug\": \"small\", \"label\": \"Small\", \"price_delta\": 0, \"menu_item_id\": 11, \"effective_price\": 32000}, {\"id\": 89, \"slug\": \"medium\", \"label\": \"Medium\", \"price_delta\": 4000, \"menu_item_id\": 11, \"effective_price\": 36000}, {\"id\": 90, \"slug\": \"large\", \"label\": \"Large\", \"price_delta\": 7000, \"menu_item_id\": 11, \"effective_price\": 39000}], \"is_active\": 1, \"created_at\": \"2026-05-14 18:02:00\", \"image_path\": null, \"sort_order\": 3, \"updated_at\": \"2026-05-14 18:02:00\", \"category_id\": 2, \"description\": \"Kopi diseduh dingin 12 jam, smooth & less bitter\", \"has_toppings\": false, \"has_variants\": true, \"is_available\": 1, \"max_toppings\": 0, \"min_toppings\": 0, \"category_name\": \"Kopi Dingin\", \"category_slug\": \"kopi-dingin\", \"effective_price\": \"32000.00\", \"effective_available\": 1}, {\"id\": 12, \"name\": \"Es Kopi Susu\", \"slug\": \"es-kopi-susu\", \"price\": \"25000.00\", \"toppings\": [], \"variants\": [{\"id\": 91, \"slug\": \"small\", \"label\": \"Small\", \"price_delta\": 0, \"menu_item_id\": 12, \"effective_price\": 25000}, {\"id\": 92, \"slug\": \"medium\", \"label\": \"Medium\", \"price_delta\": 3000, \"menu_item_id\": 12, \"effective_price\": 28000}, {\"id\": 93, \"slug\": \"large\", \"label\": \"Large\", \"price_delta\": 6000, \"menu_item_id\": 12, \"effective_price\": 31000}], \"is_active\": 1, \"created_at\": \"2026-05-14 18:02:00\", \"image_path\": null, \"sort_order\": 4, \"updated_at\": \"2026-05-14 18:02:00\", \"category_id\": 2, \"description\": \"Kopi susu khas Indonesia yang viral\", \"has_toppings\": false, \"has_variants\": true, \"is_available\": 1, \"max_toppings\": 0, \"min_toppings\": 0, \"category_name\": \"Kopi Dingin\", \"category_slug\": \"kopi-dingin\", \"effective_price\": \"25000.00\", \"effective_available\": 1}, {\"id\": 13, \"name\": \"Vietnamese Coffee\", \"slug\": \"vietnamese-coffee\", \"price\": \"27000.00\", \"toppings\": [], \"variants\": [{\"id\": 94, \"slug\": \"small\", \"label\": \"Small\", \"price_delta\": 0, \"menu_item_id\": 13, \"effective_price\": 27000}, {\"id\": 95, \"slug\": \"medium\", \"label\": \"Medium\", \"price_delta\": 3000, \"menu_item_id\": 13, \"effective_price\": 30000}, {\"id\": 96, \"slug\": \"large\", \"label\": \"Large\", \"price_delta\": 6000, \"menu_item_id\": 13, \"effective_price\": 33000}], \"is_active\": 1, \"created_at\": \"2026-05-14 18:02:00\", \"image_path\": null, \"sort_order\": 5, \"updated_at\": \"2026-05-14 18:02:00\", \"category_id\": 2, \"description\": \"Kopi kental dengan susu kental manis\", \"has_toppings\": false, \"has_variants\": true, \"is_available\": 1, \"max_toppings\": 0, \"min_toppings\": 0, \"category_name\": \"Kopi Dingin\", \"category_slug\": \"kopi-dingin\", \"effective_price\": \"27000.00\", \"effective_available\": 1}, {\"id\": 14, \"name\": \"Caramel Frappé\", \"slug\": \"caramel-frappe\", \"price\": \"33000.00\", \"toppings\": [], \"variants\": [{\"id\": 112, \"slug\": \"regular\", \"label\": \"Regular\", \"price_delta\": 0, \"menu_item_id\": 14, \"effective_price\": 33000}, {\"id\": 113, \"slug\": \"large\", \"label\": \"Large\", \"price_delta\": 5000, \"menu_item_id\": 14, \"effective_price\": 38000}], \"is_active\": 1, \"created_at\": \"2026-05-14 18:02:00\", \"image_path\": null, \"sort_order\": 6, \"updated_at\": \"2026-05-14 18:02:00\", \"category_id\": 2, \"description\": \"Blended coffee dengan karamel, creamy & manis\", \"has_toppings\": false, \"has_variants\": true, \"is_available\": 1, \"max_toppings\": 0, \"min_toppings\": 0, \"category_name\": \"Kopi Dingin\", \"category_slug\": \"kopi-dingin\", \"effective_price\": \"33000.00\", \"effective_available\": 1}, {\"id\": 15, \"name\": \"Mocha Frappe\", \"slug\": \"mocha-frappe\", \"price\": \"33000.00\", \"toppings\": [], \"variants\": [{\"id\": 114, \"slug\": \"regular\", \"label\": \"Regular\", \"price_delta\": 0, \"menu_item_id\": 15, \"effective_price\": 33000}, {\"id\": 115, \"slug\": \"large\", \"label\": \"Large\", \"price_delta\": 5000, \"menu_item_id\": 15, \"effective_price\": 38000}], \"is_active\": 1, \"created_at\": \"2026-05-14 18:02:00\", \"image_path\": null, \"sort_order\": 7, \"updated_at\": \"2026-05-14 18:02:00\", \"category_id\": 2, \"description\": \"Blended coffee dengan cokelat dan whipped cream\", \"has_toppings\": false, \"has_variants\": true, \"is_available\": 1, \"max_toppings\": 0, \"min_toppings\": 0, \"category_name\": \"Kopi Dingin\", \"category_slug\": \"kopi-dingin\", \"effective_price\": \"33000.00\", \"effective_available\": 1}, {\"id\": 50, \"name\": \"Iced Cappuccino\", \"slug\": \"iced-cappuccino\", \"price\": \"27000.00\", \"toppings\": [], \"variants\": [], \"is_active\": 1, \"created_at\": \"2026-05-16 03:05:46\", \"image_path\": null, \"sort_order\": 8, \"updated_at\": \"2026-05-16 03:05:46\", \"category_id\": 2, \"description\": \"Cappuccino segar disajikan dingin dengan es batu yang berlimpah\", \"has_toppings\": false, \"has_variants\": false, \"is_available\": 1, \"max_toppings\": 0, \"min_toppings\": 0, \"category_name\": \"Kopi Dingin\", \"category_slug\": \"kopi-dingin\", \"effective_price\": \"27000.00\", \"effective_available\": 1}, {\"id\": 51, \"name\": \"Iced Flat White\", \"slug\": \"iced-flat-white\", \"price\": \"30000.00\", \"toppings\": [], \"variants\": [], \"is_active\": 1, \"created_at\": \"2026-05-16 03:05:46\", \"image_path\": null, \"sort_order\": 9, \"updated_at\": \"2026-05-16 03:05:46\", \"category_id\": 2, \"description\": \"Flat white double shot dengan susu full cream dingin & es batu\", \"has_toppings\": false, \"has_variants\": false, \"is_available\": 1, \"max_toppings\": 0, \"min_toppings\": 0, \"category_name\": \"Kopi Dingin\", \"category_slug\": \"kopi-dingin\", \"effective_price\": \"30000.00\", \"effective_available\": 1}, {\"id\": 52, \"name\": \"Iced Macchiato\", \"slug\": \"iced-macchiato\", \"price\": \"25000.00\", \"toppings\": [], \"variants\": [], \"is_active\": 1, \"created_at\": \"2026-05-16 03:05:46\", \"image_path\": null, \"sort_order\": 10, \"updated_at\": \"2026-05-16 03:05:46\", \"category_id\": 2, \"description\": \"Macchiato es berlapis, susu di bawah lalu espresso perlahan di atasnya\", \"has_toppings\": false, \"has_variants\": false, \"is_available\": 1, \"max_toppings\": 0, \"min_toppings\": 0, \"category_name\": \"Kopi Dingin\", \"category_slug\": \"kopi-dingin\", \"effective_price\": \"25000.00\", \"effective_available\": 1}, {\"id\": 53, \"name\": \"Nitro Cold Brew\", \"slug\": \"nitro-cold-brew\", \"price\": \"38000.00\", \"toppings\": [], \"variants\": [], \"is_active\": 1, \"created_at\": \"2026-05-16 03:05:46\", \"image_path\": null, \"sort_order\": 11, \"updated_at\": \"2026-05-16 03:05:46\", \"category_id\": 2, \"description\": \"Cold brew dengan nitrogen — tekstur creamy tanpa susu, extremely smooth\", \"has_toppings\": false, \"has_variants\": false, \"is_available\": 1, \"max_toppings\": 0, \"min_toppings\": 0, \"category_name\": \"Kopi Dingin\", \"category_slug\": \"kopi-dingin\", \"effective_price\": \"38000.00\", \"effective_available\": 1}, {\"id\": 54, \"name\": \"Cold Brew Tonic\", \"slug\": \"cold-brew-tonic\", \"price\": \"35000.00\", \"toppings\": [], \"variants\": [], \"is_active\": 1, \"created_at\": \"2026-05-16 03:05:46\", \"image_path\": null, \"sort_order\": 12, \"updated_at\": \"2026-05-16 03:05:46\", \"category_id\": 2, \"description\": \"Cold brew dicampur tonic water berbuih, segar dengan citrus notes\", \"has_toppings\": false, \"has_variants\": false, \"is_available\": 1, \"max_toppings\": 0, \"min_toppings\": 0, \"category_name\": \"Kopi Dingin\", \"category_slug\": \"kopi-dingin\", \"effective_price\": \"35000.00\", \"effective_available\": 1}, {\"id\": 55, \"name\": \"Iced Hazelnut Latte\", \"slug\": \"iced-hazelnut-latte\", \"price\": \"32000.00\", \"toppings\": [], \"variants\": [], \"is_active\": 1, \"created_at\": \"2026-05-16 03:05:46\", \"image_path\": null, \"sort_order\": 13, \"updated_at\": \"2026-05-16 03:05:46\", \"category_id\": 2, \"description\": \"Latte hazelnut dingin, nutty & manis, sempurna untuk hari panas\", \"has_toppings\": false, \"has_variants\": false, \"is_available\": 1, \"max_toppings\": 0, \"min_toppings\": 0, \"category_name\": \"Kopi Dingin\", \"category_slug\": \"kopi-dingin\", \"effective_price\": \"32000.00\", \"effective_available\": 1}, {\"id\": 56, \"name\": \"Iced Vanilla Latte\", \"slug\": \"iced-vanilla-latte\", \"price\": \"30000.00\", \"toppings\": [], \"variants\": [], \"is_active\": 1, \"created_at\": \"2026-05-16 03:05:46\", \"image_path\": null, \"sort_order\": 14, \"updated_at\": \"2026-05-16 03:05:46\", \"category_id\": 2, \"description\": \"Latte vanilla segar dengan es, fragrant & smooth di setiap tegukan\", \"has_toppings\": false, \"has_variants\": false, \"is_available\": 1, \"max_toppings\": 0, \"min_toppings\": 0, \"category_name\": \"Kopi Dingin\", \"category_slug\": \"kopi-dingin\", \"effective_price\": \"30000.00\", \"effective_available\": 1}, {\"id\": 57, \"name\": \"Iced Caramel Latte\", \"slug\": \"iced-caramel-latte\", \"price\": \"31000.00\", \"toppings\": [], \"variants\": [], \"is_active\": 1, \"created_at\": \"2026-05-16 03:05:46\", \"image_path\": null, \"sort_order\": 15, \"updated_at\": \"2026-05-16 03:05:46\", \"category_id\": 2, \"description\": \"Latte karamel dingin dengan drizzle karamel di atas, manis & indulgent\", \"has_toppings\": false, \"has_variants\": false, \"is_available\": 1, \"max_toppings\": 0, \"min_toppings\": 0, \"category_name\": \"Kopi Dingin\", \"category_slug\": \"kopi-dingin\", \"effective_price\": \"31000.00\", \"effective_available\": 1}, {\"id\": 58, \"name\": \"Iced Brown Sugar Latte\", \"slug\": \"iced-brown-sugar-latte\", \"price\": \"30000.00\", \"toppings\": [], \"variants\": [], \"is_active\": 1, \"created_at\": \"2026-05-16 03:05:46\", \"image_path\": null, \"sort_order\": 16, \"updated_at\": \"2026-05-16 03:05:46\", \"category_id\": 2, \"description\": \"Brown sugar latte dingin dengan cinnamon stick, manis alami & syrupy\", \"has_toppings\": false, \"has_variants\": false, \"is_available\": 1, \"max_toppings\": 0, \"min_toppings\": 0, \"category_name\": \"Kopi Dingin\", \"category_slug\": \"kopi-dingin\", \"effective_price\": \"30000.00\", \"effective_available\": 1}, {\"id\": 59, \"name\": \"Iced Pandan Latte\", \"slug\": \"iced-pandan-latte\", \"price\": \"29000.00\", \"toppings\": [], \"variants\": [], \"is_active\": 1, \"created_at\": \"2026-05-16 03:05:46\", \"image_path\": null, \"sort_order\": 17, \"updated_at\": \"2026-05-16 03:05:46\", \"category_id\": 2, \"description\": \"Latte pandan segar, wangi khas & menyegarkan, green & tropical\", \"has_toppings\": false, \"has_variants\": false, \"is_available\": 1, \"max_toppings\": 0, \"min_toppings\": 0, \"category_name\": \"Kopi Dingin\", \"category_slug\": \"kopi-dingin\", \"effective_price\": \"29000.00\", \"effective_available\": 1}, {\"id\": 60, \"name\": \"Iced Ube Latte\", \"slug\": \"iced-ube-latte\", \"price\": \"34000.00\", \"toppings\": [], \"variants\": [], \"is_active\": 1, \"created_at\": \"2026-05-16 03:05:46\", \"image_path\": null, \"sort_order\": 18, \"updated_at\": \"2026-05-16 03:05:46\", \"category_id\": 2, \"description\": \"Ube latte ungu cantik disajikan dengan es, creamy & Instagrammable\", \"has_toppings\": false, \"has_variants\": false, \"is_available\": 1, \"max_toppings\": 0, \"min_toppings\": 0, \"category_name\": \"Kopi Dingin\", \"category_slug\": \"kopi-dingin\", \"effective_price\": \"34000.00\", \"effective_available\": 1}, {\"id\": 61, \"name\": \"Iced Lavender Latte\", \"slug\": \"iced-lavender-latte\", \"price\": \"32000.00\", \"toppings\": [], \"variants\": [], \"is_active\": 1, \"created_at\": \"2026-05-16 03:05:46\", \"image_path\": null, \"sort_order\": 19, \"updated_at\": \"2026-05-16 03:05:46\", \"category_id\": 2, \"description\": \"Lavender latte floral yang menyegarkan, perfect summer drink\", \"has_toppings\": false, \"has_variants\": false, \"is_available\": 1, \"max_toppings\": 0, \"min_toppings\": 0, \"category_name\": \"Kopi Dingin\", \"category_slug\": \"kopi-dingin\", \"effective_price\": \"32000.00\", \"effective_available\": 1}, {\"id\": 62, \"name\": \"Es Kopi Gula Aren\", \"slug\": \"es-kopi-gula-aren\", \"price\": \"27000.00\", \"toppings\": [], \"variants\": [], \"is_active\": 1, \"created_at\": \"2026-05-16 03:05:46\", \"image_path\": null, \"sort_order\": 20, \"updated_at\": \"2026-05-16 03:05:46\", \"category_id\": 2, \"description\": \"Kopi gula aren asli disajikan dingin, manis legit khas Nusantara\", \"has_toppings\": false, \"has_variants\": false, \"is_available\": 1, \"max_toppings\": 0, \"min_toppings\": 0, \"category_name\": \"Kopi Dingin\", \"category_slug\": \"kopi-dingin\", \"effective_price\": \"27000.00\", \"effective_available\": 1}, {\"id\": 63, \"name\": \"Iced Cortado\", \"slug\": \"iced-cortado\", \"price\": \"25000.00\", \"toppings\": [], \"variants\": [], \"is_active\": 1, \"created_at\": \"2026-05-16 03:05:46\", \"image_path\": null, \"sort_order\": 21, \"updated_at\": \"2026-05-16 03:05:46\", \"category_id\": 2, \"description\": \"Cortado segar dengan es batu, balance antara espresso & susu\", \"has_toppings\": false, \"has_variants\": false, \"is_available\": 1, \"max_toppings\": 0, \"min_toppings\": 0, \"category_name\": \"Kopi Dingin\", \"category_slug\": \"kopi-dingin\", \"effective_price\": \"25000.00\", \"effective_available\": 1}, {\"id\": 64, \"name\": \"Coffee Tonic\", \"slug\": \"coffee-tonic\", \"price\": \"33000.00\", \"toppings\": [], \"variants\": [], \"is_active\": 1, \"created_at\": \"2026-05-16 03:05:46\", \"image_path\": null, \"sort_order\": 22, \"updated_at\": \"2026-05-16 03:05:46\", \"category_id\": 2, \"description\": \"Espresso & tonic water berbuih — kombinasi tak terduga yang addictive\", \"has_toppings\": false, \"has_variants\": false, \"is_available\": 1, \"max_toppings\": 0, \"min_toppings\": 0, \"category_name\": \"Kopi Dingin\", \"category_slug\": \"kopi-dingin\", \"effective_price\": \"33000.00\", \"effective_available\": 1}, {\"id\": 65, \"name\": \"Iced Dirty Matcha\", \"slug\": \"iced-dirty-matcha\", \"price\": \"35000.00\", \"toppings\": [], \"variants\": [], \"is_active\": 1, \"created_at\": \"2026-05-16 03:05:46\", \"image_path\": null, \"sort_order\": 23, \"updated_at\": \"2026-05-16 03:05:46\", \"category_id\": 2, \"description\": \"Matcha latte dengan espresso shot di atasnya, double kick caffeine\", \"has_toppings\": false, \"has_variants\": false, \"is_available\": 1, \"max_toppings\": 0, \"min_toppings\": 0, \"category_name\": \"Kopi Dingin\", \"category_slug\": \"kopi-dingin\", \"effective_price\": \"35000.00\", \"effective_available\": 1}, {\"id\": 66, \"name\": \"Dalgona Coffee\", \"slug\": \"dalgona-coffee\", \"price\": \"30000.00\", \"toppings\": [], \"variants\": [], \"is_active\": 1, \"created_at\": \"2026-05-16 03:05:46\", \"image_path\": null, \"sort_order\": 24, \"updated_at\": \"2026-05-16 03:05:46\", \"category_id\": 2, \"description\": \"Whipped coffee Korean style yang fluffy di atas susu dingin\", \"has_toppings\": false, \"has_variants\": false, \"is_available\": 1, \"max_toppings\": 0, \"min_toppings\": 0, \"category_name\": \"Kopi Dingin\", \"category_slug\": \"kopi-dingin\", \"effective_price\": \"30000.00\", \"effective_available\": 1}, {\"id\": 67, \"name\": \"Iced Spanish Latte\", \"slug\": \"iced-spanish-latte\", \"price\": \"31000.00\", \"toppings\": [], \"variants\": [], \"is_active\": 1, \"created_at\": \"2026-05-16 03:05:46\", \"image_path\": null, \"sort_order\": 25, \"updated_at\": \"2026-05-16 03:05:46\", \"category_id\": 2, \"description\": \"Espresso dengan susu kental manis & susu segar, manis & very creamy\", \"has_toppings\": false, \"has_variants\": false, \"is_available\": 1, \"max_toppings\": 0, \"min_toppings\": 0, \"category_name\": \"Kopi Dingin\", \"category_slug\": \"kopi-dingin\", \"effective_price\": \"31000.00\", \"effective_available\": 1}, {\"id\": 68, \"name\": \"Iced Coconut Latte\", \"slug\": \"iced-coconut-latte\", \"price\": \"32000.00\", \"toppings\": [], \"variants\": [], \"is_active\": 1, \"created_at\": \"2026-05-16 03:05:46\", \"image_path\": null, \"sort_order\": 26, \"updated_at\": \"2026-05-16 03:05:46\", \"category_id\": 2, \"description\": \"Latte dengan coconut milk, tropical, dairy-free & naturally sweet\", \"has_toppings\": false, \"has_variants\": false, \"is_available\": 1, \"max_toppings\": 0, \"min_toppings\": 0, \"category_name\": \"Kopi Dingin\", \"category_slug\": \"kopi-dingin\", \"effective_price\": \"32000.00\", \"effective_available\": 1}, {\"id\": 69, \"name\": \"Es Kopi Susu Aren\", \"slug\": \"es-kopi-susu-aren\", \"price\": \"28000.00\", \"toppings\": [], \"variants\": [], \"is_active\": 1, \"created_at\": \"2026-05-16 03:05:46\", \"image_path\": null, \"sort_order\": 27, \"updated_at\": \"2026-05-16 03:05:46\", \"category_id\": 2, \"description\": \"Es kopi susu dengan gula aren murni — upgrade dari versi gula biasa\", \"has_toppings\": false, \"has_variants\": false, \"is_available\": 1, \"max_toppings\": 0, \"min_toppings\": 0, \"category_name\": \"Kopi Dingin\", \"category_slug\": \"kopi-dingin\", \"effective_price\": \"28000.00\", \"effective_available\": 1}, {\"id\": 16, \"name\": \"Matcha Latte\", \"slug\": \"matcha-latte\", \"price\": \"28000.00\", \"toppings\": [], \"variants\": [{\"id\": 97, \"slug\": \"small\", \"label\": \"Small\", \"price_delta\": 0, \"menu_item_id\": 16, \"effective_price\": 28000}, {\"id\": 98, \"slug\": \"medium\", \"label\": \"Medium\", \"price_delta\": 4000, \"menu_item_id\": 16, \"effective_price\": 32000}, {\"id\": 99, \"slug\": \"large\", \"label\": \"Large\", \"price_delta\": 7000, \"menu_item_id\": 16, \"effective_price\": 35000}], \"is_active\": 1, \"created_at\": \"2026-05-14 18:02:00\", \"image_path\": null, \"sort_order\": 1, \"updated_at\": \"2026-05-14 18:02:00\", \"category_id\": 3, \"description\": \"Green tea Jepang dengan steamed milk, creamy & earthy\", \"has_toppings\": false, \"has_variants\": true, \"is_available\": 1, \"max_toppings\": 0, \"min_toppings\": 0, \"category_name\": \"Non Kopi\", \"category_slug\": \"non-kopi\", \"effective_price\": \"28000.00\", \"effective_available\": 1}, {\"id\": 17, \"name\": \"Chocolate\", \"slug\": \"chocolate\", \"price\": \"25000.00\", \"toppings\": [], \"variants\": [{\"id\": 100, \"slug\": \"small\", \"label\": \"Small\", \"price_delta\": 0, \"menu_item_id\": 17, \"effective_price\": 25000}, {\"id\": 101, \"slug\": \"medium\", \"label\": \"Medium\", \"price_delta\": 4000, \"menu_item_id\": 17, \"effective_price\": 29000}, {\"id\": 102, \"slug\": \"large\", \"label\": \"Large\", \"price_delta\": 7000, \"menu_item_id\": 17, \"effective_price\": 32000}], \"is_active\": 1, \"created_at\": \"2026-05-14 18:02:00\", \"image_path\": null, \"sort_order\": 2, \"updated_at\": \"2026-05-14 18:02:00\", \"category_id\": 3, \"description\": \"Rich hot chocolate yang mewah\", \"has_toppings\": false, \"has_variants\": true, \"is_available\": 1, \"max_toppings\": 0, \"min_toppings\": 0, \"category_name\": \"Non Kopi\", \"category_slug\": \"non-kopi\", \"effective_price\": \"25000.00\", \"effective_available\": 1}, {\"id\": 18, \"name\": \"Teh Tarik\", \"slug\": \"teh-tarik\", \"price\": \"20000.00\", \"toppings\": [], \"variants\": [{\"id\": 103, \"slug\": \"small\", \"label\": \"Small\", \"price_delta\": 0, \"menu_item_id\": 18, \"effective_price\": 20000}, {\"id\": 104, \"slug\": \"medium\", \"label\": \"Medium\", \"price_delta\": 3000, \"menu_item_id\": 18, \"effective_price\": 23000}, {\"id\": 105, \"slug\": \"large\", \"label\": \"Large\", \"price_delta\": 6000, \"menu_item_id\": 18, \"effective_price\": 26000}], \"is_active\": 1, \"created_at\": \"2026-05-14 18:02:00\", \"image_path\": null, \"sort_order\": 3, \"updated_at\": \"2026-05-14 18:02:00\", \"category_id\": 3, \"description\": \"Teh Malaysia classic yang creamy\", \"has_toppings\": false, \"has_variants\": true, \"is_available\": 1, \"max_toppings\": 0, \"min_toppings\": 0, \"category_name\": \"Non Kopi\", \"category_slug\": \"non-kopi\", \"effective_price\": \"20000.00\", \"effective_available\": 1}, {\"id\": 19, \"name\": \"Strawberry Smoothie\", \"slug\": \"strawberry-smoothie\", \"price\": \"30000.00\", \"toppings\": [], \"variants\": [{\"id\": 106, \"slug\": \"small\", \"label\": \"Small\", \"price_delta\": 0, \"menu_item_id\": 19, \"effective_price\": 30000}, {\"id\": 107, \"slug\": \"medium\", \"label\": \"Medium\", \"price_delta\": 4000, \"menu_item_id\": 19, \"effective_price\": 34000}, {\"id\": 108, \"slug\": \"large\", \"label\": \"Large\", \"price_delta\": 7000, \"menu_item_id\": 19, \"effective_price\": 37000}], \"is_active\": 1, \"created_at\": \"2026-05-14 18:02:00\", \"image_path\": null, \"sort_order\": 4, \"updated_at\": \"2026-05-14 18:02:00\", \"category_id\": 3, \"description\": \"Smoothie stroberi segar dengan yogurt\", \"has_toppings\": false, \"has_variants\": true, \"is_available\": 1, \"max_toppings\": 0, \"min_toppings\": 0, \"category_name\": \"Non Kopi\", \"category_slug\": \"non-kopi\", \"effective_price\": \"30000.00\", \"effective_available\": 1}, {\"id\": 20, \"name\": \"Lemon Tea\", \"slug\": \"lemon-tea\", \"price\": \"18000.00\", \"toppings\": [], \"variants\": [{\"id\": 109, \"slug\": \"small\", \"label\": \"Small\", \"price_delta\": 0, \"menu_item_id\": 20, \"effective_price\": 18000}, {\"id\": 110, \"slug\": \"medium\", \"label\": \"Medium\", \"price_delta\": 3000, \"menu_item_id\": 20, \"effective_price\": 21000}, {\"id\": 111, \"slug\": \"large\", \"label\": \"Large\", \"price_delta\": 5000, \"menu_item_id\": 20, \"effective_price\": 23000}], \"is_active\": 1, \"created_at\": \"2026-05-14 18:02:00\", \"image_path\": null, \"sort_order\": 5, \"updated_at\": \"2026-05-14 18:02:00\", \"category_id\": 3, \"description\": \"Teh lemon segar, cocok untuk cuaca panas\", \"has_toppings\": false, \"has_variants\": true, \"is_available\": 1, \"max_toppings\": 0, \"min_toppings\": 0, \"category_name\": \"Non Kopi\", \"category_slug\": \"non-kopi\", \"effective_price\": \"18000.00\", \"effective_available\": 1}, {\"id\": 70, \"name\": \"Iced Matcha Latte\", \"slug\": \"iced-matcha-latte\", \"price\": \"30000.00\", \"toppings\": [], \"variants\": [], \"is_active\": 1, \"created_at\": \"2026-05-16 03:05:46\", \"image_path\": null, \"sort_order\": 6, \"updated_at\": \"2026-05-16 03:05:46\", \"category_id\": 3, \"description\": \"Matcha latte Jepang disajikan dingin, earthy & refreshing\", \"has_toppings\": false, \"has_variants\": false, \"is_available\": 1, \"max_toppings\": 0, \"min_toppings\": 0, \"category_name\": \"Non Kopi\", \"category_slug\": \"non-kopi\", \"effective_price\": \"30000.00\", \"effective_available\": 1}, {\"id\": 71, \"name\": \"Matcha Frappe\", \"slug\": \"matcha-frappe\", \"price\": \"32000.00\", \"toppings\": [], \"variants\": [], \"is_active\": 1, \"created_at\": \"2026-05-16 03:05:46\", \"image_path\": null, \"sort_order\": 7, \"updated_at\": \"2026-05-16 03:05:46\", \"category_id\": 3, \"description\": \"Blended matcha dengan milk & es batu, thick, creamy & intense\", \"has_toppings\": false, \"has_variants\": false, \"is_available\": 1, \"max_toppings\": 0, \"min_toppings\": 0, \"category_name\": \"Non Kopi\", \"category_slug\": \"non-kopi\", \"effective_price\": \"32000.00\", \"effective_available\": 1}, {\"id\": 72, \"name\": \"Hojicha Latte\", \"slug\": \"hojicha-latte\", \"price\": \"28000.00\", \"toppings\": [], \"variants\": [], \"is_active\": 1, \"created_at\": \"2026-05-16 03:05:46\", \"image_path\": null, \"sort_order\": 8, \"updated_at\": \"2026-05-16 03:05:46\", \"category_id\": 3, \"description\": \"Teh hijau panggang Jepang, roasty & nutty, less caffeine & very comforting\", \"has_toppings\": false, \"has_variants\": false, \"is_available\": 1, \"max_toppings\": 0, \"min_toppings\": 0, \"category_name\": \"Non Kopi\", \"category_slug\": \"non-kopi\", \"effective_price\": \"28000.00\", \"effective_available\": 1}, {\"id\": 73, \"name\": \"Iced Hojicha Latte\", \"slug\": \"iced-hojicha-latte\", \"price\": \"29000.00\", \"toppings\": [], \"variants\": [], \"is_active\": 1, \"created_at\": \"2026-05-16 03:05:46\", \"image_path\": null, \"sort_order\": 9, \"updated_at\": \"2026-05-16 03:05:46\", \"category_id\": 3, \"description\": \"Hojicha latte segar disajikan dingin, roasty & slightly sweet\", \"has_toppings\": false, \"has_variants\": false, \"is_available\": 1, \"max_toppings\": 0, \"min_toppings\": 0, \"category_name\": \"Non Kopi\", \"category_slug\": \"non-kopi\", \"effective_price\": \"29000.00\", \"effective_available\": 1}, {\"id\": 74, \"name\": \"Taro Latte\", \"slug\": \"taro-latte\", \"price\": \"30000.00\", \"toppings\": [], \"variants\": [], \"is_active\": 1, \"created_at\": \"2026-05-16 03:05:46\", \"image_path\": null, \"sort_order\": 10, \"updated_at\": \"2026-05-16 03:05:46\", \"category_id\": 3, \"description\": \"Latte dengan keladi ungu Filipina, creamy, manis alami & berwarna cantik\", \"has_toppings\": false, \"has_variants\": false, \"is_available\": 1, \"max_toppings\": 0, \"min_toppings\": 0, \"category_name\": \"Non Kopi\", \"category_slug\": \"non-kopi\", \"effective_price\": \"30000.00\", \"effective_available\": 1}, {\"id\": 75, \"name\": \"Iced Taro Latte\", \"slug\": \"iced-taro-latte\", \"price\": \"31000.00\", \"toppings\": [], \"variants\": [], \"is_active\": 1, \"created_at\": \"2026-05-16 03:05:46\", \"image_path\": null, \"sort_order\": 11, \"updated_at\": \"2026-05-16 03:05:46\", \"category_id\": 3, \"description\": \"Taro latte ungu cantik disajikan dingin, smooth & tropical\", \"has_toppings\": false, \"has_variants\": false, \"is_available\": 1, \"max_toppings\": 0, \"min_toppings\": 0, \"category_name\": \"Non Kopi\", \"category_slug\": \"non-kopi\", \"effective_price\": \"31000.00\", \"effective_available\": 1}, {\"id\": 76, \"name\": \"Butterfly Pea Latte\", \"slug\": \"butterfly-pea-latte\", \"price\": \"28000.00\", \"toppings\": [], \"variants\": [], \"is_active\": 1, \"created_at\": \"2026-05-16 03:05:46\", \"image_path\": null, \"sort_order\": 12, \"updated_at\": \"2026-05-16 03:05:46\", \"category_id\": 3, \"description\": \"Latte dengan bunga telang biru, warna indah & unik — berubah ungu dengan lemon\", \"has_toppings\": false, \"has_variants\": false, \"is_available\": 1, \"max_toppings\": 0, \"min_toppings\": 0, \"category_name\": \"Non Kopi\", \"category_slug\": \"non-kopi\", \"effective_price\": \"28000.00\", \"effective_available\": 1}, {\"id\": 77, \"name\": \"Iced Chocolate\", \"slug\": \"iced-chocolate\", \"price\": \"27000.00\", \"toppings\": [], \"variants\": [], \"is_active\": 1, \"created_at\": \"2026-05-16 03:05:46\", \"image_path\": null, \"sort_order\": 13, \"updated_at\": \"2026-05-16 03:05:46\", \"category_id\": 3, \"description\": \"Rich dark chocolate milk dingin dengan es batu, indulgent & refreshing\", \"has_toppings\": false, \"has_variants\": false, \"is_available\": 1, \"max_toppings\": 0, \"min_toppings\": 0, \"category_name\": \"Non Kopi\", \"category_slug\": \"non-kopi\", \"effective_price\": \"27000.00\", \"effective_available\": 1}, {\"id\": 78, \"name\": \"Chocolate Frappe\", \"slug\": \"chocolate-frappe\", \"price\": \"33000.00\", \"toppings\": [], \"variants\": [], \"is_active\": 1, \"created_at\": \"2026-05-16 03:05:46\", \"image_path\": null, \"sort_order\": 14, \"updated_at\": \"2026-05-16 03:05:46\", \"category_id\": 3, \"description\": \"Blended chocolate dengan whipped cream & chocolate drizzle, pure indulgence\", \"has_toppings\": false, \"has_variants\": false, \"is_available\": 1, \"max_toppings\": 0, \"min_toppings\": 0, \"category_name\": \"Non Kopi\", \"category_slug\": \"non-kopi\", \"effective_price\": \"33000.00\", \"effective_available\": 1}, {\"id\": 79, \"name\": \"Milo Dinosaur\", \"slug\": \"milo-dinosaur\", \"price\": \"25000.00\", \"toppings\": [], \"variants\": [], \"is_active\": 1, \"created_at\": \"2026-05-16 03:05:46\", \"image_path\": null, \"sort_order\": 15, \"updated_at\": \"2026-05-16 03:05:46\", \"category_id\": 3, \"description\": \"Milo iced dengan taburan Milo bubuk yang banyak di atasnya — legendary\", \"has_toppings\": false, \"has_variants\": false, \"is_available\": 1, \"max_toppings\": 0, \"min_toppings\": 0, \"category_name\": \"Non Kopi\", \"category_slug\": \"non-kopi\", \"effective_price\": \"25000.00\", \"effective_available\": 1}, {\"id\": 80, \"name\": \"Avocado Smoothie\", \"slug\": \"avocado-smoothie\", \"price\": \"32000.00\", \"toppings\": [], \"variants\": [], \"is_active\": 1, \"created_at\": \"2026-05-16 03:05:46\", \"image_path\": null, \"sort_order\": 16, \"updated_at\": \"2026-05-16 03:05:46\", \"category_id\": 3, \"description\": \"Smoothie alpukat segar dengan susu full cream & sedikit madu, creamy & healthy\", \"has_toppings\": false, \"has_variants\": false, \"is_available\": 1, \"max_toppings\": 0, \"min_toppings\": 0, \"category_name\": \"Non Kopi\", \"category_slug\": \"non-kopi\", \"effective_price\": \"32000.00\", \"effective_available\": 1}, {\"id\": 81, \"name\": \"Mango Smoothie\", \"slug\": \"mango-smoothie\", \"price\": \"30000.00\", \"toppings\": [], \"variants\": [], \"is_active\": 1, \"created_at\": \"2026-05-16 03:05:46\", \"image_path\": null, \"sort_order\": 17, \"updated_at\": \"2026-05-16 03:05:46\", \"category_id\": 3, \"description\": \"Smoothie mangga harum & segar dari buah mangga asli, tropical vibes\", \"has_toppings\": false, \"has_variants\": false, \"is_available\": 1, \"max_toppings\": 0, \"min_toppings\": 0, \"category_name\": \"Non Kopi\", \"category_slug\": \"non-kopi\", \"effective_price\": \"30000.00\", \"effective_available\": 1}, {\"id\": 82, \"name\": \"Chai Latte\", \"slug\": \"chai-latte\", \"price\": \"27000.00\", \"toppings\": [], \"variants\": [], \"is_active\": 1, \"created_at\": \"2026-05-16 03:05:46\", \"image_path\": null, \"sort_order\": 18, \"updated_at\": \"2026-05-16 03:05:46\", \"category_id\": 3, \"description\": \"Teh masala India dengan kayu manis, jahe, kapulaga & steamed milk, spicy warm\", \"has_toppings\": false, \"has_variants\": false, \"is_available\": 1, \"max_toppings\": 0, \"min_toppings\": 0, \"category_name\": \"Non Kopi\", \"category_slug\": \"non-kopi\", \"effective_price\": \"27000.00\", \"effective_available\": 1}, {\"id\": 83, \"name\": \"Iced Chai Latte\", \"slug\": \"iced-chai-latte\", \"price\": \"28000.00\", \"toppings\": [], \"variants\": [], \"is_active\": 1, \"created_at\": \"2026-05-16 03:05:46\", \"image_path\": null, \"sort_order\": 19, \"updated_at\": \"2026-05-16 03:05:46\", \"category_id\": 3, \"description\": \"Chai latte rempah disajikan dingin, spicy & refreshing, summer favourite\", \"has_toppings\": false, \"has_variants\": false, \"is_available\": 1, \"max_toppings\": 0, \"min_toppings\": 0, \"category_name\": \"Non Kopi\", \"category_slug\": \"non-kopi\", \"effective_price\": \"28000.00\", \"effective_available\": 1}, {\"id\": 84, \"name\": \"Pandan Susu\", \"slug\": \"pandan-susu\", \"price\": \"25000.00\", \"toppings\": [], \"variants\": [], \"is_active\": 1, \"created_at\": \"2026-05-16 03:05:46\", \"image_path\": null, \"sort_order\": 20, \"updated_at\": \"2026-05-16 03:05:46\", \"category_id\": 3, \"description\": \"Susu segar dengan pandan lokal — tanpa kopi, sweet, fragrant & soothing\", \"has_toppings\": false, \"has_variants\": false, \"is_available\": 1, \"max_toppings\": 0, \"min_toppings\": 0, \"category_name\": \"Non Kopi\", \"category_slug\": \"non-kopi\", \"effective_price\": \"25000.00\", \"effective_available\": 1}, {\"id\": 85, \"name\": \"Iced Thai Tea\", \"slug\": \"iced-thai-tea\", \"price\": \"25000.00\", \"toppings\": [], \"variants\": [], \"is_active\": 1, \"created_at\": \"2026-05-16 03:05:46\", \"image_path\": null, \"sort_order\": 21, \"updated_at\": \"2026-05-16 03:05:46\", \"category_id\": 3, \"description\": \"Teh Thailand khas dengan susu evaporasi bergula, manis & creamy\", \"has_toppings\": false, \"has_variants\": false, \"is_available\": 1, \"max_toppings\": 0, \"min_toppings\": 0, \"category_name\": \"Non Kopi\", \"category_slug\": \"non-kopi\", \"effective_price\": \"25000.00\", \"effective_available\": 1}, {\"id\": 86, \"name\": \"Banana Smoothie\", \"slug\": \"banana-smoothie\", \"price\": \"28000.00\", \"toppings\": [], \"variants\": [], \"is_active\": 1, \"created_at\": \"2026-05-16 03:05:46\", \"image_path\": null, \"sort_order\": 22, \"updated_at\": \"2026-05-16 03:05:46\", \"category_id\": 3, \"description\": \"Smoothie pisang creamy dengan susu & madu, natural energy booster\", \"has_toppings\": false, \"has_variants\": false, \"is_available\": 1, \"max_toppings\": 0, \"min_toppings\": 0, \"category_name\": \"Non Kopi\", \"category_slug\": \"non-kopi\", \"effective_price\": \"28000.00\", \"effective_available\": 1}, {\"id\": 87, \"name\": \"Red Velvet Latte\", \"slug\": \"red-velvet-latte\", \"price\": \"30000.00\", \"toppings\": [], \"variants\": [], \"is_active\": 1, \"created_at\": \"2026-05-16 03:05:46\", \"image_path\": null, \"sort_order\": 23, \"updated_at\": \"2026-05-16 03:05:46\", \"category_id\": 3, \"description\": \"Latte dengan red velvet flavour, creamy & indulgent, rich colour\", \"has_toppings\": false, \"has_variants\": false, \"is_available\": 1, \"max_toppings\": 0, \"min_toppings\": 0, \"category_name\": \"Non Kopi\", \"category_slug\": \"non-kopi\", \"effective_price\": \"30000.00\", \"effective_available\": 1}, {\"id\": 88, \"name\": \"Iced Teh Tarik\", \"slug\": \"iced-teh-tarik\", \"price\": \"22000.00\", \"toppings\": [], \"variants\": [], \"is_active\": 1, \"created_at\": \"2026-05-16 03:05:46\", \"image_path\": null, \"sort_order\": 24, \"updated_at\": \"2026-05-16 03:05:46\", \"category_id\": 3, \"description\": \"Teh tarik khas Malaysia disajikan dingin & segar, creamy & refreshing\", \"has_toppings\": false, \"has_variants\": false, \"is_available\": 1, \"max_toppings\": 0, \"min_toppings\": 0, \"category_name\": \"Non Kopi\", \"category_slug\": \"non-kopi\", \"effective_price\": \"22000.00\", \"effective_available\": 1}, {\"id\": 89, \"name\": \"Coconut Water Fresh\", \"slug\": \"coconut-water-fresh\", \"price\": \"28000.00\", \"toppings\": [], \"variants\": [], \"is_active\": 1, \"created_at\": \"2026-05-16 03:05:46\", \"image_path\": null, \"sort_order\": 25, \"updated_at\": \"2026-05-16 03:05:46\", \"category_id\": 3, \"description\": \"Air kelapa muda segar langsung dari buahnya, natural & hydrating\", \"has_toppings\": false, \"has_variants\": false, \"is_available\": 1, \"max_toppings\": 0, \"min_toppings\": 0, \"category_name\": \"Non Kopi\", \"category_slug\": \"non-kopi\", \"effective_price\": \"28000.00\", \"effective_available\": 1}, {\"id\": 21, \"name\": \"Croissant\", \"slug\": \"croissant\", \"price\": \"22000.00\", \"toppings\": [], \"variants\": [], \"is_active\": 1, \"created_at\": \"2026-05-14 18:02:00\", \"image_path\": null, \"sort_order\": 1, \"updated_at\": \"2026-05-14 18:02:00\", \"category_id\": 4, \"description\": \"Croissant butter lembut & renyah dari oven\", \"has_toppings\": false, \"has_variants\": false, \"is_available\": 1, \"max_toppings\": 0, \"min_toppings\": 0, \"category_name\": \"Cemilan\", \"category_slug\": \"cemilan\", \"effective_price\": \"22000.00\", \"effective_available\": 1}, {\"id\": 22, \"name\": \"Banana Bread\", \"slug\": \"banana-bread\", \"price\": \"25000.00\", \"toppings\": [], \"variants\": [], \"is_active\": 1, \"created_at\": \"2026-05-14 18:02:00\", \"image_path\": null, \"sort_order\": 2, \"updated_at\": \"2026-05-14 18:02:00\", \"category_id\": 4, \"description\": \"Roti pisang moist dengan walnuts\", \"has_toppings\": false, \"has_variants\": false, \"is_available\": 1, \"max_toppings\": 0, \"min_toppings\": 0, \"category_name\": \"Cemilan\", \"category_slug\": \"cemilan\", \"effective_price\": \"25000.00\", \"effective_available\": 1}, {\"id\": 23, \"name\": \"Cheese Cake Slice\", \"slug\": \"cheese-cake-slice\", \"price\": \"32000.00\", \"toppings\": [], \"variants\": [], \"is_active\": 1, \"created_at\": \"2026-05-14 18:02:00\", \"image_path\": null, \"sort_order\": 3, \"updated_at\": \"2026-05-14 18:02:00\", \"category_id\": 4, \"description\": \"Slice cheesecake original New York style\", \"has_toppings\": false, \"has_variants\": false, \"is_available\": 1, \"max_toppings\": 0, \"min_toppings\": 0, \"category_name\": \"Cemilan\", \"category_slug\": \"cemilan\", \"effective_price\": \"32000.00\", \"effective_available\": 1}, {\"id\": 24, \"name\": \"Cookies Assorted\", \"slug\": \"cookies-assorted\", \"price\": \"20000.00\", \"toppings\": [], \"variants\": [{\"id\": 116, \"slug\": \"regular\", \"label\": \"Regular\", \"price_delta\": 0, \"menu_item_id\": 24, \"effective_price\": 20000}, {\"id\": 117, \"slug\": \"large\", \"label\": \"Large\", \"price_delta\": 8000, \"menu_item_id\": 24, \"effective_price\": 28000}], \"is_active\": 1, \"created_at\": \"2026-05-14 18:02:00\", \"image_path\": null, \"sort_order\": 4, \"updated_at\": \"2026-05-14 18:02:00\", \"category_id\": 4, \"description\": \"Mixed cookies: chocolate chip, oatmeal, peanut butter\", \"has_toppings\": false, \"has_variants\": true, \"is_available\": 1, \"max_toppings\": 0, \"min_toppings\": 0, \"category_name\": \"Cemilan\", \"category_slug\": \"cemilan\", \"effective_price\": \"20000.00\", \"effective_available\": 1}, {\"id\": 25, \"name\": \"Sandwich Club\", \"slug\": \"sandwich-club\", \"price\": \"35000.00\", \"toppings\": [], \"variants\": [], \"is_active\": 1, \"created_at\": \"2026-05-14 18:02:00\", \"image_path\": null, \"sort_order\": 5, \"updated_at\": \"2026-05-14 18:02:00\", \"category_id\": 4, \"description\": \"Sandwich ayam, keju, selada & tomat\", \"has_toppings\": false, \"has_variants\": false, \"is_available\": 1, \"max_toppings\": 0, \"min_toppings\": 0, \"category_name\": \"Cemilan\", \"category_slug\": \"cemilan\", \"effective_price\": \"35000.00\", \"effective_available\": 1}, {\"id\": 26, \"name\": \"French Fries\", \"slug\": \"french-fries\", \"price\": \"25000.00\", \"toppings\": [], \"variants\": [{\"id\": 118, \"slug\": \"regular\", \"label\": \"Regular\", \"price_delta\": 0, \"menu_item_id\": 26, \"effective_price\": 25000}, {\"id\": 119, \"slug\": \"large\", \"label\": \"Large\", \"price_delta\": 8000, \"menu_item_id\": 26, \"effective_price\": 33000}], \"is_active\": 1, \"created_at\": \"2026-05-14 18:02:00\", \"image_path\": null, \"sort_order\": 6, \"updated_at\": \"2026-05-14 18:02:00\", \"category_id\": 4, \"description\": \"Kentang goreng crispy dengan saus\", \"has_toppings\": false, \"has_variants\": true, \"is_available\": 1, \"max_toppings\": 0, \"min_toppings\": 0, \"category_name\": \"Cemilan\", \"category_slug\": \"cemilan\", \"effective_price\": \"25000.00\", \"effective_available\": 1}, {\"id\": 90, \"name\": \"Roti Bakar Cokelat Keju\", \"slug\": \"roti-bakar-cokelat-keju\", \"price\": \"25000.00\", \"toppings\": [], \"variants\": [], \"is_active\": 1, \"created_at\": \"2026-05-16 03:05:46\", \"image_path\": null, \"sort_order\": 7, \"updated_at\": \"2026-05-16 03:05:46\", \"category_id\": 4, \"description\": \"Roti bakar tebal dengan lelehan cokelat & keju mozzarella, comfort food sejati\", \"has_toppings\": false, \"has_variants\": false, \"is_available\": 1, \"max_toppings\": 0, \"min_toppings\": 0, \"category_name\": \"Cemilan\", \"category_slug\": \"cemilan\", \"effective_price\": \"25000.00\", \"effective_available\": 1}, {\"id\": 91, \"name\": \"Roti Bakar Pandan Keju\", \"slug\": \"roti-bakar-pandan-keju\", \"price\": \"23000.00\", \"toppings\": [], \"variants\": [], \"is_active\": 1, \"created_at\": \"2026-05-16 03:05:46\", \"image_path\": null, \"sort_order\": 8, \"updated_at\": \"2026-05-16 03:05:46\", \"category_id\": 4, \"description\": \"Roti bakar dengan selai pandan wangi & parutan keju di atasnya\", \"has_toppings\": false, \"has_variants\": false, \"is_available\": 1, \"max_toppings\": 0, \"min_toppings\": 0, \"category_name\": \"Cemilan\", \"category_slug\": \"cemilan\", \"effective_price\": \"23000.00\", \"effective_available\": 1}, {\"id\": 92, \"name\": \"Waffle Original\", \"slug\": \"waffle-original\", \"price\": \"32000.00\", \"toppings\": [], \"variants\": [], \"is_active\": 1, \"created_at\": \"2026-05-16 03:05:46\", \"image_path\": null, \"sort_order\": 9, \"updated_at\": \"2026-05-16 03:05:46\", \"category_id\": 4, \"description\": \"Waffle crispy di luar, lembut di dalam dengan butter & maple syrup\", \"has_toppings\": false, \"has_variants\": false, \"is_available\": 1, \"max_toppings\": 0, \"min_toppings\": 0, \"category_name\": \"Cemilan\", \"category_slug\": \"cemilan\", \"effective_price\": \"32000.00\", \"effective_available\": 1}, {\"id\": 93, \"name\": \"Waffle Cokelat Keju\", \"slug\": \"waffle-cokelat-keju\", \"price\": \"35000.00\", \"toppings\": [], \"variants\": [], \"is_active\": 1, \"created_at\": \"2026-05-16 03:05:46\", \"image_path\": null, \"sort_order\": 10, \"updated_at\": \"2026-05-16 03:05:46\", \"category_id\": 4, \"description\": \"Waffle dengan topping cokelat premium & keju parut yang melimpah\", \"has_toppings\": false, \"has_variants\": false, \"is_available\": 1, \"max_toppings\": 0, \"min_toppings\": 0, \"category_name\": \"Cemilan\", \"category_slug\": \"cemilan\", \"effective_price\": \"35000.00\", \"effective_available\": 1}, {\"id\": 94, \"name\": \"Pancake Stack\", \"slug\": \"pancake-stack\", \"price\": \"35000.00\", \"toppings\": [], \"variants\": [], \"is_active\": 1, \"created_at\": \"2026-05-16 03:05:46\", \"image_path\": null, \"sort_order\": 11, \"updated_at\": \"2026-05-16 03:05:46\", \"category_id\": 4, \"description\": \"Stack 3 pancake fluffy & thick dengan maple syrup & whipped cream\", \"has_toppings\": false, \"has_variants\": false, \"is_available\": 1, \"max_toppings\": 0, \"min_toppings\": 0, \"category_name\": \"Cemilan\", \"category_slug\": \"cemilan\", \"effective_price\": \"35000.00\", \"effective_available\": 1}, {\"id\": 95, \"name\": \"Muffin Blueberry\", \"slug\": \"muffin-blueberry\", \"price\": \"22000.00\", \"toppings\": [], \"variants\": [], \"is_active\": 1, \"created_at\": \"2026-05-16 03:05:46\", \"image_path\": null, \"sort_order\": 12, \"updated_at\": \"2026-05-16 03:05:46\", \"category_id\": 4, \"description\": \"Muffin moist dengan blueberry segar yang burst di setiap gigitan\", \"has_toppings\": false, \"has_variants\": false, \"is_available\": 1, \"max_toppings\": 0, \"min_toppings\": 0, \"category_name\": \"Cemilan\", \"category_slug\": \"cemilan\", \"effective_price\": \"22000.00\", \"effective_available\": 1}, {\"id\": 96, \"name\": \"Muffin Choco Chip\", \"slug\": \"muffin-choco-chip\", \"price\": \"22000.00\", \"toppings\": [], \"variants\": [], \"is_active\": 1, \"created_at\": \"2026-05-16 03:05:46\", \"image_path\": null, \"sort_order\": 13, \"updated_at\": \"2026-05-16 03:05:46\", \"category_id\": 4, \"description\": \"Muffin cokelat dengan chocolate chips premium yang melimpah\", \"has_toppings\": false, \"has_variants\": false, \"is_available\": 1, \"max_toppings\": 0, \"min_toppings\": 0, \"category_name\": \"Cemilan\", \"category_slug\": \"cemilan\", \"effective_price\": \"22000.00\", \"effective_available\": 1}, {\"id\": 97, \"name\": \"Donat Glazur\", \"slug\": \"donat-glazur\", \"price\": \"18000.00\", \"toppings\": [], \"variants\": [], \"is_active\": 1, \"created_at\": \"2026-05-16 03:05:46\", \"image_path\": null, \"sort_order\": 14, \"updated_at\": \"2026-05-16 03:05:46\", \"category_id\": 4, \"description\": \"Donat lembut dengan glazur gula putih klasik, soft & pillowy\", \"has_toppings\": false, \"has_variants\": false, \"is_available\": 1, \"max_toppings\": 0, \"min_toppings\": 0, \"category_name\": \"Cemilan\", \"category_slug\": \"cemilan\", \"effective_price\": \"18000.00\", \"effective_available\": 1}, {\"id\": 98, \"name\": \"Donat Cokelat Keju\", \"slug\": \"donat-cokelat-keju\", \"price\": \"22000.00\", \"toppings\": [], \"variants\": [], \"is_active\": 1, \"created_at\": \"2026-05-16 03:05:46\", \"image_path\": null, \"sort_order\": 15, \"updated_at\": \"2026-05-16 03:05:46\", \"category_id\": 4, \"description\": \"Donat dengan topping cokelat & taburan keju parut, sweet & savory\", \"has_toppings\": false, \"has_variants\": false, \"is_available\": 1, \"max_toppings\": 0, \"min_toppings\": 0, \"category_name\": \"Cemilan\", \"category_slug\": \"cemilan\", \"effective_price\": \"22000.00\", \"effective_available\": 1}, {\"id\": 99, \"name\": \"Brownies Fudgy\", \"slug\": \"brownies-fudgy\", \"price\": \"25000.00\", \"toppings\": [], \"variants\": [], \"is_active\": 1, \"created_at\": \"2026-05-16 03:05:46\", \"image_path\": null, \"sort_order\": 16, \"updated_at\": \"2026-05-16 03:05:46\", \"category_id\": 4, \"description\": \"Brownies fudgy ultra-dark chocolate, dense, moist & decadent\", \"has_toppings\": false, \"has_variants\": false, \"is_available\": 1, \"max_toppings\": 0, \"min_toppings\": 0, \"category_name\": \"Cemilan\", \"category_slug\": \"cemilan\", \"effective_price\": \"25000.00\", \"effective_available\": 1}, {\"id\": 100, \"name\": \"Tiramisu Slice\", \"slug\": \"tiramisu-slice\", \"price\": \"37000.00\", \"toppings\": [], \"variants\": [], \"is_active\": 1, \"created_at\": \"2026-05-16 03:05:46\", \"image_path\": null, \"sort_order\": 17, \"updated_at\": \"2026-05-16 03:05:46\", \"category_id\": 4, \"description\": \"Slice tiramisu klasik Italia dengan lady fingers, mascarpone & espresso\", \"has_toppings\": false, \"has_variants\": false, \"is_available\": 1, \"max_toppings\": 0, \"min_toppings\": 0, \"category_name\": \"Cemilan\", \"category_slug\": \"cemilan\", \"effective_price\": \"37000.00\", \"effective_available\": 1}, {\"id\": 101, \"name\": \"Bolu Pandan\", \"slug\": \"bolu-pandan\", \"price\": \"25000.00\", \"toppings\": [], \"variants\": [], \"is_active\": 1, \"created_at\": \"2026-05-16 03:05:46\", \"image_path\": null, \"sort_order\": 18, \"updated_at\": \"2026-05-16 03:05:46\", \"category_id\": 4, \"description\": \"Bolu pandan lembut & wangi khas Nusantara, soft & fragrant\", \"has_toppings\": false, \"has_variants\": false, \"is_available\": 1, \"max_toppings\": 0, \"min_toppings\": 0, \"category_name\": \"Cemilan\", \"category_slug\": \"cemilan\", \"effective_price\": \"25000.00\", \"effective_available\": 1}, {\"id\": 102, \"name\": \"Choux Cream Vanilla\", \"slug\": \"choux-cream-vanilla\", \"price\": \"25000.00\", \"toppings\": [], \"variants\": [], \"is_active\": 1, \"created_at\": \"2026-05-16 03:05:46\", \"image_path\": null, \"sort_order\": 19, \"updated_at\": \"2026-05-16 03:05:46\", \"category_id\": 4, \"description\": \"Choux pastry ringan dengan isian vanilla custard cream yang lembut\", \"has_toppings\": false, \"has_variants\": false, \"is_available\": 1, \"max_toppings\": 0, \"min_toppings\": 0, \"category_name\": \"Cemilan\", \"category_slug\": \"cemilan\", \"effective_price\": \"25000.00\", \"effective_available\": 1}, {\"id\": 103, \"name\": \"Pie Susu Bali\", \"slug\": \"pie-susu-bali\", \"price\": \"20000.00\", \"toppings\": [], \"variants\": [], \"is_active\": 1, \"created_at\": \"2026-05-16 03:05:46\", \"image_path\": null, \"sort_order\": 20, \"updated_at\": \"2026-05-16 03:05:46\", \"category_id\": 4, \"description\": \"Pie susu khas Bali dengan filling susu legit, thin crust & creamy\", \"has_toppings\": false, \"has_variants\": false, \"is_available\": 1, \"max_toppings\": 0, \"min_toppings\": 0, \"category_name\": \"Cemilan\", \"category_slug\": \"cemilan\", \"effective_price\": \"20000.00\", \"effective_available\": 1}, {\"id\": 104, \"name\": \"Roti Sobek Cheese\", \"slug\": \"roti-sobek-cheese\", \"price\": \"30000.00\", \"toppings\": [], \"variants\": [], \"is_active\": 1, \"created_at\": \"2026-05-16 03:05:46\", \"image_path\": null, \"sort_order\": 21, \"updated_at\": \"2026-05-16 03:05:46\", \"category_id\": 4, \"description\": \"Roti sobek lembut dengan keju mozzarella yang meleleh di setiap sobekan\", \"has_toppings\": false, \"has_variants\": false, \"is_available\": 1, \"max_toppings\": 0, \"min_toppings\": 0, \"category_name\": \"Cemilan\", \"category_slug\": \"cemilan\", \"effective_price\": \"30000.00\", \"effective_available\": 1}, {\"id\": 105, \"name\": \"Pretzel Klasik\", \"slug\": \"pretzel-klasik\", \"price\": \"25000.00\", \"toppings\": [], \"variants\": [], \"is_active\": 1, \"created_at\": \"2026-05-16 03:05:46\", \"image_path\": null, \"sort_order\": 22, \"updated_at\": \"2026-05-16 03:05:46\", \"category_id\": 4, \"description\": \"Pretzel German style dengan garam kasar, crispy luar & chewy dalam\", \"has_toppings\": false, \"has_variants\": false, \"is_available\": 1, \"max_toppings\": 0, \"min_toppings\": 0, \"category_name\": \"Cemilan\", \"category_slug\": \"cemilan\", \"effective_price\": \"25000.00\", \"effective_available\": 1}, {\"id\": 106, \"name\": \"Nachos Salsa\", \"slug\": \"nachos-salsa\", \"price\": \"30000.00\", \"toppings\": [], \"variants\": [], \"is_active\": 1, \"created_at\": \"2026-05-16 03:05:46\", \"image_path\": null, \"sort_order\": 23, \"updated_at\": \"2026-05-16 03:05:46\", \"category_id\": 4, \"description\": \"Nachos crispy dengan salsa tomat segar, sour cream & jalapeño\", \"has_toppings\": false, \"has_variants\": false, \"is_available\": 1, \"max_toppings\": 0, \"min_toppings\": 0, \"category_name\": \"Cemilan\", \"category_slug\": \"cemilan\", \"effective_price\": \"30000.00\", \"effective_available\": 1}, {\"id\": 107, \"name\": \"Chicken Wrap\", \"slug\": \"chicken-wrap\", \"price\": \"38000.00\", \"toppings\": [], \"variants\": [], \"is_active\": 1, \"created_at\": \"2026-05-16 03:05:46\", \"image_path\": null, \"sort_order\": 24, \"updated_at\": \"2026-05-16 03:05:46\", \"category_id\": 4, \"description\": \"Wrap tortilla dengan ayam panggang, selada segar, tomat & mayo\", \"has_toppings\": false, \"has_variants\": false, \"is_available\": 1, \"max_toppings\": 0, \"min_toppings\": 0, \"category_name\": \"Cemilan\", \"category_slug\": \"cemilan\", \"effective_price\": \"38000.00\", \"effective_available\": 1}, {\"id\": 108, \"name\": \"Scone Clotted Cream\", \"slug\": \"scone-clotted-cream\", \"price\": \"28000.00\", \"toppings\": [], \"variants\": [], \"is_active\": 1, \"created_at\": \"2026-05-16 03:05:46\", \"image_path\": null, \"sort_order\": 25, \"updated_at\": \"2026-05-16 03:05:46\", \"category_id\": 4, \"description\": \"Scone English style dengan clotted cream & strawberry jam, proper British tea\", \"has_toppings\": false, \"has_variants\": false, \"is_available\": 1, \"max_toppings\": 0, \"min_toppings\": 0, \"category_name\": \"Cemilan\", \"category_slug\": \"cemilan\", \"effective_price\": \"28000.00\", \"effective_available\": 1}, {\"id\": 109, \"name\": \"Bruschetta Tomat\", \"slug\": \"bruschetta-tomat\", \"price\": \"32000.00\", \"toppings\": [], \"variants\": [], \"is_active\": 1, \"created_at\": \"2026-05-16 03:05:46\", \"image_path\": null, \"sort_order\": 26, \"updated_at\": \"2026-05-16 03:05:46\", \"category_id\": 4, \"description\": \"Roti ciabatta panggang dengan tomat segar, basil & extra virgin olive oil\", \"has_toppings\": false, \"has_variants\": false, \"is_available\": 1, \"max_toppings\": 0, \"min_toppings\": 0, \"category_name\": \"Cemilan\", \"category_slug\": \"cemilan\", \"effective_price\": \"32000.00\", \"effective_available\": 1}, {\"id\": 27, \"name\": \"Paket Ngopi Santai\", \"slug\": \"paket-ngopi-santai\", \"price\": \"40000.00\", \"toppings\": [], \"variants\": [], \"is_active\": 1, \"created_at\": \"2026-05-14 18:02:00\", \"image_path\": null, \"sort_order\": 1, \"updated_at\": \"2026-05-14 18:02:00\", \"category_id\": 5, \"description\": \"1 Americano + 1 Banana Bread (hemat Rp 5.000)\", \"has_toppings\": false, \"has_variants\": false, \"is_available\": 1, \"max_toppings\": 0, \"min_toppings\": 0, \"category_name\": \"Paket Hemat\", \"category_slug\": \"paket-hemat\", \"effective_price\": \"40000.00\", \"effective_available\": 1}, {\"id\": 28, \"name\": \"Paket Kerja\", \"slug\": \"paket-kerja\", \"price\": \"47000.00\", \"toppings\": [], \"variants\": [], \"is_active\": 1, \"created_at\": \"2026-05-14 18:02:00\", \"image_path\": null, \"sort_order\": 2, \"updated_at\": \"2026-05-14 18:02:00\", \"category_id\": 5, \"description\": \"1 Latte + 1 Croissant + free refill air (hemat Rp 7.000)\", \"has_toppings\": false, \"has_variants\": false, \"is_available\": 1, \"max_toppings\": 0, \"min_toppings\": 0, \"category_name\": \"Paket Hemat\", \"category_slug\": \"paket-hemat\", \"effective_price\": \"47000.00\", \"effective_available\": 1}, {\"id\": 29, \"name\": \"Paket Berdua\", \"slug\": \"paket-berdua\", \"price\": \"70000.00\", \"toppings\": [], \"variants\": [], \"is_active\": 1, \"created_at\": \"2026-05-14 18:02:00\", \"image_path\": null, \"sort_order\": 3, \"updated_at\": \"2026-05-14 18:02:00\", \"category_id\": 5, \"description\": \"2 Es Kopi Susu + 2 Cookies (hemat Rp 10.000)\", \"has_toppings\": false, \"has_variants\": false, \"is_available\": 1, \"max_toppings\": 0, \"min_toppings\": 0, \"category_name\": \"Paket Hemat\", \"category_slug\": \"paket-hemat\", \"effective_price\": \"70000.00\", \"effective_available\": 1}, {\"id\": 110, \"name\": \"Paket Pagi Spesial\", \"slug\": \"paket-pagi-spesial\", \"price\": \"40000.00\", \"toppings\": [], \"variants\": [], \"is_active\": 1, \"created_at\": \"2026-05-16 03:05:46\", \"image_path\": null, \"sort_order\": 4, \"updated_at\": \"2026-05-16 03:05:46\", \"category_id\": 5, \"description\": \"1 Kopi Susu Aren + 1 Roti Bakar Cokelat Keju (hemat Rp 7.000)\", \"has_toppings\": false, \"has_variants\": false, \"is_available\": 1, \"max_toppings\": 0, \"min_toppings\": 0, \"category_name\": \"Paket Hemat\", \"category_slug\": \"paket-hemat\", \"effective_price\": \"40000.00\", \"effective_available\": 1}, {\"id\": 111, \"name\": \"Paket Siang Produktif\", \"slug\": \"paket-siang-produktif\", \"price\": \"56000.00\", \"toppings\": [], \"variants\": [], \"is_active\": 1, \"created_at\": \"2026-05-16 03:05:46\", \"image_path\": null, \"sort_order\": 5, \"updated_at\": \"2026-05-16 03:05:46\", \"category_id\": 5, \"description\": \"1 Iced Vanilla Latte + 1 Sandwich Club (hemat Rp 9.000)\", \"has_toppings\": false, \"has_variants\": false, \"is_available\": 1, \"max_toppings\": 0, \"min_toppings\": 0, \"category_name\": \"Paket Hemat\", \"category_slug\": \"paket-hemat\", \"effective_price\": \"56000.00\", \"effective_available\": 1}, {\"id\": 112, \"name\": \"Paket Sore Santai\", \"slug\": \"paket-sore-santai\", \"price\": \"62000.00\", \"toppings\": [], \"variants\": [], \"is_active\": 1, \"created_at\": \"2026-05-16 03:05:46\", \"image_path\": null, \"sort_order\": 6, \"updated_at\": \"2026-05-16 03:05:46\", \"category_id\": 5, \"description\": \"1 Cold Brew Tonic + 1 Tiramisu Slice (hemat Rp 10.000)\", \"has_toppings\": false, \"has_variants\": false, \"is_available\": 1, \"max_toppings\": 0, \"min_toppings\": 0, \"category_name\": \"Paket Hemat\", \"category_slug\": \"paket-hemat\", \"effective_price\": \"62000.00\", \"effective_available\": 1}, {\"id\": 113, \"name\": \"Paket Malam Relax\", \"slug\": \"paket-malam-relax\", \"price\": \"48000.00\", \"toppings\": [], \"variants\": [], \"is_active\": 1, \"created_at\": \"2026-05-16 03:05:46\", \"image_path\": null, \"sort_order\": 7, \"updated_at\": \"2026-05-16 03:05:46\", \"category_id\": 5, \"description\": \"1 Hojicha Latte + 1 Bolu Pandan (hemat Rp 5.000)\", \"has_toppings\": false, \"has_variants\": false, \"is_available\": 1, \"max_toppings\": 0, \"min_toppings\": 0, \"category_name\": \"Paket Hemat\", \"category_slug\": \"paket-hemat\", \"effective_price\": \"48000.00\", \"effective_available\": 1}, {\"id\": 114, \"name\": \"Paket Berdua Spesial\", \"slug\": \"paket-berdua-spesial\", \"price\": \"112000.00\", \"toppings\": [], \"variants\": [], \"is_active\": 1, \"created_at\": \"2026-05-16 03:05:46\", \"image_path\": null, \"sort_order\": 8, \"updated_at\": \"2026-05-16 03:05:46\", \"category_id\": 5, \"description\": \"2 Es Kopi Susu Aren + 2 Waffle Original (hemat Rp 14.000)\", \"has_toppings\": false, \"has_variants\": false, \"is_available\": 1, \"max_toppings\": 0, \"min_toppings\": 0, \"category_name\": \"Paket Hemat\", \"category_slug\": \"paket-hemat\", \"effective_price\": \"112000.00\", \"effective_available\": 1}, {\"id\": 115, \"name\": \"Paket Keluarga Hemat\", \"slug\": \"paket-keluarga-hemat\", \"price\": \"192000.00\", \"toppings\": [], \"variants\": [], \"is_active\": 1, \"created_at\": \"2026-05-16 03:05:46\", \"image_path\": null, \"sort_order\": 9, \"updated_at\": \"2026-05-16 03:05:46\", \"category_id\": 5, \"description\": \"4 Iced Latte + 4 Roti Bakar Cokelat Keju (hemat Rp 24.000)\", \"has_toppings\": false, \"has_variants\": false, \"is_available\": 1, \"max_toppings\": 0, \"min_toppings\": 0, \"category_name\": \"Paket Hemat\", \"category_slug\": \"paket-hemat\", \"effective_price\": \"192000.00\", \"effective_available\": 1}, {\"id\": 116, \"name\": \"Paket Meeting Pro\", \"slug\": \"paket-meeting-pro\", \"price\": \"230000.00\", \"toppings\": [], \"variants\": [], \"is_active\": 1, \"created_at\": \"2026-05-16 03:05:46\", \"image_path\": null, \"sort_order\": 10, \"updated_at\": \"2026-05-16 03:05:46\", \"category_id\": 5, \"description\": \"5 Americano + 1 Loyang Brownies 6pcs (hemat Rp 20.000)\", \"has_toppings\": false, \"has_variants\": false, \"is_available\": 1, \"max_toppings\": 0, \"min_toppings\": 0, \"category_name\": \"Paket Hemat\", \"category_slug\": \"paket-hemat\", \"effective_price\": \"230000.00\", \"effective_available\": 1}, {\"id\": 117, \"name\": \"Paket Nongkrong Asik\", \"slug\": \"paket-nongkrong-asik\", \"price\": \"177000.00\", \"toppings\": [], \"variants\": [], \"is_active\": 1, \"created_at\": \"2026-05-16 03:05:46\", \"image_path\": null, \"sort_order\": 11, \"updated_at\": \"2026-05-16 03:05:46\", \"category_id\": 5, \"description\": \"3 Cold Brew Tonic + 3 Nachos Salsa (hemat Rp 18.000)\", \"has_toppings\": false, \"has_variants\": false, \"is_available\": 1, \"max_toppings\": 0, \"min_toppings\": 0, \"category_name\": \"Paket Hemat\", \"category_slug\": \"paket-hemat\", \"effective_price\": \"177000.00\", \"effective_available\": 1}, {\"id\": 118, \"name\": \"Paket Matcha Mania\", \"slug\": \"paket-matcha-mania\", \"price\": \"114000.00\", \"toppings\": [], \"variants\": [], \"is_active\": 1, \"created_at\": \"2026-05-16 03:05:46\", \"image_path\": null, \"sort_order\": 12, \"updated_at\": \"2026-05-16 03:05:46\", \"category_id\": 5, \"description\": \"2 Iced Matcha Latte + 2 Matcha Frappe (hemat Rp 10.000)\", \"has_toppings\": false, \"has_variants\": false, \"is_available\": 1, \"max_toppings\": 0, \"min_toppings\": 0, \"category_name\": \"Paket Hemat\", \"category_slug\": \"paket-hemat\", \"effective_price\": \"114000.00\", \"effective_available\": 1}, {\"id\": 119, \"name\": \"Paket Best Seller\", \"slug\": \"paket-best-seller\", \"price\": \"120000.00\", \"toppings\": [], \"variants\": [], \"is_active\": 1, \"created_at\": \"2026-05-16 03:05:46\", \"image_path\": null, \"sort_order\": 13, \"updated_at\": \"2026-05-16 03:05:46\", \"category_id\": 5, \"description\": \"1 Nitro Cold Brew + 1 Iced Latte + 1 Waffle Original + 1 Brownies Fudgy\", \"has_toppings\": false, \"has_variants\": false, \"is_available\": 1, \"max_toppings\": 0, \"min_toppings\": 0, \"category_name\": \"Paket Hemat\", \"category_slug\": \"paket-hemat\", \"effective_price\": \"120000.00\", \"effective_available\": 1}, {\"id\": 120, \"name\": \"Nasi Goreng Kopi\", \"slug\": \"nasi-goreng-kopi\", \"price\": \"45000.00\", \"toppings\": [], \"variants\": [], \"is_active\": 1, \"created_at\": \"2026-05-16 03:05:46\", \"image_path\": null, \"sort_order\": 1, \"updated_at\": \"2026-05-16 03:05:46\", \"category_id\": 6, \"description\": \"Nasi goreng spesial dengan infused cold brew, telur mata sapi & kerupuk udang\", \"has_toppings\": false, \"has_variants\": false, \"is_available\": 1, \"max_toppings\": 0, \"min_toppings\": 0, \"category_name\": \"Makanan Utama\", \"category_slug\": \"makanan-utama\", \"effective_price\": \"45000.00\", \"effective_available\": 1}, {\"id\": 130, \"name\": \"Frozen Yoghurt 2 Toppings\", \"slug\": \"frozen-yoghurt-2-toppings\", \"price\": \"28000.00\", \"toppings\": [{\"id\": 1, \"name\": \"Granola\", \"slug\": \"granola\", \"price_delta\": 0}, {\"id\": 2, \"name\": \"Strawberry\", \"slug\": \"strawberry\", \"price_delta\": 0}, {\"id\": 3, \"name\": \"Blueberry\", \"slug\": \"blueberry\", \"price_delta\": 0}, {\"id\": 4, \"name\": \"Mango\", \"slug\": \"mango\", \"price_delta\": 0}, {\"id\": 5, \"name\": \"Banana\", \"slug\": \"banana\", \"price_delta\": 0}, {\"id\": 6, \"name\": \"Almond\", \"slug\": \"almond\", \"price_delta\": 0}, {\"id\": 7, \"name\": \"Choco Chips\", \"slug\": \"choco-chips\", \"price_delta\": 0}, {\"id\": 8, \"name\": \"Oreo Crumbs\", \"slug\": \"oreo-crumbs\", \"price_delta\": 0}], \"variants\": [{\"id\": 143, \"slug\": \"small\", \"label\": \"Small\", \"price_delta\": 0, \"menu_item_id\": 130, \"effective_price\": 28000}, {\"id\": 144, \"slug\": \"medium\", \"label\": \"Medium\", \"price_delta\": 5000, \"menu_item_id\": 130, \"effective_price\": 33000}, {\"id\": 145, \"slug\": \"large\", \"label\": \"Large\", \"price_delta\": 10000, \"menu_item_id\": 130, \"effective_price\": 38000}], \"is_active\": 1, \"created_at\": \"2026-05-16 15:24:37\", \"image_path\": null, \"sort_order\": 1, \"updated_at\": \"2026-05-16 15:24:37\", \"category_id\": 7, \"description\": \"Frozen yoghurt dengan pilihan 2 topping. Opsi topping: Granola, Strawberry, Blueberry, Mango, Banana, Almond, Choco Chips, Oreo Crumbs.\", \"has_toppings\": true, \"has_variants\": true, \"is_available\": 1, \"max_toppings\": 2, \"min_toppings\": 2, \"category_name\": \"Yoghurt & Dessert\", \"category_slug\": \"yoghurt-dessert\", \"effective_price\": \"28000.00\", \"effective_available\": 1}, {\"id\": 121, \"name\": \"Ayam Bakar Kopi\", \"slug\": \"ayam-bakar-kopi\", \"price\": \"55000.00\", \"toppings\": [], \"variants\": [], \"is_active\": 1, \"created_at\": \"2026-05-16 03:05:46\", \"image_path\": null, \"sort_order\": 2, \"updated_at\": \"2026-05-16 03:05:46\", \"category_id\": 6, \"description\": \"Ayam bakar dengan marinade kopi & rempah pilihan, crispy luar juicy dalam\", \"has_toppings\": false, \"has_variants\": false, \"is_available\": 1, \"max_toppings\": 0, \"min_toppings\": 0, \"category_name\": \"Makanan Utama\", \"category_slug\": \"makanan-utama\", \"effective_price\": \"55000.00\", \"effective_available\": 1}, {\"id\": 131, \"name\": \"Frozen Yoghurt 3 Toppings\", \"slug\": \"frozen-yoghurt-3-toppings\", \"price\": \"34000.00\", \"toppings\": [{\"id\": 1, \"name\": \"Granola\", \"slug\": \"granola\", \"price_delta\": 0}, {\"id\": 2, \"name\": \"Strawberry\", \"slug\": \"strawberry\", \"price_delta\": 0}, {\"id\": 3, \"name\": \"Blueberry\", \"slug\": \"blueberry\", \"price_delta\": 0}, {\"id\": 4, \"name\": \"Mango\", \"slug\": \"mango\", \"price_delta\": 0}, {\"id\": 5, \"name\": \"Banana\", \"slug\": \"banana\", \"price_delta\": 0}, {\"id\": 6, \"name\": \"Almond\", \"slug\": \"almond\", \"price_delta\": 0}, {\"id\": 7, \"name\": \"Choco Chips\", \"slug\": \"choco-chips\", \"price_delta\": 0}, {\"id\": 8, \"name\": \"Oreo Crumbs\", \"slug\": \"oreo-crumbs\", \"price_delta\": 0}], \"variants\": [{\"id\": 146, \"slug\": \"small\", \"label\": \"Small\", \"price_delta\": 0, \"menu_item_id\": 131, \"effective_price\": 34000}, {\"id\": 147, \"slug\": \"medium\", \"label\": \"Medium\", \"price_delta\": 5000, \"menu_item_id\": 131, \"effective_price\": 39000}, {\"id\": 148, \"slug\": \"large\", \"label\": \"Large\", \"price_delta\": 10000, \"menu_item_id\": 131, \"effective_price\": 44000}], \"is_active\": 1, \"created_at\": \"2026-05-16 15:24:37\", \"image_path\": null, \"sort_order\": 2, \"updated_at\": \"2026-05-16 15:24:37\", \"category_id\": 7, \"description\": \"Frozen yoghurt dengan pilihan 3 topping. Opsi topping: Granola, Strawberry, Blueberry, Mango, Banana, Almond, Choco Chips, Oreo Crumbs.\", \"has_toppings\": true, \"has_variants\": true, \"is_available\": 1, \"max_toppings\": 3, \"min_toppings\": 3, \"category_name\": \"Yoghurt & Dessert\", \"category_slug\": \"yoghurt-dessert\", \"effective_price\": \"34000.00\", \"effective_available\": 1}, {\"id\": 122, \"name\": \"Pasta Carbonara\", \"slug\": \"pasta-carbonara\", \"price\": \"52000.00\", \"toppings\": [], \"variants\": [], \"is_active\": 1, \"created_at\": \"2026-05-16 03:05:46\", \"image_path\": null, \"sort_order\": 3, \"updated_at\": \"2026-05-16 03:05:46\", \"category_id\": 6, \"description\": \"Pasta creamy dengan telur segar, pancetta & parmesan, Italian classic recipe\", \"has_toppings\": false, \"has_variants\": false, \"is_available\": 1, \"max_toppings\": 0, \"min_toppings\": 0, \"category_name\": \"Makanan Utama\", \"category_slug\": \"makanan-utama\", \"effective_price\": \"52000.00\", \"effective_available\": 1}, {\"id\": 132, \"name\": \"Frozen Yoghurt 4 Toppings\", \"slug\": \"frozen-yoghurt-4-toppings\", \"price\": \"40000.00\", \"toppings\": [{\"id\": 1, \"name\": \"Granola\", \"slug\": \"granola\", \"price_delta\": 0}, {\"id\": 2, \"name\": \"Strawberry\", \"slug\": \"strawberry\", \"price_delta\": 0}, {\"id\": 3, \"name\": \"Blueberry\", \"slug\": \"blueberry\", \"price_delta\": 0}, {\"id\": 4, \"name\": \"Mango\", \"slug\": \"mango\", \"price_delta\": 0}, {\"id\": 5, \"name\": \"Banana\", \"slug\": \"banana\", \"price_delta\": 0}, {\"id\": 6, \"name\": \"Almond\", \"slug\": \"almond\", \"price_delta\": 0}, {\"id\": 7, \"name\": \"Choco Chips\", \"slug\": \"choco-chips\", \"price_delta\": 0}, {\"id\": 8, \"name\": \"Oreo Crumbs\", \"slug\": \"oreo-crumbs\", \"price_delta\": 0}], \"variants\": [{\"id\": 149, \"slug\": \"small\", \"label\": \"Small\", \"price_delta\": 0, \"menu_item_id\": 132, \"effective_price\": 40000}, {\"id\": 150, \"slug\": \"medium\", \"label\": \"Medium\", \"price_delta\": 5000, \"menu_item_id\": 132, \"effective_price\": 45000}, {\"id\": 151, \"slug\": \"large\", \"label\": \"Large\", \"price_delta\": 10000, \"menu_item_id\": 132, \"effective_price\": 50000}], \"is_active\": 1, \"created_at\": \"2026-05-16 15:24:37\", \"image_path\": null, \"sort_order\": 3, \"updated_at\": \"2026-05-16 15:24:37\", \"category_id\": 7, \"description\": \"Frozen yoghurt dengan pilihan 4 topping. Opsi topping: Granola, Strawberry, Blueberry, Mango, Banana, Almond, Choco Chips, Oreo Crumbs.\", \"has_toppings\": true, \"has_variants\": true, \"is_available\": 1, \"max_toppings\": 4, \"min_toppings\": 4, \"category_name\": \"Yoghurt & Dessert\", \"category_slug\": \"yoghurt-dessert\", \"effective_price\": \"40000.00\", \"effective_available\": 1}, {\"id\": 123, \"name\": \"Caesar Salad\", \"slug\": \"caesar-salad\", \"price\": \"40000.00\", \"toppings\": [], \"variants\": [], \"is_active\": 1, \"created_at\": \"2026-05-16 03:05:46\", \"image_path\": null, \"sort_order\": 4, \"updated_at\": \"2026-05-16 03:05:46\", \"category_id\": 6, \"description\": \"Romaine lettuce segar dengan dressing Caesar, crouton & parmesan shaved\", \"has_toppings\": false, \"has_variants\": false, \"is_available\": 1, \"max_toppings\": 0, \"min_toppings\": 0, \"category_name\": \"Makanan Utama\", \"category_slug\": \"makanan-utama\", \"effective_price\": \"40000.00\", \"effective_available\": 1}, {\"id\": 124, \"name\": \"Omurice\", \"slug\": \"omurice\", \"price\": \"45000.00\", \"toppings\": [], \"variants\": [], \"is_active\": 1, \"created_at\": \"2026-05-16 03:05:46\", \"image_path\": null, \"sort_order\": 5, \"updated_at\": \"2026-05-16 03:05:46\", \"category_id\": 6, \"description\": \"Nasi goreng dibungkus telur dadar mulus, saus tomat & keju di atasnya\", \"has_toppings\": false, \"has_variants\": false, \"is_available\": 1, \"max_toppings\": 0, \"min_toppings\": 0, \"category_name\": \"Makanan Utama\", \"category_slug\": \"makanan-utama\", \"effective_price\": \"45000.00\", \"effective_available\": 1}, {\"id\": 125, \"name\": \"Eggs Benedict\", \"slug\": \"eggs-benedict\", \"price\": \"55000.00\", \"toppings\": [], \"variants\": [], \"is_active\": 1, \"created_at\": \"2026-05-16 03:05:46\", \"image_path\": null, \"sort_order\": 6, \"updated_at\": \"2026-05-16 03:05:46\", \"category_id\": 6, \"description\": \"Poached eggs sempurna di atas English muffin & smoked beef dengan hollandaise\", \"has_toppings\": false, \"has_variants\": false, \"is_available\": 1, \"max_toppings\": 0, \"min_toppings\": 0, \"category_name\": \"Makanan Utama\", \"category_slug\": \"makanan-utama\", \"effective_price\": \"55000.00\", \"effective_available\": 1}, {\"id\": 126, \"name\": \"Granola Bowl\", \"slug\": \"granola-bowl\", \"price\": \"38000.00\", \"toppings\": [], \"variants\": [], \"is_active\": 1, \"created_at\": \"2026-05-16 03:05:46\", \"image_path\": null, \"sort_order\": 7, \"updated_at\": \"2026-05-16 03:05:46\", \"category_id\": 6, \"description\": \"Granola homemade dengan Greek yogurt, madu bunga & buah segar seasonal\", \"has_toppings\": false, \"has_variants\": false, \"is_available\": 1, \"max_toppings\": 0, \"min_toppings\": 0, \"category_name\": \"Makanan Utama\", \"category_slug\": \"makanan-utama\", \"effective_price\": \"38000.00\", \"effective_available\": 1}, {\"id\": 127, \"name\": \"Acai Bowl\", \"slug\": \"acai-bowl\", \"price\": \"48000.00\", \"toppings\": [], \"variants\": [], \"is_active\": 1, \"created_at\": \"2026-05-16 03:05:46\", \"image_path\": null, \"sort_order\": 8, \"updated_at\": \"2026-05-16 03:05:46\", \"category_id\": 6, \"description\": \"Acai blend dengan granola renyah, pisang, kelapa parut & mixed berries\", \"has_toppings\": false, \"has_variants\": false, \"is_available\": 1, \"max_toppings\": 0, \"min_toppings\": 0, \"category_name\": \"Makanan Utama\", \"category_slug\": \"makanan-utama\", \"effective_price\": \"48000.00\", \"effective_available\": 1}, {\"id\": 128, \"name\": \"Focaccia Sandwich\", \"slug\": \"focaccia-sandwich\", \"price\": \"52000.00\", \"toppings\": [], \"variants\": [], \"is_active\": 1, \"created_at\": \"2026-05-16 03:05:46\", \"image_path\": null, \"sort_order\": 9, \"updated_at\": \"2026-05-16 03:05:46\", \"category_id\": 6, \"description\": \"Focaccia panggang dengan prosciutto, mozzarella segar, pesto & sun-dried tomato\", \"has_toppings\": false, \"has_variants\": false, \"is_available\": 1, \"max_toppings\": 0, \"min_toppings\": 0, \"category_name\": \"Makanan Utama\", \"category_slug\": \"makanan-utama\", \"effective_price\": \"52000.00\", \"effective_available\": 1}, {\"id\": 129, \"name\": \"Quiche Lorraine\", \"slug\": \"quiche-lorraine\", \"price\": \"45000.00\", \"toppings\": [], \"variants\": [], \"is_active\": 1, \"created_at\": \"2026-05-16 03:05:46\", \"image_path\": null, \"sort_order\": 10, \"updated_at\": \"2026-05-16 03:05:46\", \"category_id\": 6, \"description\": \"Quiche klasik Prancis dengan bacon asap, gruyère & krim, dipanggang fresh daily\", \"has_toppings\": false, \"has_variants\": false, \"is_available\": 1, \"max_toppings\": 0, \"min_toppings\": 0, \"category_name\": \"Makanan Utama\", \"category_slug\": \"makanan-utama\", \"effective_price\": \"45000.00\", \"effective_available\": 1}]}', 'completed', NULL, '2026-05-19 01:54:59', '2026-05-19 01:54:59');
INSERT INTO `agent_task_steps` (`id`, `task_id`, `step_index`, `step_type`, `tool_name`, `input_json`, `output_json`, `status`, `error_message`, `created_at`, `updated_at`) VALUES
(18, 18, 1, 'tool_call', 'recommend_menu', NULL, '{\"budget\": null, \"preferences\": {\"flavor\": \"\", \"temperature\": \"\"}, \"recommendations\": [{\"id\": 7, \"name\": \"Kopi Tubruk\", \"slug\": \"kopi-tubruk\", \"price\": \"15000.00\", \"toppings\": [], \"variants\": [], \"is_active\": 1, \"created_at\": \"2026-05-14 18:02:00\", \"image_path\": null, \"sort_order\": 7, \"updated_at\": \"2026-05-14 18:02:00\", \"category_id\": 1, \"description\": \"Kopi tradisional Indonesia yang kental\", \"has_toppings\": false, \"has_variants\": false, \"is_available\": 1, \"max_toppings\": 0, \"min_toppings\": 0, \"category_name\": \"Kopi Panas\", \"category_slug\": \"kopi-panas\", \"effective_price\": \"15000.00\", \"effective_available\": 1}, {\"id\": 1, \"name\": \"Espresso\", \"slug\": \"espresso\", \"price\": \"18000.00\", \"toppings\": [], \"variants\": [], \"is_active\": 1, \"created_at\": \"2026-05-14 18:02:00\", \"image_path\": null, \"sort_order\": 1, \"updated_at\": \"2026-05-14 18:02:00\", \"category_id\": 1, \"description\": \"Single shot espresso murni, bold & concentrated\", \"has_toppings\": false, \"has_variants\": false, \"is_available\": 1, \"max_toppings\": 0, \"min_toppings\": 0, \"category_name\": \"Kopi Panas\", \"category_slug\": \"kopi-panas\", \"effective_price\": \"18000.00\", \"effective_available\": 1}, {\"id\": 20, \"name\": \"Lemon Tea\", \"slug\": \"lemon-tea\", \"price\": \"18000.00\", \"toppings\": [], \"variants\": [{\"id\": 109, \"slug\": \"small\", \"label\": \"Small\", \"price_delta\": 0, \"menu_item_id\": 20, \"effective_price\": 18000}, {\"id\": 110, \"slug\": \"medium\", \"label\": \"Medium\", \"price_delta\": 3000, \"menu_item_id\": 20, \"effective_price\": 21000}, {\"id\": 111, \"slug\": \"large\", \"label\": \"Large\", \"price_delta\": 5000, \"menu_item_id\": 20, \"effective_price\": 23000}], \"is_active\": 1, \"created_at\": \"2026-05-14 18:02:00\", \"image_path\": null, \"sort_order\": 5, \"updated_at\": \"2026-05-14 18:02:00\", \"category_id\": 3, \"description\": \"Teh lemon segar, cocok untuk cuaca panas\", \"has_toppings\": false, \"has_variants\": true, \"is_available\": 1, \"max_toppings\": 0, \"min_toppings\": 0, \"category_name\": \"Non Kopi\", \"category_slug\": \"non-kopi\", \"effective_price\": \"18000.00\", \"effective_available\": 1}], \"customer_signals\": {\"history_request\": true, \"recent_item_ids\": [], \"favorite_item_ids\": [], \"has_customer_history\": false, \"preferred_category_ids\": []}}', 'completed', NULL, '2026-05-19 01:55:16', '2026-05-19 01:55:16'),
(19, 19, 0, 'routing', 'chatbot_engine', '{\"intent\": \"tanya_status_order\"}', '{\"mode\": \"transactional\", \"reply_preview\": \"Maaf, saya hanya bisa membantu dengan pesanan kopi dan menu kami. 😊\\n\\nKetik *menu* untuk lihat menu, atau *promo* untuk info diskon.\"}', 'completed', NULL, '2026-05-19 01:55:34', '2026-05-19 01:55:34'),
(20, 20, 0, 'routing', 'chatbot_engine', '{\"intent\": \"tambah_item\"}', '{\"mode\": \"transactional\", \"reply_preview\": \"✅ *1x Kopi Tubruk* (S$1.50)\\n\\n🛒 *Your cart:*\\n\\n• Kopi Tubruk x1 — S$1.50\\n────────────────────────────\\nSubtotal: S$1.50\\nVAT (9%): S$0.14\\n*Total: S$1.64*\\n\\nType *checkout* to proceed to payment.\\n\\n📝 Any special notes for *Kopi Tubruk*?\\n_(e.g. less sugar, no ice, extra shot)_\\nType *-* to skip.\\n\\n💡 *Promo In\"}', 'completed', NULL, '2026-05-19 02:37:07', '2026-05-19 02:37:07'),
(21, 21, 0, 'routing', 'chatbot_engine', '{\"intent\": \"tanya_menu\"}', '{\"mode\": \"transactional\", \"reply_preview\": \"We have *132 menu items* across 7 categories:\\n\\n• *Kopi Panas* (28 items)\\n• *Kopi Dingin* (27 items)\\n• *Non Kopi* (25 items)\\n• *Cemilan* (26 items)\\n• *Paket Hemat* (13 items)\\n• *Makanan Utama* (10 items)\\n• *Yoghurt & Dessert* (3 items)\\n\\nType a category name to browse, or just order directly — e.g. _o\"}', 'completed', NULL, '2026-05-19 02:37:12', '2026-05-19 02:37:12'),
(22, 22, 0, 'routing', 'chatbot_engine', '{\"intent\": \"tanya_menu\"}', '{\"mode\": \"transactional\", \"reply_preview\": \"Kami punya *132 menu* dalam 7 kategori:\\n\\n• *Kopi Panas* (28 item)\\n• *Kopi Dingin* (27 item)\\n• *Non Kopi* (25 item)\\n• *Cemilan* (26 item)\\n• *Paket Hemat* (13 item)\\n• *Makanan Utama* (10 item)\\n• *Yoghurt & Dessert* (3 item)\\n\\nKetik nama kategori untuk lihat pilihan, atau langsung pesan — contoh: _pesan\"}', 'completed', NULL, '2026-05-19 02:54:39', '2026-05-19 02:54:39'),
(23, 23, 0, 'routing', 'chatbot_engine', '{\"intent\": \"tambah_item\"}', '{\"mode\": \"transactional\", \"reply_preview\": \"Ukuran untuk *Kopi Susu Jahe* yang kamu mau apa?\\n• Small (Rp22.000)\\n• Medium (Rp25.000)\\n• Large (Rp28.000)\"}', 'completed', NULL, '2026-05-19 02:54:53', '2026-05-19 02:54:53'),
(24, 24, 0, 'routing', 'chatbot_engine', '{\"intent\": \"out_of_scope\"}', '{\"mode\": \"transactional\", \"reply_preview\": \"✅ *1x Kopi Susu Jahe - Large* ditambahkan.\\n\\n🛒 *Keranjang kamu:*\\n\\n• Kopi Susu Jahe - Large x1 — Rp28.000\\n────────────────────────────\\nSubtotal: Rp28.000\\nPPN (11%): Rp3.080\\n*Total: Rp31.080*\\n\\nKetik *checkout* untuk melanjutkan pembayaran.\\n\\n📝 Ada catatan khusus untuk *Kopi Susu Jahe - Large*?\\n_(contoh:\"}', 'completed', NULL, '2026-05-19 02:55:02', '2026-05-19 02:55:02'),
(25, 25, 0, 'routing', 'chatbot_engine', '{\"intent\": \"konfirmasi_order\"}', '{\"mode\": \"transactional\", \"reply_preview\": \"OK, tidak ada catatan. 👍\\n\\n🛒 *Keranjang kamu:*\\n\\n• Kopi Susu Jahe - Large x1 — Rp28.000\\n────────────────────────────\\nSubtotal: Rp28.000\\nPPN (11%): Rp3.080\\n*Total: Rp31.080*\\n\\nKetik *checkout* untuk melanjutkan pembayaran.\"}', 'completed', NULL, '2026-05-19 02:55:09', '2026-05-19 02:55:09'),
(26, 26, 0, 'routing', 'chatbot_engine', '{\"intent\": \"small_talk\"}', '{\"mode\": \"transactional\", \"reply_preview\": \"Halo, M. Fahrul Alam! 👋 Selamat datang di Toko Kopi! Mau minum apa hari ini?\"}', 'completed', NULL, '2026-05-19 02:55:25', '2026-05-19 02:55:25'),
(27, 27, 0, 'routing', 'chatbot_engine', '{\"intent\": \"tambah_item\"}', '{\"mode\": \"transactional\", \"reply_preview\": \"✅ *1x Kopi Tubruk* (Rp15.000)\\n\\n🛒 *Keranjang kamu:*\\n\\n• Kopi Tubruk x1 — Rp15.000\\n────────────────────────────\\nSubtotal: Rp15.000\\nPPN (11%): Rp1.650\\n*Total: Rp16.650*\\n\\nKetik *checkout* untuk melanjutkan pembayaran.\\n\\n📝 Ada catatan khusus untuk *Kopi Tubruk*?\\n_(contoh: sedikit gula, tanpa es, extra shot\"}', 'completed', NULL, '2026-05-19 03:06:12', '2026-05-19 03:06:12'),
(28, 28, 0, 'routing', 'chatbot_engine', '{\"intent\": \"ubah_item\"}', '{\"mode\": \"transactional\", \"reply_preview\": \"✅ Catatan disimpan: _Banyakin gula_\\n\\n🛒 *Keranjang kamu:*\\n\\n• Kopi Tubruk x1 — Rp15.000\\n  Banyakin gula\\n────────────────────────────\\nSubtotal: Rp15.000\\nPPN (11%): Rp1.650\\n*Total: Rp16.650*\\n\\nKetik *checkout* untuk melanjutkan pembayaran.\"}', 'completed', NULL, '2026-05-19 03:07:01', '2026-05-19 03:07:01'),
(29, 29, 0, 'routing', 'chatbot_engine', '{\"intent\": \"tanya_menu\"}', '{\"mode\": \"transactional\", \"reply_preview\": \"Ini menu yang saya temukan:\\n\\n• Choux Cream Vanilla — Rp25.000\\n\\nMau pesan? Ketik nama menu yang kamu mau, contoh: _pesan 1 latte_\"}', 'completed', NULL, '2026-05-19 03:07:28', '2026-05-19 03:07:28'),
(30, 30, 0, 'routing', 'chatbot_engine', '{\"intent\": \"tanya_menu\"}', '{\"mode\": \"transactional\", \"reply_preview\": \"Kami punya *132 menu* dalam 7 kategori:\\n\\n• *Kopi Panas* (28 item)\\n• *Kopi Dingin* (27 item)\\n• *Non Kopi* (25 item)\\n• *Cemilan* (26 item)\\n• *Paket Hemat* (13 item)\\n• *Makanan Utama* (10 item)\\n• *Yoghurt & Dessert* (3 item)\\n\\nKetik nama kategori untuk lihat pilihan, atau langsung pesan — contoh: _pesan\"}', 'completed', NULL, '2026-05-19 03:07:44', '2026-05-19 03:07:44'),
(31, 31, 0, 'routing', 'chatbot_engine', '{\"intent\": \"tanya_menu\"}', '{\"mode\": \"transactional\", \"reply_preview\": \"Kami punya *132 menu* dalam 7 kategori:\\n\\n• *Kopi Panas* (28 item)\\n• *Kopi Dingin* (27 item)\\n• *Non Kopi* (25 item)\\n• *Cemilan* (26 item)\\n• *Paket Hemat* (13 item)\\n• *Makanan Utama* (10 item)\\n• *Yoghurt & Dessert* (3 item)\\n\\nKetik nama kategori untuk lihat pilihan, atau langsung pesan — contoh: _pesan\"}', 'completed', NULL, '2026-05-19 03:07:55', '2026-05-19 03:07:55'),
(32, 32, 0, 'routing', 'chatbot_engine', '{\"intent\": \"tanya_menu\"}', '{\"mode\": \"transactional\", \"reply_preview\": \"*Cemilan* (menampilkan 10 dari 26)\\n• Croissant — Rp22.000\\n• Banana Bread — Rp25.000\\n• Cheese Cake Slice — Rp32.000\\n• Cookies Assorted — Regular Rp20.000 | Large Rp28.000\\n• Sandwich Club — Rp35.000\\n• French Fries — Regular Rp25.000 | Large Rp33.000\\n• Roti Bakar Cokelat Keju — Rp25.000\\n• Roti Bakar Pa\"}', 'completed', NULL, '2026-05-19 03:08:11', '2026-05-19 03:08:11'),
(33, 33, 0, 'routing', 'chatbot_engine', '{\"intent\": \"ubah_item\"}', '{\"mode\": \"transactional\", \"reply_preview\": \"Maaf, menu \\\"cemilan item\\\" tidak ditemukan. Ketik *menu* untuk melihat daftar menu.\\n\\n💡 *Info Promo:*\\n• Tambah Rp17.000 lagi untuk bisa pakai kode *BDGJUARA* (diskon Rp32.000)!\\n• Ketik *pakai MAY2026* untuk diskon 10%!\\n\\n☕ *Cocok juga dengan:* Waffle Cokelat Keju — Rp35.000\\nKetik _pesan 1 Waffle Cokela\"}', 'completed', NULL, '2026-05-19 03:08:42', '2026-05-19 03:08:42'),
(34, 34, 0, 'routing', 'chatbot_engine', '{\"intent\": \"small_talk\"}', '{\"mode\": \"transactional\", \"reply_preview\": \"Halo, Kukuh Tripamungkas wicaksono! 😊 How can I help you?\"}', 'completed', NULL, '2026-05-19 03:13:26', '2026-05-19 03:13:26'),
(35, 35, 0, 'routing', 'chatbot_engine', '{\"intent\": \"tambah_item\"}', '{\"mode\": \"transactional\", \"reply_preview\": \"Ukuran untuk *Americano* yang kamu mau apa?\\n• Small (Rp20.000)\\n• Medium (Rp24.000)\\n• Large (Rp28.000)\"}', 'completed', NULL, '2026-05-19 03:16:53', '2026-05-19 03:16:53'),
(36, 36, 0, 'routing', 'chatbot_engine', '{\"intent\": \"small_talk\"}', '{\"mode\": \"transactional\", \"reply_preview\": \"Halo, hi! 😊 Ada yang bisa kami bantu?\"}', 'completed', NULL, '2026-05-19 04:45:25', '2026-05-19 04:45:25'),
(37, 37, 0, 'routing', 'chatbot_engine', '{\"intent\": \"tambah_item\"}', '{\"mode\": \"transactional\", \"reply_preview\": \"Ketik nama menu yang ingin kamu pesan.\"}', 'completed', NULL, '2026-05-19 04:45:30', '2026-05-19 04:45:30'),
(38, 38, 0, 'routing', 'chatbot_engine', '{\"intent\": \"tambah_item\"}', '{\"mode\": \"transactional\", \"reply_preview\": \"Ini menu yang saya temukan:\\n\\n• Kopi Tubruk — Rp15.000\\n• Kopi Susu Jahe — Small Rp22.000 | Medium Rp25.000 | Large Rp28.000\\n• Kopi Mentega Madu — Rp28.000\\n• Kopi Gula Aren — Rp22.000\\n• Kopi Susu Aren — Rp25.000\\n• Kopi Jahe Rempah — Rp20.000\\n• Es Kopi Susu — Small Rp25.000 | Medium Rp28.000 | Large Rp\"}', 'completed', NULL, '2026-05-19 04:45:36', '2026-05-19 04:45:36'),
(39, 39, 0, 'routing', 'chatbot_engine', '{\"intent\": \"tambah_item\"}', '{\"mode\": \"transactional\", \"reply_preview\": \"*Kopi Gula Aren* - Rp22.000\\n_Espresso dengan gula aren lokal asli, manis legit khas Nusantara_\\n\\nMau pesan? Ketik _pesan 1 Kopi Gula Aren_\"}', 'completed', NULL, '2026-05-19 04:45:41', '2026-05-19 04:45:41'),
(40, 40, 0, 'routing', 'chatbot_engine', '{\"intent\": \"tambah_item\"}', '{\"mode\": \"transactional\", \"reply_preview\": \"✅ *1x Kopi Gula Aren* (Rp22.000)\\n\\n🛒 *Keranjang kamu:*\\n\\n• Kopi Gula Aren x1 — Rp22.000\\n────────────────────────────\\nSubtotal: Rp22.000\\nPPN (11%): Rp2.420\\n*Total: Rp24.420*\\n\\nKetik *checkout* untuk melanjutkan pembayaran.\\n\\n📝 Ada catatan khusus untuk *Kopi Gula Aren*?\\n_(contoh: sedikit gula, tanpa es, e\"}', 'completed', NULL, '2026-05-19 04:45:48', '2026-05-19 04:45:48');
INSERT INTO `app_settings` (`id`, `setting_key`, `setting_val`, `description`, `updated_at`) VALUES
(1, 'app_name', 'Toko Kopi', 'Nama brand toko kopi', '2026-05-14 18:02:00'),
(2, 'app_currency', 'IDR', 'Mata uang default: IDR, USD, SGD, AUD', '2026-05-14 18:02:00'),
(3, 'app_language', 'id', 'Bahasa default: id, en', '2026-05-14 18:02:00'),
(4, 'currency_symbol', 'Rp', 'Simbol mata uang', '2026-05-14 18:02:00'),
(5, 'currency_format', 'prefix', 'prefix atau suffix', '2026-05-14 18:02:00'),
(6, 'llm_provider', 'openai', 'Provider LLM: none, openai, anthropic', '2026-05-14 18:17:41'),
(7, 'llm_api_key', 'sk-pro...', 'API Key LLM', '2026-05-14 18:17:41'),
(8, 'llm_model', 'gpt-4o', 'Model LLM', '2026-05-14 18:17:41'),
(9, 'chatbot_name', 'Kopi Bot', 'Nama chatbot', '2026-05-14 18:02:00'),
(10, 'max_cart_items', '20', 'Maksimum item dalam cart', '2026-05-14 18:02:00'),
(11, 'order_prefix', 'ORD', 'Prefix nomor order', '2026-05-14 18:02:00');
INSERT INTO `branches` (`id`, `name`, `slug`, `address`, `city`, `phone`, `email`, `logo_path`, `is_active`, `created_at`, `updated_at`) VALUES
(1, 'Pusat - Jakarta Selatan', 'jakarta-selatan', 'Jl. Kemang Raya No. 10, Jakarta Selatan', 'Jakarta', '021-71234567', 'jaksel@tokokopi.com', NULL, 1, '2026-05-14 18:02:00', '2026-05-14 18:02:00'),
(2, 'Cabang Bandung', 'bandung', 'Jl. Braga No. 25, Bandung', 'Bandung', '022-4567890', 'bandung@tokokopi.com', NULL, 1, '2026-05-14 18:02:00', '2026-05-14 18:02:00'),
(3, 'Cabang Surabaya', 'surabaya', 'Jl. Tunjungan No. 50, Surabaya', 'Surabaya', '031-5432100', 'surabaya@tokokopi.com', NULL, 1, '2026-05-14 18:02:00', '2026-05-14 18:02:00'),
(4, 'Cabang Singapore', 'singapore', 'Orchard Road, Singapore', 'Singapore', '+65 6123 4567', 'singapore@tokokopi.com', NULL, 1, '2026-05-16 06:02:08', '2026-05-16 06:02:08'),
(9, 'Cabang Sydney', 'sydney', 'George Street, Sydney NSW', 'Sydney', '+61 2 8123 4567', 'sydney@tokokopi.com', NULL, 1, '2026-05-16 06:36:13', '2026-05-16 06:36:13');
INSERT INTO `branch_menu_overrides` (`id`, `branch_id`, `menu_item_id`, `custom_price`, `is_available`, `note`, `updated_at`) VALUES
(1, 4, 1, '1.50', NULL, 'Refreshed SGD base price from global IDR menu', '2026-05-16 14:54:48'),
(2, 4, 2, '2.00', NULL, 'Refreshed SGD base price from global IDR menu', '2026-05-16 14:54:48'),
(3, 4, 3, '2.50', NULL, 'Refreshed SGD base price from global IDR menu', '2026-05-16 14:54:48'),
(4, 4, 4, '2.50', NULL, 'Refreshed SGD base price from global IDR menu', '2026-05-16 14:54:48'),
(5, 4, 5, '2.50', NULL, 'Refreshed SGD base price from global IDR menu', '2026-05-16 14:54:48'),
(6, 4, 6, '2.00', NULL, 'Refreshed SGD base price from global IDR menu', '2026-05-16 14:54:48'),
(7, 4, 7, '1.50', NULL, 'Refreshed SGD base price from global IDR menu', '2026-05-16 14:54:48'),
(8, 4, 8, '2.00', NULL, 'Refreshed SGD base price from global IDR menu', '2026-05-16 14:54:48'),
(9, 4, 9, '2.00', NULL, 'Refreshed SGD base price from global IDR menu', '2026-05-16 14:54:48'),
(10, 4, 10, '2.50', NULL, 'Refreshed SGD base price from global IDR menu', '2026-05-16 14:54:48'),
(11, 4, 11, '3.00', NULL, 'Refreshed SGD base price from global IDR menu', '2026-05-16 14:54:48'),
(12, 4, 12, '2.50', NULL, 'Refreshed SGD base price from global IDR menu', '2026-05-16 14:54:48'),
(13, 4, 13, '2.50', NULL, 'Refreshed SGD base price from global IDR menu', '2026-05-16 14:54:48'),
(14, 4, 14, '3.00', NULL, 'Refreshed SGD base price from global IDR menu', '2026-05-16 14:54:48'),
(15, 4, 15, '3.00', NULL, 'Refreshed SGD base price from global IDR menu', '2026-05-16 14:54:48'),
(16, 4, 16, '2.50', NULL, 'Refreshed SGD base price from global IDR menu', '2026-05-16 14:54:48'),
(17, 4, 17, '2.50', NULL, 'Refreshed SGD base price from global IDR menu', '2026-05-16 14:54:48'),
(18, 4, 18, '2.00', NULL, 'Refreshed SGD base price from global IDR menu', '2026-05-16 14:54:48'),
(19, 4, 19, '2.50', NULL, 'Refreshed SGD base price from global IDR menu', '2026-05-16 14:54:48'),
(20, 4, 20, '1.50', NULL, 'Refreshed SGD base price from global IDR menu', '2026-05-16 14:54:48'),
(21, 4, 21, '2.00', NULL, 'Refreshed SGD base price from global IDR menu', '2026-05-16 14:54:48'),
(22, 4, 22, '2.50', NULL, 'Refreshed SGD base price from global IDR menu', '2026-05-16 14:54:48'),
(23, 4, 23, '3.00', NULL, 'Refreshed SGD base price from global IDR menu', '2026-05-16 14:54:48'),
(24, 4, 24, '2.00', NULL, 'Refreshed SGD base price from global IDR menu', '2026-05-16 14:54:48'),
(25, 4, 25, '3.00', NULL, 'Refreshed SGD base price from global IDR menu', '2026-05-16 14:54:48'),
(26, 4, 26, '2.50', NULL, 'Refreshed SGD base price from global IDR menu', '2026-05-16 14:54:48'),
(27, 4, 27, '3.50', NULL, 'Refreshed SGD base price from global IDR menu', '2026-05-16 14:54:48'),
(28, 4, 28, '4.00', NULL, 'Refreshed SGD base price from global IDR menu', '2026-05-16 14:54:48'),
(29, 4, 29, '6.00', NULL, 'Refreshed SGD base price from global IDR menu', '2026-05-16 14:54:48'),
(30, 4, 30, '2.00', NULL, 'Refreshed SGD base price from global IDR menu', '2026-05-16 14:54:48'),
(31, 4, 31, '2.00', NULL, 'Refreshed SGD base price from global IDR menu', '2026-05-16 14:54:48'),
(32, 4, 32, '2.00', NULL, 'Refreshed SGD base price from global IDR menu', '2026-05-16 14:54:48'),
(33, 4, 33, '3.00', NULL, 'Refreshed SGD base price from global IDR menu', '2026-05-16 14:54:48'),
(34, 4, 34, '3.00', NULL, 'Refreshed SGD base price from global IDR menu', '2026-05-16 14:54:48'),
(35, 4, 35, '2.00', NULL, 'Refreshed SGD base price from global IDR menu', '2026-05-16 14:54:48'),
(36, 4, 36, '2.00', NULL, 'Refreshed SGD base price from global IDR menu', '2026-05-16 14:54:48'),
(37, 4, 37, '2.00', NULL, 'Refreshed SGD base price from global IDR menu', '2026-05-16 14:54:48'),
(38, 4, 38, '2.50', NULL, 'Refreshed SGD base price from global IDR menu', '2026-05-16 14:54:48'),
(39, 4, 39, '2.50', NULL, 'Refreshed SGD base price from global IDR menu', '2026-05-16 14:54:48'),
(40, 4, 40, '2.50', NULL, 'Refreshed SGD base price from global IDR menu', '2026-05-16 14:54:48'),
(41, 4, 41, '2.50', NULL, 'Refreshed SGD base price from global IDR menu', '2026-05-16 14:54:48'),
(42, 4, 42, '2.50', NULL, 'Refreshed SGD base price from global IDR menu', '2026-05-16 14:54:48'),
(43, 4, 43, '3.00', NULL, 'Refreshed SGD base price from global IDR menu', '2026-05-16 14:54:48'),
(44, 4, 44, '2.50', NULL, 'Refreshed SGD base price from global IDR menu', '2026-05-16 14:54:48'),
(45, 4, 45, '2.50', NULL, 'Refreshed SGD base price from global IDR menu', '2026-05-16 14:54:48'),
(46, 4, 46, '3.00', NULL, 'Refreshed SGD base price from global IDR menu', '2026-05-16 14:54:48'),
(47, 4, 47, '2.00', NULL, 'Refreshed SGD base price from global IDR menu', '2026-05-16 14:54:48'),
(48, 4, 48, '2.50', NULL, 'Refreshed SGD base price from global IDR menu', '2026-05-16 14:54:48'),
(49, 4, 49, '2.50', NULL, 'Refreshed SGD base price from global IDR menu', '2026-05-16 14:54:48'),
(50, 4, 50, '2.50', NULL, 'Refreshed SGD base price from global IDR menu', '2026-05-16 14:54:48'),
(51, 4, 51, '2.50', NULL, 'Refreshed SGD base price from global IDR menu', '2026-05-16 14:54:48'),
(52, 4, 52, '2.50', NULL, 'Refreshed SGD base price from global IDR menu', '2026-05-16 14:54:48'),
(53, 4, 53, '3.50', NULL, 'Refreshed SGD base price from global IDR menu', '2026-05-16 14:54:48'),
(54, 4, 54, '3.00', NULL, 'Refreshed SGD base price from global IDR menu', '2026-05-16 14:54:48'),
(55, 4, 55, '3.00', NULL, 'Refreshed SGD base price from global IDR menu', '2026-05-16 14:54:48'),
(56, 4, 56, '2.50', NULL, 'Refreshed SGD base price from global IDR menu', '2026-05-16 14:54:48'),
(57, 4, 57, '3.00', NULL, 'Refreshed SGD base price from global IDR menu', '2026-05-16 14:54:48'),
(58, 4, 58, '2.50', NULL, 'Refreshed SGD base price from global IDR menu', '2026-05-16 14:54:48'),
(59, 4, 59, '2.50', NULL, 'Refreshed SGD base price from global IDR menu', '2026-05-16 14:54:48'),
(60, 4, 60, '3.00', NULL, 'Refreshed SGD base price from global IDR menu', '2026-05-16 14:54:48'),
(61, 4, 61, '3.00', NULL, 'Refreshed SGD base price from global IDR menu', '2026-05-16 14:54:48'),
(62, 4, 62, '2.50', NULL, 'Refreshed SGD base price from global IDR menu', '2026-05-16 14:54:48'),
(63, 4, 63, '2.50', NULL, 'Refreshed SGD base price from global IDR menu', '2026-05-16 14:54:48'),
(64, 4, 64, '3.00', NULL, 'Refreshed SGD base price from global IDR menu', '2026-05-16 14:54:48'),
(65, 4, 65, '3.00', NULL, 'Refreshed SGD base price from global IDR menu', '2026-05-16 14:54:48'),
(66, 4, 66, '2.50', NULL, 'Refreshed SGD base price from global IDR menu', '2026-05-16 14:54:48'),
(67, 4, 67, '3.00', NULL, 'Refreshed SGD base price from global IDR menu', '2026-05-16 14:54:48'),
(68, 4, 68, '3.00', NULL, 'Refreshed SGD base price from global IDR menu', '2026-05-16 14:54:48'),
(69, 4, 69, '2.50', NULL, 'Refreshed SGD base price from global IDR menu', '2026-05-16 14:54:48'),
(70, 4, 70, '2.50', NULL, 'Refreshed SGD base price from global IDR menu', '2026-05-16 14:54:48'),
(71, 4, 71, '3.00', NULL, 'Refreshed SGD base price from global IDR menu', '2026-05-16 14:54:48'),
(72, 4, 72, '2.50', NULL, 'Refreshed SGD base price from global IDR menu', '2026-05-16 14:54:48'),
(73, 4, 73, '2.50', NULL, 'Refreshed SGD base price from global IDR menu', '2026-05-16 14:54:48'),
(74, 4, 74, '2.50', NULL, 'Refreshed SGD base price from global IDR menu', '2026-05-16 14:54:48'),
(75, 4, 75, '3.00', NULL, 'Refreshed SGD base price from global IDR menu', '2026-05-16 14:54:48'),
(76, 4, 76, '2.50', NULL, 'Refreshed SGD base price from global IDR menu', '2026-05-16 14:54:48'),
(77, 4, 77, '2.50', NULL, 'Refreshed SGD base price from global IDR menu', '2026-05-16 14:54:48'),
(78, 4, 78, '3.00', NULL, 'Refreshed SGD base price from global IDR menu', '2026-05-16 14:54:48'),
(79, 4, 79, '2.50', NULL, 'Refreshed SGD base price from global IDR menu', '2026-05-16 14:54:48'),
(80, 4, 80, '3.00', NULL, 'Refreshed SGD base price from global IDR menu', '2026-05-16 14:54:48'),
(81, 4, 81, '2.50', NULL, 'Refreshed SGD base price from global IDR menu', '2026-05-16 14:54:48'),
(82, 4, 82, '2.50', NULL, 'Refreshed SGD base price from global IDR menu', '2026-05-16 14:54:48'),
(83, 4, 83, '2.50', NULL, 'Refreshed SGD base price from global IDR menu', '2026-05-16 14:54:48'),
(84, 4, 84, '2.50', NULL, 'Refreshed SGD base price from global IDR menu', '2026-05-16 14:54:48'),
(85, 4, 85, '2.50', NULL, 'Refreshed SGD base price from global IDR menu', '2026-05-16 14:54:48'),
(86, 4, 86, '2.50', NULL, 'Refreshed SGD base price from global IDR menu', '2026-05-16 14:54:48'),
(87, 4, 87, '2.50', NULL, 'Refreshed SGD base price from global IDR menu', '2026-05-16 14:54:48'),
(88, 4, 88, '2.00', NULL, 'Refreshed SGD base price from global IDR menu', '2026-05-16 14:54:48'),
(89, 4, 89, '2.50', NULL, 'Refreshed SGD base price from global IDR menu', '2026-05-16 14:54:48'),
(90, 4, 90, '2.50', NULL, 'Refreshed SGD base price from global IDR menu', '2026-05-16 14:54:48'),
(91, 4, 91, '2.00', NULL, 'Refreshed SGD base price from global IDR menu', '2026-05-16 14:54:48'),
(92, 4, 92, '3.00', NULL, 'Refreshed SGD base price from global IDR menu', '2026-05-16 14:54:48'),
(93, 4, 93, '3.00', NULL, 'Refreshed SGD base price from global IDR menu', '2026-05-16 14:54:48'),
(94, 4, 94, '3.00', NULL, 'Refreshed SGD base price from global IDR menu', '2026-05-16 14:54:48'),
(95, 4, 95, '2.00', NULL, 'Refreshed SGD base price from global IDR menu', '2026-05-16 14:54:48'),
(96, 4, 96, '2.00', NULL, 'Refreshed SGD base price from global IDR menu', '2026-05-16 14:54:48'),
(97, 4, 97, '1.50', NULL, 'Refreshed SGD base price from global IDR menu', '2026-05-16 14:54:48'),
(98, 4, 98, '2.00', NULL, 'Refreshed SGD base price from global IDR menu', '2026-05-16 14:54:48'),
(99, 4, 99, '2.50', NULL, 'Refreshed SGD base price from global IDR menu', '2026-05-16 14:54:48'),
(100, 4, 100, '3.50', NULL, 'Refreshed SGD base price from global IDR menu', '2026-05-16 14:54:48'),
(101, 4, 101, '2.50', NULL, 'Refreshed SGD base price from global IDR menu', '2026-05-16 14:54:48'),
(102, 4, 102, '2.50', NULL, 'Refreshed SGD base price from global IDR menu', '2026-05-16 14:54:48'),
(103, 4, 103, '2.00', NULL, 'Refreshed SGD base price from global IDR menu', '2026-05-16 14:54:48'),
(104, 4, 104, '2.50', NULL, 'Refreshed SGD base price from global IDR menu', '2026-05-16 14:54:48'),
(105, 4, 105, '2.50', NULL, 'Refreshed SGD base price from global IDR menu', '2026-05-16 14:54:48'),
(106, 4, 106, '2.50', NULL, 'Refreshed SGD base price from global IDR menu', '2026-05-16 14:54:48'),
(107, 4, 107, '3.50', NULL, 'Refreshed SGD base price from global IDR menu', '2026-05-16 14:54:48'),
(108, 4, 108, '2.50', NULL, 'Refreshed SGD base price from global IDR menu', '2026-05-16 14:54:48'),
(109, 4, 109, '3.00', NULL, 'Refreshed SGD base price from global IDR menu', '2026-05-16 14:54:48'),
(110, 4, 110, '3.50', NULL, 'Refreshed SGD base price from global IDR menu', '2026-05-16 14:54:48'),
(111, 4, 111, '5.00', NULL, 'Refreshed SGD base price from global IDR menu', '2026-05-16 14:54:48'),
(112, 4, 112, '5.50', NULL, 'Refreshed SGD base price from global IDR menu', '2026-05-16 14:54:48'),
(113, 4, 113, '4.00', NULL, 'Refreshed SGD base price from global IDR menu', '2026-05-16 14:54:48'),
(114, 4, 114, '9.50', NULL, 'Refreshed SGD base price from global IDR menu', '2026-05-16 14:54:48'),
(115, 4, 115, '16.00', NULL, 'Refreshed SGD base price from global IDR menu', '2026-05-16 14:54:48'),
(116, 4, 116, '19.50', NULL, 'Refreshed SGD base price from global IDR menu', '2026-05-16 14:54:48'),
(117, 4, 117, '15.00', NULL, 'Refreshed SGD base price from global IDR menu', '2026-05-16 14:54:48'),
(118, 4, 118, '9.50', NULL, 'Refreshed SGD base price from global IDR menu', '2026-05-16 14:54:48'),
(119, 4, 119, '10.00', NULL, 'Refreshed SGD base price from global IDR menu', '2026-05-16 14:54:48'),
(120, 4, 120, '4.00', NULL, 'Refreshed SGD base price from global IDR menu', '2026-05-16 14:54:48'),
(121, 4, 121, '5.00', NULL, 'Refreshed SGD base price from global IDR menu', '2026-05-16 14:54:48'),
(122, 4, 122, '4.50', NULL, 'Refreshed SGD base price from global IDR menu', '2026-05-16 14:54:48'),
(123, 4, 123, '3.50', NULL, 'Refreshed SGD base price from global IDR menu', '2026-05-16 14:54:48'),
(124, 4, 124, '4.00', NULL, 'Refreshed SGD base price from global IDR menu', '2026-05-16 14:54:48'),
(125, 4, 125, '5.00', NULL, 'Refreshed SGD base price from global IDR menu', '2026-05-16 14:54:48'),
(126, 4, 126, '3.50', NULL, 'Refreshed SGD base price from global IDR menu', '2026-05-16 14:54:48'),
(127, 4, 127, '4.00', NULL, 'Refreshed SGD base price from global IDR menu', '2026-05-16 14:54:48'),
(128, 4, 128, '4.50', NULL, 'Refreshed SGD base price from global IDR menu', '2026-05-16 14:54:48'),
(129, 4, 129, '4.00', NULL, 'Refreshed SGD base price from global IDR menu', '2026-05-16 14:54:48'),
(259, 9, 1, '1.50', 1, 'Refreshed AUD base price from global IDR menu', '2026-05-16 14:54:48'),
(260, 9, 2, '2.00', NULL, 'Refreshed AUD base price from global IDR menu', '2026-05-16 14:54:48'),
(261, 9, 3, '2.00', NULL, 'Refreshed AUD base price from global IDR menu', '2026-05-16 14:54:48'),
(262, 9, 4, '2.50', NULL, 'Refreshed AUD base price from global IDR menu', '2026-05-16 14:54:48'),
(263, 9, 5, '2.50', NULL, 'Refreshed AUD base price from global IDR menu', '2026-05-16 14:54:48'),
(264, 9, 6, '2.00', NULL, 'Refreshed AUD base price from global IDR menu', '2026-05-16 14:54:48'),
(265, 9, 7, '1.50', NULL, 'Refreshed AUD base price from global IDR menu', '2026-05-16 14:54:48'),
(266, 9, 8, '2.00', NULL, 'Refreshed AUD base price from global IDR menu', '2026-05-16 14:54:48'),
(267, 9, 9, '2.00', NULL, 'Refreshed AUD base price from global IDR menu', '2026-05-16 14:54:48'),
(268, 9, 10, '2.50', NULL, 'Refreshed AUD base price from global IDR menu', '2026-05-16 14:54:48'),
(269, 9, 11, '3.00', NULL, 'Refreshed AUD base price from global IDR menu', '2026-05-16 14:54:48'),
(270, 9, 12, '2.00', NULL, 'Refreshed AUD base price from global IDR menu', '2026-05-16 14:54:48'),
(271, 9, 13, '2.50', NULL, 'Refreshed AUD base price from global IDR menu', '2026-05-16 14:54:48'),
(272, 9, 14, '3.00', NULL, 'Refreshed AUD base price from global IDR menu', '2026-05-16 14:54:48'),
(273, 9, 15, '3.00', NULL, 'Refreshed AUD base price from global IDR menu', '2026-05-16 14:54:48'),
(274, 9, 16, '2.50', NULL, 'Refreshed AUD base price from global IDR menu', '2026-05-16 14:54:48'),
(275, 9, 17, '2.00', NULL, 'Refreshed AUD base price from global IDR menu', '2026-05-16 14:54:48'),
(276, 9, 18, '2.00', NULL, 'Refreshed AUD base price from global IDR menu', '2026-05-16 14:54:48'),
(277, 9, 19, '2.50', NULL, 'Refreshed AUD base price from global IDR menu', '2026-05-16 14:54:48'),
(278, 9, 20, '1.50', NULL, 'Refreshed AUD base price from global IDR menu', '2026-05-16 14:54:48'),
(279, 9, 21, '2.00', NULL, 'Refreshed AUD base price from global IDR menu', '2026-05-16 14:54:48'),
(280, 9, 22, '2.00', NULL, 'Refreshed AUD base price from global IDR menu', '2026-05-16 14:54:48'),
(281, 9, 23, '3.00', NULL, 'Refreshed AUD base price from global IDR menu', '2026-05-16 14:54:48'),
(282, 9, 24, '2.00', NULL, 'Refreshed AUD base price from global IDR menu', '2026-05-16 14:54:48'),
(283, 9, 25, '3.00', NULL, 'Refreshed AUD base price from global IDR menu', '2026-05-16 14:54:48'),
(284, 9, 26, '2.00', NULL, 'Refreshed AUD base price from global IDR menu', '2026-05-16 14:54:48'),
(285, 9, 27, '3.50', NULL, 'Refreshed AUD base price from global IDR menu', '2026-05-16 14:54:48'),
(286, 9, 28, '4.00', NULL, 'Refreshed AUD base price from global IDR menu', '2026-05-16 14:54:48'),
(287, 9, 29, '6.00', NULL, 'Refreshed AUD base price from global IDR menu', '2026-05-16 14:54:48'),
(288, 9, 30, '2.00', NULL, 'Refreshed AUD base price from global IDR menu', '2026-05-16 14:54:48'),
(289, 9, 31, '2.00', NULL, 'Refreshed AUD base price from global IDR menu', '2026-05-16 14:54:48'),
(290, 9, 32, '2.00', NULL, 'Refreshed AUD base price from global IDR menu', '2026-05-16 14:54:48'),
(291, 9, 33, '3.00', NULL, 'Refreshed AUD base price from global IDR menu', '2026-05-16 14:54:48'),
(292, 9, 34, '3.00', NULL, 'Refreshed AUD base price from global IDR menu', '2026-05-16 14:54:48'),
(293, 9, 35, '2.00', NULL, 'Refreshed AUD base price from global IDR menu', '2026-05-16 14:54:48'),
(294, 9, 36, '2.00', NULL, 'Refreshed AUD base price from global IDR menu', '2026-05-16 14:54:48'),
(295, 9, 37, '2.00', NULL, 'Refreshed AUD base price from global IDR menu', '2026-05-16 14:54:48'),
(296, 9, 38, '2.00', NULL, 'Refreshed AUD base price from global IDR menu', '2026-05-16 14:54:48'),
(297, 9, 39, '2.50', NULL, 'Refreshed AUD base price from global IDR menu', '2026-05-16 14:54:48'),
(298, 9, 40, '2.50', NULL, 'Refreshed AUD base price from global IDR menu', '2026-05-16 14:54:48'),
(299, 9, 41, '2.50', NULL, 'Refreshed AUD base price from global IDR menu', '2026-05-16 14:54:48'),
(300, 9, 42, '2.50', NULL, 'Refreshed AUD base price from global IDR menu', '2026-05-16 14:54:48'),
(301, 9, 43, '3.00', NULL, 'Refreshed AUD base price from global IDR menu', '2026-05-16 14:54:48'),
(302, 9, 44, '2.50', NULL, 'Refreshed AUD base price from global IDR menu', '2026-05-16 14:54:48'),
(303, 9, 45, '2.50', NULL, 'Refreshed AUD base price from global IDR menu', '2026-05-16 14:54:48'),
(304, 9, 46, '3.00', NULL, 'Refreshed AUD base price from global IDR menu', '2026-05-16 14:54:48'),
(305, 9, 47, '2.00', NULL, 'Refreshed AUD base price from global IDR menu', '2026-05-16 14:54:48'),
(306, 9, 48, '2.50', NULL, 'Refreshed AUD base price from global IDR menu', '2026-05-16 14:54:48'),
(307, 9, 49, '2.00', NULL, 'Refreshed AUD base price from global IDR menu', '2026-05-16 14:54:48'),
(308, 9, 50, '2.50', NULL, 'Refreshed AUD base price from global IDR menu', '2026-05-16 14:54:48'),
(309, 9, 51, '2.50', NULL, 'Refreshed AUD base price from global IDR menu', '2026-05-16 14:54:48'),
(310, 9, 52, '2.00', NULL, 'Refreshed AUD base price from global IDR menu', '2026-05-16 14:54:48'),
(311, 9, 53, '3.50', NULL, 'Refreshed AUD base price from global IDR menu', '2026-05-16 14:54:48'),
(312, 9, 54, '3.00', NULL, 'Refreshed AUD base price from global IDR menu', '2026-05-16 14:54:48'),
(313, 9, 55, '3.00', NULL, 'Refreshed AUD base price from global IDR menu', '2026-05-16 14:54:48'),
(314, 9, 56, '2.50', NULL, 'Refreshed AUD base price from global IDR menu', '2026-05-16 14:54:48'),
(315, 9, 57, '2.50', NULL, 'Refreshed AUD base price from global IDR menu', '2026-05-16 14:54:48'),
(316, 9, 58, '2.50', NULL, 'Refreshed AUD base price from global IDR menu', '2026-05-16 14:54:48'),
(317, 9, 59, '2.50', NULL, 'Refreshed AUD base price from global IDR menu', '2026-05-16 14:54:48'),
(318, 9, 60, '3.00', NULL, 'Refreshed AUD base price from global IDR menu', '2026-05-16 14:54:48'),
(319, 9, 61, '3.00', NULL, 'Refreshed AUD base price from global IDR menu', '2026-05-16 14:54:48'),
(320, 9, 62, '2.50', NULL, 'Refreshed AUD base price from global IDR menu', '2026-05-16 14:54:48'),
(321, 9, 63, '2.00', NULL, 'Refreshed AUD base price from global IDR menu', '2026-05-16 14:54:48'),
(322, 9, 64, '3.00', NULL, 'Refreshed AUD base price from global IDR menu', '2026-05-16 14:54:48'),
(323, 9, 65, '3.00', NULL, 'Refreshed AUD base price from global IDR menu', '2026-05-16 14:54:48'),
(324, 9, 66, '2.50', NULL, 'Refreshed AUD base price from global IDR menu', '2026-05-16 14:54:48'),
(325, 9, 67, '2.50', NULL, 'Refreshed AUD base price from global IDR menu', '2026-05-16 14:54:48'),
(326, 9, 68, '3.00', NULL, 'Refreshed AUD base price from global IDR menu', '2026-05-16 14:54:48'),
(327, 9, 69, '2.50', NULL, 'Refreshed AUD base price from global IDR menu', '2026-05-16 14:54:48'),
(328, 9, 70, '2.50', NULL, 'Refreshed AUD base price from global IDR menu', '2026-05-16 14:54:48'),
(329, 9, 71, '3.00', NULL, 'Refreshed AUD base price from global IDR menu', '2026-05-16 14:54:48'),
(330, 9, 72, '2.50', NULL, 'Refreshed AUD base price from global IDR menu', '2026-05-16 14:54:48'),
(331, 9, 73, '2.50', NULL, 'Refreshed AUD base price from global IDR menu', '2026-05-16 14:54:48'),
(332, 9, 74, '2.50', NULL, 'Refreshed AUD base price from global IDR menu', '2026-05-16 14:54:48'),
(333, 9, 75, '2.50', NULL, 'Refreshed AUD base price from global IDR menu', '2026-05-16 14:54:48'),
(334, 9, 76, '2.50', NULL, 'Refreshed AUD base price from global IDR menu', '2026-05-16 14:54:48'),
(335, 9, 77, '2.50', NULL, 'Refreshed AUD base price from global IDR menu', '2026-05-16 14:54:48'),
(336, 9, 78, '3.00', NULL, 'Refreshed AUD base price from global IDR menu', '2026-05-16 14:54:48'),
(337, 9, 79, '2.00', NULL, 'Refreshed AUD base price from global IDR menu', '2026-05-16 14:54:48'),
(338, 9, 80, '3.00', NULL, 'Refreshed AUD base price from global IDR menu', '2026-05-16 14:54:48'),
(339, 9, 81, '2.50', NULL, 'Refreshed AUD base price from global IDR menu', '2026-05-16 14:54:48'),
(340, 9, 82, '2.50', NULL, 'Refreshed AUD base price from global IDR menu', '2026-05-16 14:54:48'),
(341, 9, 83, '2.50', NULL, 'Refreshed AUD base price from global IDR menu', '2026-05-16 14:54:48'),
(342, 9, 84, '2.00', NULL, 'Refreshed AUD base price from global IDR menu', '2026-05-16 14:54:48'),
(343, 9, 85, '2.00', NULL, 'Refreshed AUD base price from global IDR menu', '2026-05-16 14:54:48'),
(344, 9, 86, '2.50', NULL, 'Refreshed AUD base price from global IDR menu', '2026-05-16 14:54:48'),
(345, 9, 87, '2.50', NULL, 'Refreshed AUD base price from global IDR menu', '2026-05-16 14:54:48'),
(346, 9, 88, '2.00', NULL, 'Refreshed AUD base price from global IDR menu', '2026-05-16 14:54:48'),
(347, 9, 89, '2.50', NULL, 'Refreshed AUD base price from global IDR menu', '2026-05-16 14:54:48'),
(348, 9, 90, '2.00', NULL, 'Refreshed AUD base price from global IDR menu', '2026-05-16 14:54:48'),
(349, 9, 91, '2.00', NULL, 'Refreshed AUD base price from global IDR menu', '2026-05-16 14:54:48'),
(350, 9, 92, '3.00', NULL, 'Refreshed AUD base price from global IDR menu', '2026-05-16 14:54:48'),
(351, 9, 93, '3.00', NULL, 'Refreshed AUD base price from global IDR menu', '2026-05-16 14:54:48'),
(352, 9, 94, '3.00', NULL, 'Refreshed AUD base price from global IDR menu', '2026-05-16 14:54:48'),
(353, 9, 95, '2.00', NULL, 'Refreshed AUD base price from global IDR menu', '2026-05-16 14:54:48'),
(354, 9, 96, '2.00', NULL, 'Refreshed AUD base price from global IDR menu', '2026-05-16 14:54:48'),
(355, 9, 97, '1.50', NULL, 'Refreshed AUD base price from global IDR menu', '2026-05-16 14:54:48'),
(356, 9, 98, '2.00', NULL, 'Refreshed AUD base price from global IDR menu', '2026-05-16 14:54:48'),
(357, 9, 99, '2.00', NULL, 'Refreshed AUD base price from global IDR menu', '2026-05-16 14:54:48'),
(358, 9, 100, '3.00', NULL, 'Refreshed AUD base price from global IDR menu', '2026-05-16 14:54:48'),
(359, 9, 101, '2.00', NULL, 'Refreshed AUD base price from global IDR menu', '2026-05-16 14:54:48'),
(360, 9, 102, '2.00', NULL, 'Refreshed AUD base price from global IDR menu', '2026-05-16 14:54:48'),
(361, 9, 103, '2.00', NULL, 'Refreshed AUD base price from global IDR menu', '2026-05-16 14:54:48'),
(362, 9, 104, '2.50', NULL, 'Refreshed AUD base price from global IDR menu', '2026-05-16 14:54:48'),
(363, 9, 105, '2.00', NULL, 'Refreshed AUD base price from global IDR menu', '2026-05-16 14:54:48'),
(364, 9, 106, '2.50', NULL, 'Refreshed AUD base price from global IDR menu', '2026-05-16 14:54:48'),
(365, 9, 107, '3.50', NULL, 'Refreshed AUD base price from global IDR menu', '2026-05-16 14:54:48'),
(366, 9, 108, '2.50', NULL, 'Refreshed AUD base price from global IDR menu', '2026-05-16 14:54:48'),
(367, 9, 109, '3.00', NULL, 'Refreshed AUD base price from global IDR menu', '2026-05-16 14:54:48'),
(368, 9, 110, '3.50', NULL, 'Refreshed AUD base price from global IDR menu', '2026-05-16 14:54:48'),
(369, 9, 111, '4.50', NULL, 'Refreshed AUD base price from global IDR menu', '2026-05-16 14:54:48'),
(370, 9, 112, '5.00', NULL, 'Refreshed AUD base price from global IDR menu', '2026-05-16 14:54:48'),
(371, 9, 113, '4.00', NULL, 'Refreshed AUD base price from global IDR menu', '2026-05-16 14:54:48'),
(372, 9, 114, '9.00', NULL, 'Refreshed AUD base price from global IDR menu', '2026-05-16 14:54:48'),
(373, 9, 115, '15.50', NULL, 'Refreshed AUD base price from global IDR menu', '2026-05-16 14:54:48'),
(374, 9, 116, '18.50', NULL, 'Refreshed AUD base price from global IDR menu', '2026-05-16 14:54:48'),
(375, 9, 117, '14.50', NULL, 'Refreshed AUD base price from global IDR menu', '2026-05-16 14:54:48'),
(376, 9, 118, '9.50', NULL, 'Refreshed AUD base price from global IDR menu', '2026-05-16 14:54:48'),
(377, 9, 119, '10.00', NULL, 'Refreshed AUD base price from global IDR menu', '2026-05-16 14:54:48'),
(378, 9, 120, '4.00', NULL, 'Refreshed AUD base price from global IDR menu', '2026-05-16 14:54:48'),
(379, 9, 121, '4.50', NULL, 'Refreshed AUD base price from global IDR menu', '2026-05-16 14:54:48'),
(380, 9, 122, '4.50', NULL, 'Refreshed AUD base price from global IDR menu', '2026-05-16 14:54:48'),
(381, 9, 123, '3.50', NULL, 'Refreshed AUD base price from global IDR menu', '2026-05-16 14:54:48'),
(382, 9, 124, '4.00', NULL, 'Refreshed AUD base price from global IDR menu', '2026-05-16 14:54:48'),
(383, 9, 125, '4.50', NULL, 'Refreshed AUD base price from global IDR menu', '2026-05-16 14:54:48'),
(384, 9, 126, '3.50', NULL, 'Refreshed AUD base price from global IDR menu', '2026-05-16 14:54:48'),
(385, 9, 127, '4.00', NULL, 'Refreshed AUD base price from global IDR menu', '2026-05-16 14:54:48'),
(386, 9, 128, '4.50', NULL, 'Refreshed AUD base price from global IDR menu', '2026-05-16 14:54:48'),
(387, 9, 129, '4.00', NULL, 'Refreshed AUD base price from global IDR menu', '2026-05-16 14:54:48'),
(517, 4, 130, '2.50', NULL, 'Auto-converted yoghurt price for Singapore branch (SGD base)', '2026-05-16 15:27:37'),
(518, 4, 131, '3.00', NULL, 'Auto-converted yoghurt price for Singapore branch (SGD base)', '2026-05-16 15:27:37'),
(519, 4, 132, '3.50', NULL, 'Auto-converted yoghurt price for Singapore branch (SGD base)', '2026-05-16 15:27:37'),
(520, 9, 130, '2.50', NULL, 'Auto-converted yoghurt price for Sydney branch (AUD base)', '2026-05-16 15:27:37'),
(521, 9, 131, '3.00', NULL, 'Auto-converted yoghurt price for Sydney branch (AUD base)', '2026-05-16 15:27:37'),
(522, 9, 132, '3.50', NULL, 'Auto-converted yoghurt price for Sydney branch (AUD base)', '2026-05-16 15:27:37');
INSERT INTO `branch_menu_variant_overrides` (`id`, `branch_id`, `variant_id`, `price_delta`, `is_active`, `created_at`, `updated_at`) VALUES
(4, 9, 65, '0.50', 1, '2026-05-16 17:51:05', '2026-05-16 17:51:05'),
(5, 9, 66, '1.00', 1, '2026-05-16 17:51:05', '2026-05-16 17:51:05'),
(6, 9, 68, '0.50', 1, '2026-05-16 17:51:05', '2026-05-16 17:51:05'),
(7, 9, 69, '1.00', 1, '2026-05-16 17:51:05', '2026-05-16 17:51:05'),
(8, 9, 71, '0.50', 1, '2026-05-16 17:51:05', '2026-05-16 17:51:05'),
(9, 9, 72, '1.00', 1, '2026-05-16 17:51:05', '2026-05-16 17:51:05'),
(10, 9, 74, '0.50', 1, '2026-05-16 17:51:05', '2026-05-16 17:51:05'),
(11, 9, 75, '1.00', 1, '2026-05-16 17:51:05', '2026-05-16 17:51:05'),
(12, 9, 77, '0.50', 1, '2026-05-16 17:51:05', '2026-05-16 17:51:05'),
(13, 9, 78, '0.50', 1, '2026-05-16 17:51:05', '2026-05-16 17:51:05'),
(14, 9, 80, '0.50', 1, '2026-05-16 17:51:05', '2026-05-16 17:51:05'),
(15, 9, 81, '0.50', 1, '2026-05-16 17:51:05', '2026-05-16 17:51:05'),
(16, 9, 83, '0.50', 1, '2026-05-16 17:51:05', '2026-05-16 17:51:05'),
(17, 9, 84, '0.50', 1, '2026-05-16 17:51:05', '2026-05-16 17:51:05'),
(18, 9, 86, '0.50', 1, '2026-05-16 17:51:05', '2026-05-16 17:51:05'),
(19, 9, 87, '1.00', 1, '2026-05-16 17:51:05', '2026-05-16 17:51:05'),
(20, 9, 89, '0.50', 1, '2026-05-16 17:51:05', '2026-05-16 17:51:05'),
(21, 9, 90, '1.00', 1, '2026-05-16 17:51:05', '2026-05-16 17:51:05'),
(22, 9, 92, '0.50', 1, '2026-05-16 17:51:05', '2026-05-16 17:51:05'),
(23, 9, 93, '0.50', 1, '2026-05-16 17:51:05', '2026-05-16 17:51:05'),
(24, 9, 95, '0.50', 1, '2026-05-16 17:51:05', '2026-05-16 17:51:05'),
(25, 9, 96, '0.50', 1, '2026-05-16 17:51:05', '2026-05-16 17:51:05'),
(26, 9, 98, '0.50', 1, '2026-05-16 17:51:05', '2026-05-16 17:51:05'),
(27, 9, 99, '1.00', 1, '2026-05-16 17:51:05', '2026-05-16 17:51:05'),
(28, 9, 101, '0.50', 1, '2026-05-16 17:51:05', '2026-05-16 17:51:05'),
(29, 9, 102, '1.00', 1, '2026-05-16 17:51:05', '2026-05-16 17:51:05'),
(30, 9, 104, '0.50', 1, '2026-05-16 17:51:05', '2026-05-16 17:51:05'),
(31, 9, 105, '0.50', 1, '2026-05-16 17:51:05', '2026-05-16 17:51:05'),
(32, 9, 107, '0.50', 1, '2026-05-16 17:51:05', '2026-05-16 17:51:05'),
(33, 9, 108, '1.00', 1, '2026-05-16 17:51:05', '2026-05-16 17:51:05'),
(34, 9, 110, '0.50', 1, '2026-05-16 17:51:05', '2026-05-16 17:51:05'),
(35, 9, 111, '0.50', 1, '2026-05-16 17:51:05', '2026-05-16 17:51:05'),
(36, 9, 113, '0.50', 1, '2026-05-16 17:51:05', '2026-05-16 17:51:05'),
(37, 9, 115, '0.50', 1, '2026-05-16 17:51:05', '2026-05-16 17:51:05'),
(38, 9, 117, '1.00', 1, '2026-05-16 17:51:05', '2026-05-16 17:51:05'),
(39, 9, 119, '1.00', 1, '2026-05-16 17:51:05', '2026-05-16 17:51:05'),
(40, 9, 144, '0.50', 1, '2026-05-16 17:51:05', '2026-05-16 17:51:05'),
(41, 9, 145, '1.00', 1, '2026-05-16 17:51:05', '2026-05-16 17:51:05'),
(42, 9, 147, '0.50', 1, '2026-05-16 17:51:05', '2026-05-16 17:51:05'),
(43, 9, 148, '1.00', 1, '2026-05-16 17:51:05', '2026-05-16 17:51:05'),
(44, 9, 150, '0.50', 1, '2026-05-16 17:51:05', '2026-05-16 17:51:05'),
(45, 9, 151, '1.00', 1, '2026-05-16 17:51:05', '2026-05-16 17:51:05'),
(67, 4, 65, '0.50', 1, '2026-05-16 17:51:05', '2026-05-16 17:51:05'),
(68, 4, 66, '1.00', 1, '2026-05-16 17:51:05', '2026-05-16 17:51:05'),
(69, 4, 68, '0.50', 1, '2026-05-16 17:51:05', '2026-05-16 17:51:05'),
(70, 4, 69, '1.00', 1, '2026-05-16 17:51:05', '2026-05-16 17:51:05'),
(71, 4, 71, '0.50', 1, '2026-05-16 17:51:05', '2026-05-16 17:51:05'),
(72, 4, 72, '1.00', 1, '2026-05-16 17:51:05', '2026-05-16 17:51:05'),
(73, 4, 74, '0.50', 1, '2026-05-16 17:51:05', '2026-05-16 17:51:05'),
(74, 4, 75, '1.00', 1, '2026-05-16 17:51:05', '2026-05-16 17:51:05'),
(75, 4, 77, '0.50', 1, '2026-05-16 17:51:05', '2026-05-16 17:51:05'),
(76, 4, 78, '0.50', 1, '2026-05-16 17:51:05', '2026-05-16 17:51:05'),
(77, 4, 80, '0.50', 1, '2026-05-16 17:51:05', '2026-05-16 17:51:05'),
(78, 4, 81, '0.50', 1, '2026-05-16 17:51:05', '2026-05-16 17:51:05'),
(79, 4, 83, '0.50', 1, '2026-05-16 17:51:05', '2026-05-16 17:51:05'),
(80, 4, 84, '0.50', 1, '2026-05-16 17:51:05', '2026-05-16 17:51:05'),
(81, 4, 86, '0.50', 1, '2026-05-16 17:51:05', '2026-05-16 17:51:05'),
(82, 4, 87, '1.00', 1, '2026-05-16 17:51:05', '2026-05-16 17:51:05'),
(83, 4, 89, '0.50', 1, '2026-05-16 17:51:05', '2026-05-16 17:51:05'),
(84, 4, 90, '1.00', 1, '2026-05-16 17:51:05', '2026-05-16 17:51:05'),
(85, 4, 92, '0.50', 1, '2026-05-16 17:51:05', '2026-05-16 17:51:05'),
(86, 4, 93, '0.50', 1, '2026-05-16 17:51:05', '2026-05-16 17:51:05'),
(87, 4, 95, '0.50', 1, '2026-05-16 17:51:05', '2026-05-16 17:51:05'),
(88, 4, 96, '0.50', 1, '2026-05-16 17:51:05', '2026-05-16 17:51:05'),
(89, 4, 98, '0.50', 1, '2026-05-16 17:51:05', '2026-05-16 17:51:05'),
(90, 4, 99, '1.00', 1, '2026-05-16 17:51:05', '2026-05-16 17:51:05'),
(91, 4, 101, '0.50', 1, '2026-05-16 17:51:05', '2026-05-16 17:51:05'),
(92, 4, 102, '1.00', 1, '2026-05-16 17:51:05', '2026-05-16 17:51:05'),
(93, 4, 104, '0.50', 1, '2026-05-16 17:51:05', '2026-05-16 17:51:05'),
(94, 4, 105, '0.50', 1, '2026-05-16 17:51:05', '2026-05-16 17:51:05'),
(95, 4, 107, '0.50', 1, '2026-05-16 17:51:05', '2026-05-16 17:51:05'),
(96, 4, 108, '1.00', 1, '2026-05-16 17:51:05', '2026-05-16 17:51:05'),
(97, 4, 110, '0.50', 1, '2026-05-16 17:51:05', '2026-05-16 17:51:05'),
(98, 4, 111, '0.50', 1, '2026-05-16 17:51:05', '2026-05-16 17:51:05'),
(99, 4, 113, '0.50', 1, '2026-05-16 17:51:05', '2026-05-16 17:51:05'),
(100, 4, 115, '0.50', 1, '2026-05-16 17:51:05', '2026-05-16 17:51:05'),
(101, 4, 117, '1.00', 1, '2026-05-16 17:51:05', '2026-05-16 17:51:05'),
(102, 4, 119, '1.00', 1, '2026-05-16 17:51:05', '2026-05-16 17:51:05'),
(103, 4, 144, '0.50', 1, '2026-05-16 17:51:05', '2026-05-16 17:51:05'),
(104, 4, 145, '1.00', 1, '2026-05-16 17:51:05', '2026-05-16 17:51:05'),
(105, 4, 147, '0.50', 1, '2026-05-16 17:51:05', '2026-05-16 17:51:05'),
(106, 4, 148, '1.00', 1, '2026-05-16 17:51:05', '2026-05-16 17:51:05'),
(107, 4, 150, '0.50', 1, '2026-05-16 17:51:05', '2026-05-16 17:51:05'),
(108, 4, 151, '1.00', 1, '2026-05-16 17:51:05', '2026-05-16 17:51:05');
INSERT INTO `branch_promos` (`id`, `branch_id`, `promo_id`, `title`, `description`, `discount_type`, `discount_value`, `min_order`, `max_discount`, `promo_code`, `start_date`, `end_date`, `auto_apply`, `min_tx_count`, `tx_months`, `applies_to_category_id`, `is_active`, `created_at`, `updated_at`) VALUES
(1, 1, NULL, 'Grand Opening Jaksel', 'Diskon 25% untuk cabang Jakarta Selatan', 'percent', '25.00', '0.00', NULL, 'JAKSEL25', NULL, NULL, 0, NULL, NULL, NULL, 1, '2026-05-14 18:02:01', '2026-05-14 18:02:01'),
(2, 2, NULL, 'Promo Bandung Juara', 'Buy 1 Get 1 minuman Cold Brew di Bandung', 'fixed', '32000.00', '32000.00', NULL, 'BDGJUARA', '2026-05-07 01:51:00', '2027-02-12 01:51:00', 1, NULL, NULL, 2, 1, '2026-05-14 18:02:01', '2026-05-16 18:51:46'),
(3, 3, 5, 'Promo Hari Ini', 'Diskon spesial satu hari penuh 16 Mei 2026', 'percent', '5.00', '0.00', NULL, 'HARIINI16', '2026-05-16 00:00:00', '2026-05-16 23:59:00', 1, NULL, NULL, NULL, 1, '2026-05-15 01:34:04', '2026-05-16 08:48:06'),
(4, 9, 5, 'Promo Hari Ini', 'Diskon spesial satu hari penuh 16 Mei 2026', 'percent', '10.00', '0.00', NULL, 'HARIINI16', '2026-05-16 00:00:00', '2026-06-01 23:59:00', 1, NULL, NULL, NULL, 1, '2026-05-16 09:38:35', '2026-05-17 09:34:39'),
(5, 4, 5, 'Promo Hari Ini', 'Diskon spesial satu hari penuh 15 Mei 2026', 'percent', '10.00', '0.00', NULL, 'HARIINI', '2026-05-15 00:00:00', '2026-05-31 23:59:00', 1, NULL, NULL, NULL, 1, '2026-05-16 09:38:45', '2026-05-17 04:28:50'),
(6, 1, 5, 'Promo bulan Ini', 'Diskon spesial satu bulan penuh Mei 2026', 'percent', '10.00', '0.00', NULL, 'MAY2026', '2026-05-16 00:00:00', '2026-05-31 23:59:00', 1, NULL, NULL, NULL, 1, '2026-05-16 18:48:58', '2026-05-16 18:48:58'),
(7, 2, 5, 'Promo bulan Ini', 'Diskon spesial satu bulan penuh Mei 2026', 'percent', '10.00', '0.00', NULL, 'MAY2026', '2026-05-16 00:00:00', '2026-05-31 23:59:00', 1, NULL, NULL, NULL, 1, '2026-05-16 18:49:06', '2026-05-16 18:49:06');
INSERT INTO `branch_settings` (`id`, `branch_id`, `setting_key`, `setting_val`, `created_at`, `updated_at`) VALUES
(1, 1, 'currency', 'IDR', '2026-05-14 18:02:00', '2026-05-14 18:02:00'),
(2, 1, 'language', 'id', '2026-05-14 18:02:00', '2026-05-14 18:02:00'),
(3, 1, 'wa_number', '6281234567890', '2026-05-14 18:02:00', '2026-05-14 18:02:00'),
(4, 2, 'currency', 'IDR', '2026-05-14 18:02:00', '2026-05-14 18:02:00'),
(5, 2, 'language', 'id', '2026-05-14 18:02:00', '2026-05-14 18:02:00'),
(6, 2, 'wa_number', '6281234567891', '2026-05-14 18:02:00', '2026-05-14 18:02:00'),
(7, 3, 'currency', 'IDR', '2026-05-14 18:02:00', '2026-05-14 18:02:00'),
(8, 3, 'language', 'id', '2026-05-14 18:02:00', '2026-05-14 18:02:00'),
(9, 3, 'wa_number', '6281234567892', '2026-05-14 18:02:00', '2026-05-14 18:02:00'),
(10, 4, 'currency', 'SGD', '2026-05-16 06:02:08', '2026-05-16 06:02:08'),
(11, 4, 'language', 'en', '2026-05-16 06:02:08', '2026-05-16 06:02:08'),
(12, 4, 'timezone', 'Asia/Singapore', '2026-05-16 06:02:08', '2026-05-16 06:02:08'),
(13, 4, 'wa_number', '6561234567', '2026-05-16 06:02:08', '2026-05-16 06:02:08'),
(26, 4, 'ppn_rate', '9', '2026-05-16 06:14:34', '2026-05-16 06:14:34'),
(31, 9, 'currency', 'AUD', '2026-05-16 06:36:13', '2026-05-16 06:36:13'),
(32, 9, 'language', 'en', '2026-05-16 06:36:13', '2026-05-16 06:36:13'),
(33, 9, 'ppn_rate', '10', '2026-05-16 06:36:13', '2026-05-16 06:36:13'),
(34, 9, 'timezone', 'Australia/Sydney', '2026-05-16 06:36:13', '2026-05-16 06:36:13'),
(35, 9, 'wa_number', '61281234567', '2026-05-16 06:36:13', '2026-05-16 06:36:13');
INSERT INTO `branch_whatsapp_settings` (`id`, `branch_id`, `provider_id`, `wa_number`, `api_key`, `api_secret`, `webhook_token`, `extra_config`, `is_active`, `created_at`, `updated_at`) VALUES
(1, 1, 1, '6281234567890', 'fonnte_api_key_demo_jaksel', NULL, 'webhook_token_jaksel_001', NULL, 1, '2026-05-14 18:02:01', '2026-05-14 18:02:01'),
(2, 2, 2, '6281234567891', 'wablas_api_key_demo_bandung', NULL, 'webhook_token_bandung_001', NULL, 1, '2026-05-14 18:02:01', '2026-05-14 18:02:01'),
(3, 3, 3, '6281234567892', 'meta_api_key_demo_surabaya', NULL, 'webhook_token_sby_001', NULL, 1, '2026-05-14 18:02:01', '2026-05-14 18:02:01'),
(8, 9, 10, '628127777776', 'admin.sydney.vonag', '44444444444444444444444444444444444444', '', NULL, 1, '2026-05-16 16:48:31', '2026-05-16 16:55:09');
INSERT INTO `carts` (`id`, `branch_id`, `customer_id`, `session_key`, `promo_code`, `discount_amount`, `loyalty_points_redeemed`, `loyalty_discount_amount`, `notes`, `expires_at`, `created_at`, `updated_at`) VALUES
(1, 1, 1, 'b71f70af49481410eb2c18c9116e51bf49400d5cdad1f801f42bdae5faad9f9c', NULL, '0.00', 0, '0.00', NULL, '2026-05-16 01:19:53', '2026-05-14 18:19:53', '2026-05-14 18:23:43'),
(2, 2, 1, 'df3dc8a6521e250201d9739f8e14d1238effcbe35563ae6a102e8328e342d374', NULL, '0.00', 0, '0.00', NULL, '2026-05-16 01:22:28', '2026-05-14 18:22:28', '2026-05-14 18:22:28'),
(3, 3, 1, '3a8c8ea0b7ca8e2e208c3fa7da2e6f2df429494e982d139d761a71a5b735a519', NULL, '0.00', 0, '0.00', NULL, '2026-05-16 01:23:59', '2026-05-14 18:23:59', '2026-05-14 18:23:59'),
(4, 1, 2, '74206e617a7f6464f7d8c3bb14779e9bec0256875be27227b0cfb2107a9f0f88', NULL, '0.00', 0, '0.00', NULL, '2026-05-16 01:31:53', '2026-05-14 18:31:53', '2026-05-14 18:34:47'),
(5, 3, 3, 'ff72a0881325b218fafa407c2c2ec789fe377497ef89df40f62fcf77bd51943c', NULL, '0.00', 0, '0.00', NULL, '2026-05-16 07:43:13', '2026-05-15 00:43:13', '2026-05-15 00:43:45'),
(6, 1, 4, 'b78c921f87e63c853e097bbdb056ffe28f6aadfda212ccdeadcecdbc77f4d501', NULL, '0.00', 0, '0.00', NULL, '2026-05-16 08:33:33', '2026-05-15 01:33:33', '2026-05-15 01:35:00'),
(7, 1, 5, 'cd527a140366a40321a9871470ae218dde207d726d94a532cef551aba85d88c1', NULL, '0.00', 0, '0.00', NULL, '2026-05-16 08:36:21', '2026-05-15 01:36:21', '2026-05-15 01:36:23'),
(8, 2, 6, '51c0718c4bf13691460cfd95d73e03264dc3e38e91c421de2eba59162b415458', NULL, '0.00', 0, '0.00', NULL, '2026-05-16 11:44:49', '2026-05-15 04:44:49', '2026-05-15 04:46:10'),
(9, 1, 7, '19d028f28e35415efb1f3297dfc4ffcae953b5d3ddf5832e6615528aebfac973', NULL, '0.00', 0, '0.00', NULL, '2026-05-17 11:17:08', '2026-05-16 04:17:08', '2026-05-16 05:41:58'),
(10, 9, 8, 'd03a3c5a1cb06f96cb652dce6c1f66733a774911f99d58bdf2c95f02716ab248', NULL, '0.00', 0, '0.00', NULL, '2026-05-17 14:16:13', '2026-05-16 07:16:13', '2026-05-16 07:19:43'),
(11, 4, 9, 'b4adacf03d54753095608e8234902fdad750ba82a546d75bf084eaf0fac909be', NULL, '0.00', 0, '0.00', NULL, '2026-05-17 14:33:00', '2026-05-16 07:33:00', '2026-05-16 07:39:38'),
(12, 1, 10, '83f3de9452c33553e7538ac3e438931c9fa52b2d8dc3119aa2867929695f994f', NULL, '0.00', 0, '0.00', NULL, '2026-05-17 14:57:07', '2026-05-16 07:57:07', '2026-05-16 07:58:39'),
(13, 2, 11, '63b83dca0fbfd4ec0f4aa600cc1a5c1c48a15a8ee26df55f983db42d94dce9d4', NULL, '0.00', 0, '0.00', NULL, '2026-05-17 15:04:46', '2026-05-16 08:04:46', '2026-05-16 08:24:00'),
(14, 3, 11, 'ee401db7c1839715cbf134ab14f3b9912dc1d099e8483e56a85cc881e0283a1f', 'HARIINI16', '31950.00', 0, '0.00', NULL, '2026-05-17 15:32:58', '2026-05-16 08:32:58', '2026-05-16 09:04:12'),
(15, 9, 12, 'dbf889f8a8be8183ac5908cbacd1ea99742ca9a218891d56981bdabd5e631b63', NULL, '0.00', 0, '0.00', NULL, '2026-05-17 16:35:55', '2026-05-16 09:35:55', '2026-05-16 09:35:55'),
(16, 9, 13, '64448a15c30c92e761937b20670805e5aece4582ea84f6c80601f7d60e820e03', 'HARIINI16', '1.90', 0, '0.00', NULL, '2026-05-17 16:41:17', '2026-05-16 09:41:17', '2026-05-16 09:41:43'),
(17, 9, 14, 'c1f6e5fe820539c70da6024e4159f2087fb388bc031db77f9e85e8cade9689cb', 'HARIINI16', '2.30', 0, '0.00', NULL, '2026-05-17 16:42:30', '2026-05-16 09:42:30', '2026-05-16 09:42:30'),
(18, 9, 15, '9efa06843d1db5067965d873982a57ed90b412f86c722140d11de8ebd017ddf9', NULL, '0.00', 0, '0.00', NULL, '2026-05-17 17:37:19', '2026-05-16 10:37:19', '2026-05-16 10:40:12'),
(19, 4, 16, '987899fd35d7f5b8143f083b11a4bc7cf3c7d1ba40e184952211ed47c4ca643b', NULL, '0.00', 0, '0.00', NULL, '2026-05-17 22:29:48', '2026-05-16 15:29:48', '2026-05-16 15:29:48'),
(20, 3, 16, '031bf47ab1d6236f92a47478a88bbb463d7ae2d22343ffc2e1a49b9f11a434c6', 'HARIINI16', '1950.00', 0, '0.00', NULL, '2026-05-17 22:30:31', '2026-05-16 15:30:31', '2026-05-16 15:33:10'),
(21, 2, 16, '503b0a32707d4499c6b0b67e5bdca4ca41de526af8c6ae9151e5669eb38de674', 'HARIINI16', '3300.00', 0, '0.00', NULL, '2026-05-17 22:31:36', '2026-05-16 15:31:36', '2026-05-16 15:31:36'),
(22, 4, 17, 'd61bfb771eeb34fa8005df390390b806ee50099ea0c17f4434808a0c09031e14', NULL, '0.00', 0, '0.00', NULL, '2026-05-18 01:30:04', '2026-05-16 18:30:04', '2026-05-16 18:30:34'),
(23, 2, 18, 'b1f6c25eb6bf1677e30460469e322c1ebc22d7ac864aa7f5c8edb3d8a6739350', 'BDGJUARA', '32000.00', 0, '0.00', NULL, '2026-05-18 01:52:36', '2026-05-16 18:52:36', '2026-05-16 18:53:26'),
(24, 4, 19, '881612a0adb22892b3ab30ff0408f1b8692e58ee74b42731d6c2ae02e94c320d', NULL, '0.00', 0, '0.00', NULL, '2026-05-18 11:23:28', '2026-05-17 04:23:28', '2026-05-17 04:23:58'),
(25, 4, 20, 'fcda2879948d1d3bcf5b87e001a8ac7f287b2dfff64b39ab7e3bf4fcc0f384ee', NULL, '0.00', 0, '0.00', NULL, '2026-05-18 11:30:31', '2026-05-17 04:30:31', '2026-05-17 04:30:31'),
(26, 2, 20, 'ac745d5e779ad3342c12f820fbb272de92264fae310ad59847f46c81a83a0c45', NULL, '0.00', 0, '0.00', NULL, '2026-05-18 11:48:33', '2026-05-17 04:48:33', '2026-05-17 05:01:10'),
(27, 4, 21, '30505e5c47d8feafc69ba1f76e79328761bfcd6fba3568b1caa575b068892d25', NULL, '0.00', 0, '0.00', NULL, '2026-05-18 16:12:37', '2026-05-17 09:12:37', '2026-05-17 09:13:02'),
(28, 9, 22, 'a48dda1241a7a8bf350e4529fc63267a54342c7b368e766d9d80f0678bbb065b', NULL, '0.00', 0, '0.00', NULL, '2026-05-18 16:55:55', '2026-05-17 09:55:55', '2026-05-17 09:57:43'),
(29, 2, 23, '7057fbb1a8bffc40ad99811688bcdcdd06c90c2fd2235f808b7953cd2a9006dc', NULL, '0.00', 0, '0.00', NULL, '2026-05-20 08:26:12', '2026-05-19 01:26:12', '2026-05-19 01:26:33'),
(30, 4, 23, 'a02008e73426df8d9f89e76f229f4d85b6e5c7392e44cfa4f1e788e518018e2a', NULL, '0.00', 0, '0.00', NULL, '2026-05-20 08:43:55', '2026-05-19 01:43:55', '2026-05-19 01:43:55'),
(31, 3, 24, '2c570cfacb39b08b372f7b88d2549f5c40c4e76e402093cfa8b9d5c1686c2775', NULL, '0.00', 0, '0.00', NULL, '2026-05-20 08:49:34', '2026-05-19 01:49:34', '2026-05-19 01:49:45'),
(32, 2, 25, '334a5e943c2b74f8ae54812cbfab5451ddbccbb1486aae4a63a5ce20cf790ed9', NULL, '0.00', 0, '0.00', NULL, '2026-05-20 08:51:55', '2026-05-19 01:51:55', '2026-05-19 01:53:27'),
(33, 3, 26, 'fab37d2a6cefde96e878ec03a55dba1c53e1c025b1fbda80ced77801fc273107', NULL, '0.00', 0, '0.00', NULL, '2026-05-20 08:52:58', '2026-05-19 01:52:58', '2026-05-19 01:52:58'),
(34, 2, 27, '59f453958dfcdb798466d8d7670d977d54e2009ca2767e343c00e590783842dc', NULL, '0.00', 0, '0.00', NULL, '2026-05-20 08:54:11', '2026-05-19 01:54:11', '2026-05-19 01:54:11'),
(35, 2, 28, 'b12ceb64f2cb698ceb4af635d71fb3f09392561144cbc656597e79a6abbe3bff', NULL, '0.00', 0, '0.00', NULL, '2026-05-20 09:19:39', '2026-05-19 02:19:39', '2026-05-19 02:19:39'),
(36, 4, 29, '83c4ec41a6536d073775c14db252288918318ccb69918e9173dd8b7a72faef9b', NULL, '0.00', 0, '0.00', NULL, '2026-05-20 09:37:05', '2026-05-19 02:37:05', '2026-05-19 02:37:07'),
(37, 2, 30, 'a4a209cf643666fb17b4d0db20adebc89f5b993520c1b93fda0f5734d453435c', NULL, '0.00', 0, '0.00', NULL, '2026-05-20 09:54:37', '2026-05-19 02:54:37', '2026-05-19 02:55:02'),
(38, 2, 31, '3608d409f3029b043b0edbc3c3685f72b6cde834c54c354291d9c2c2f04fd294', NULL, '0.00', 0, '0.00', NULL, '2026-05-20 10:06:10', '2026-05-19 03:06:10', '2026-05-19 03:06:12'),
(39, 2, 32, 'fec921a82a0544bc0e129f02b2876e4d273deaa305f23db9dd2e43e08bd88c1f', NULL, '0.00', 0, '0.00', NULL, '2026-05-20 10:16:52', '2026-05-19 03:16:52', '2026-05-19 03:16:52'),
(40, 2, 33, '304c6633e594cadf8a9cee4a14a881bc5cd1d1542c71d9bf1deb11898a6120b2', NULL, '0.00', 0, '0.00', NULL, '2026-05-20 11:45:22', '2026-05-19 04:45:22', '2026-05-19 04:45:48'),
(41, 2, 34, '7528f26e7260377ca01870d27d1f134191dfd1a054637d20bb52411a454d8161', NULL, '0.00', 0, '0.00', NULL, '2026-05-20 14:07:26', '2026-05-19 07:07:26', '2026-05-19 07:07:59');
INSERT INTO `cart_items` (`id`, `cart_id`, `menu_item_id`, `variant_id`, `variant_label`, `quantity`, `unit_price`, `notes`, `created_at`, `updated_at`) VALUES
(13, 8, 10, NULL, NULL, 1, '29000.00', '', '2026-05-15 04:46:10', '2026-05-15 04:46:10'),
(15, 10, 116, NULL, NULL, 1, '18.50', '', '2026-05-16 07:16:50', '2026-05-16 07:16:50'),
(16, 10, 93, NULL, NULL, 1, '3.00', '', '2026-05-16 07:19:02', '2026-05-16 07:19:02'),
(17, 10, 92, NULL, NULL, 1, '3.00', '', '2026-05-16 07:19:43', '2026-05-16 07:19:43'),
(19, 11, 93, NULL, NULL, 1, '3.00', '', '2026-05-16 07:33:01', '2026-05-16 07:33:01'),
(20, 11, 20, NULL, NULL, 1, '1.50', '', '2026-05-16 07:39:38', '2026-05-16 07:39:38'),
(21, 12, 115, NULL, NULL, 1, '192000.00', '', '2026-05-16 07:58:39', '2026-05-16 07:58:39'),
(74, 14, 1, NULL, NULL, 2, '18000.00', '', '2026-05-16 09:04:11', '2026-05-16 09:04:11'),
(75, 14, 16, NULL, NULL, 2, '28000.00', '', '2026-05-16 09:04:11', '2026-05-16 09:04:11'),
(76, 14, 21, NULL, NULL, 2, '22000.00', '', '2026-05-16 09:04:11', '2026-05-16 09:04:11'),
(77, 14, 120, NULL, NULL, 3, '45000.00', '', '2026-05-16 09:04:11', '2026-05-16 09:04:11'),
(78, 14, 121, NULL, NULL, 1, '55000.00', '', '2026-05-16 09:04:11', '2026-05-16 09:04:11'),
(79, 14, 123, NULL, NULL, 1, '40000.00', '', '2026-05-16 09:04:12', '2026-05-16 09:04:12'),
(80, 14, 124, NULL, NULL, 5, '45000.00', '', '2026-05-16 09:04:12', '2026-05-16 09:04:12'),
(81, 14, 127, NULL, NULL, 1, '48000.00', '', '2026-05-16 09:04:12', '2026-05-16 09:04:12'),
(82, 15, 1, NULL, NULL, 1, '1.50', '', '2026-05-16 09:35:55', '2026-05-16 09:35:55'),
(83, 15, 2, NULL, NULL, 1, '2.00', '', '2026-05-16 09:35:55', '2026-05-16 09:35:55'),
(84, 15, 5, NULL, NULL, 1, '2.50', '', '2026-05-16 09:35:55', '2026-05-16 09:35:55'),
(85, 15, 125, NULL, NULL, 1, '4.50', '', '2026-05-16 09:35:55', '2026-05-16 09:35:55'),
(91, 16, 1, NULL, NULL, 2, '1.50', '', '2026-05-16 09:41:43', '2026-05-16 09:41:43'),
(92, 16, 6, NULL, NULL, 2, '2.00', '', '2026-05-16 09:41:43', '2026-05-16 09:41:43'),
(93, 16, 9, NULL, NULL, 2, '2.00', '', '2026-05-16 09:41:43', '2026-05-16 09:41:43'),
(94, 16, 14, NULL, NULL, 1, '3.00', '', '2026-05-16 09:41:43', '2026-05-16 09:41:43'),
(95, 16, 16, NULL, NULL, 2, '2.50', '', '2026-05-16 09:41:43', '2026-05-16 09:41:43'),
(96, 17, 26, NULL, NULL, 2, '2.00', '', '2026-05-16 09:42:30', '2026-05-16 09:42:30'),
(97, 17, 27, NULL, NULL, 2, '3.50', '', '2026-05-16 09:42:30', '2026-05-16 09:42:30'),
(98, 17, 28, NULL, NULL, 2, '4.00', '', '2026-05-16 09:42:30', '2026-05-16 09:42:30'),
(99, 17, 96, NULL, NULL, 2, '2.00', '', '2026-05-16 09:42:30', '2026-05-16 09:42:30'),
(103, 19, 130, 144, 'Medium', 1, '2.95', 'Toppings: Granola, Blueberry', '2026-05-16 15:29:48', '2026-05-16 15:29:48'),
(104, 20, 131, 147, 'Medium', 1, '39000.00', 'Toppings: Strawberry, Almond, Oreo Crumbs', '2026-05-16 15:30:31', '2026-05-16 15:30:31'),
(105, 21, 130, 144, 'Medium', 1, '33000.00', 'Toppings: Granola, Strawberry', '2026-05-16 15:31:36', '2026-05-16 15:31:36'),
(106, 20, 12, 93, 'Large', 1, '31000.00', '', '2026-05-16 15:33:10', '2026-05-16 15:33:10'),
(134, 23, 120, NULL, NULL, 1, '45000.00', '', '2026-05-16 18:53:26', '2026-05-16 18:53:26'),
(135, 23, 121, NULL, NULL, 1, '55000.00', '', '2026-05-16 18:53:26', '2026-05-16 18:53:26'),
(136, 23, 11, 90, 'Large', 2, '39000.00', '', '2026-05-16 18:53:26', '2026-05-16 18:53:26'),
(144, 24, 1, NULL, NULL, 2, '1.50', '', '2026-05-17 04:23:58', '2026-05-17 04:23:58'),
(145, 24, 3, 68, 'Medium', 1, '3.00', '', '2026-05-17 04:23:58', '2026-05-17 04:23:58'),
(146, 24, 3, 67, 'Small', 1, '2.50', '', '2026-05-17 04:23:58', '2026-05-17 04:23:58'),
(181, 29, 2, 64, 'Small', 1, '20000.00', '', '2026-05-19 01:26:32', '2026-05-19 01:26:32'),
(182, 29, 2, 66, 'Large', 1, '28000.00', '', '2026-05-19 01:26:32', '2026-05-19 01:26:32'),
(183, 29, 2, 65, 'Medium', 1, '24000.00', '', '2026-05-19 01:26:33', '2026-05-19 01:26:33'),
(184, 29, 132, 149, 'Small', 1, '40000.00', 'Toppings: Strawberry, Blueberry, Almond, Choco Chips', '2026-05-19 01:26:33', '2026-05-19 01:26:33'),
(191, 32, 33, NULL, NULL, 1, '32000.00', '', '2026-05-19 01:53:27', '2026-05-19 01:53:27'),
(192, 34, 5, 73, 'Small', 3, '28000.00', '', '2026-05-19 01:54:11', '2026-05-19 01:54:11'),
(193, 35, 1, NULL, NULL, 1, '18000.00', '', '2026-05-19 02:19:39', '2026-05-19 02:19:39'),
(194, 36, 7, NULL, NULL, 1, '1.50', '', '2026-05-19 02:37:07', '2026-05-19 02:37:07'),
(195, 37, 8, 81, 'Large', 1, '28000.00', '', '2026-05-19 02:55:02', '2026-05-19 02:55:02'),
(196, 38, 7, NULL, NULL, 1, '15000.00', 'Banyakin gula', '2026-05-19 03:06:12', '2026-05-19 03:07:01'),
(197, 40, 36, NULL, NULL, 1, '22000.00', '', '2026-05-19 04:45:48', '2026-05-19 04:45:48'),
(210, 41, 2, 64, 'Small', 1, '20000.00', '', '2026-05-19 07:07:58', '2026-05-19 07:07:58'),
(211, 41, 2, 65, 'Medium', 1, '24000.00', '', '2026-05-19 07:07:58', '2026-05-19 07:07:58'),
(212, 41, 43, NULL, NULL, 2, '32000.00', '', '2026-05-19 07:07:58', '2026-05-19 07:07:58'),
(213, 41, 42, NULL, NULL, 1, '30000.00', '', '2026-05-19 07:07:59', '2026-05-19 07:07:59');
INSERT INTO `menu_categories` (`id`, `name`, `slug`, `description`, `sort_order`, `is_active`, `created_at`) VALUES
(1, 'Kopi Panas', 'kopi-panas', 'Minuman kopi panas pilihan', 1, 1, '2026-05-14 18:02:00'),
(2, 'Kopi Dingin', 'kopi-dingin', 'Minuman kopi dingin & es', 2, 1, '2026-05-14 18:02:00'),
(3, 'Non Kopi', 'non-kopi', 'Minuman non-kopi', 3, 1, '2026-05-14 18:02:00'),
(4, 'Cemilan', 'cemilan', 'Makanan ringan & snack', 4, 1, '2026-05-14 18:02:00'),
(5, 'Paket Hemat', 'paket-hemat', 'Paket bundling hemat', 5, 1, '2026-05-14 18:02:00'),
(6, 'Makanan Utama', 'makanan-utama', 'Menu makanan berat & full meal', 6, 1, '2026-05-16 03:05:46'),
(7, 'Yoghurt & Dessert', 'yoghurt-dessert', 'Frozen yoghurt dan dessert segar dengan pilihan topping', 6, 1, '2026-05-16 15:24:37');
INSERT INTO `menu_items` (`id`, `category_id`, `name`, `slug`, `description`, `price`, `min_toppings`, `max_toppings`, `image_path`, `is_available`, `is_active`, `sort_order`, `created_at`, `updated_at`) VALUES
(1, 1, 'Espresso', 'espresso', 'Single shot espresso murni, bold & concentrated', '18000.00', 0, 0, NULL, 1, 1, 1, '2026-05-14 18:02:00', '2026-05-14 18:02:00'),
(2, 1, 'Americano', 'americano', 'Espresso dengan air panas, smooth & rich', '20000.00', 0, 0, NULL, 1, 1, 2, '2026-05-14 18:02:00', '2026-05-14 18:02:00'),
(3, 1, 'Cappuccino', 'cappuccino', 'Espresso, steamed milk & milk foam yang sempurna', '25000.00', 0, 0, NULL, 1, 1, 3, '2026-05-14 18:02:00', '2026-05-14 18:02:00'),
(4, 1, 'Latte', 'latte', 'Espresso dengan banyak steamed milk, creamy & mild', '27000.00', 0, 0, NULL, 1, 1, 4, '2026-05-14 18:02:00', '2026-05-14 18:02:00'),
(5, 1, 'Flat White', 'flat-white', 'Double ristretto dengan textured milk, smooth & strong', '28000.00', 0, 0, NULL, 1, 1, 5, '2026-05-14 18:02:00', '2026-05-14 18:02:00'),
(6, 1, 'Macchiato', 'macchiato', 'Espresso dengan sedikit milk foam di atasnya', '22000.00', 0, 0, NULL, 1, 1, 6, '2026-05-14 18:02:00', '2026-05-14 18:02:00'),
(7, 1, 'Kopi Tubruk', 'kopi-tubruk', 'Kopi tradisional Indonesia yang kental', '15000.00', 0, 0, NULL, 1, 1, 7, '2026-05-14 18:02:00', '2026-05-14 18:02:00'),
(8, 1, 'Kopi Susu Jahe', 'kopi-susu-jahe', 'Kopi susu dengan rempah jahe hangat', '22000.00', 0, 0, NULL, 1, 1, 8, '2026-05-14 18:02:00', '2026-05-14 18:02:00'),
(9, 2, 'Iced Americano', 'iced-americano', 'Americano segar di atas es batu', '22000.00', 0, 0, NULL, 1, 1, 1, '2026-05-14 18:02:00', '2026-05-14 18:02:00'),
(10, 2, 'Iced Latte', 'iced-latte', 'Latte creamy yang menyegarkan dengan es', '29000.00', 0, 0, NULL, 1, 1, 2, '2026-05-14 18:02:00', '2026-05-14 18:02:00'),
(11, 2, 'Cold Brew', 'cold-brew', 'Kopi diseduh dingin 12 jam, smooth & less bitter', '32000.00', 0, 0, NULL, 1, 1, 3, '2026-05-14 18:02:00', '2026-05-14 18:02:00'),
(12, 2, 'Es Kopi Susu', 'es-kopi-susu', 'Kopi susu khas Indonesia yang viral', '25000.00', 0, 0, NULL, 1, 1, 4, '2026-05-14 18:02:00', '2026-05-14 18:02:00'),
(13, 2, 'Vietnamese Coffee', 'vietnamese-coffee', 'Kopi kental dengan susu kental manis', '27000.00', 0, 0, NULL, 1, 1, 5, '2026-05-14 18:02:00', '2026-05-14 18:02:00'),
(14, 2, 'Caramel Frappé', 'caramel-frappe', 'Blended coffee dengan karamel, creamy & manis', '33000.00', 0, 0, NULL, 1, 1, 6, '2026-05-14 18:02:00', '2026-05-14 18:02:00'),
(15, 2, 'Mocha Frappe', 'mocha-frappe', 'Blended coffee dengan cokelat dan whipped cream', '33000.00', 0, 0, NULL, 1, 1, 7, '2026-05-14 18:02:00', '2026-05-14 18:02:00'),
(16, 3, 'Matcha Latte', 'matcha-latte', 'Green tea Jepang dengan steamed milk, creamy & earthy', '28000.00', 0, 0, NULL, 1, 1, 1, '2026-05-14 18:02:00', '2026-05-14 18:02:00'),
(17, 3, 'Chocolate', 'chocolate', 'Rich hot chocolate yang mewah', '25000.00', 0, 0, NULL, 1, 1, 2, '2026-05-14 18:02:00', '2026-05-14 18:02:00'),
(18, 3, 'Teh Tarik', 'teh-tarik', 'Teh Malaysia classic yang creamy', '20000.00', 0, 0, NULL, 1, 1, 3, '2026-05-14 18:02:00', '2026-05-14 18:02:00'),
(19, 3, 'Strawberry Smoothie', 'strawberry-smoothie', 'Smoothie stroberi segar dengan yogurt', '30000.00', 0, 0, NULL, 1, 1, 4, '2026-05-14 18:02:00', '2026-05-14 18:02:00'),
(20, 3, 'Lemon Tea', 'lemon-tea', 'Teh lemon segar, cocok untuk cuaca panas', '18000.00', 0, 0, NULL, 1, 1, 5, '2026-05-14 18:02:00', '2026-05-14 18:02:00'),
(21, 4, 'Croissant', 'croissant', 'Croissant butter lembut & renyah dari oven', '22000.00', 0, 0, NULL, 1, 1, 1, '2026-05-14 18:02:00', '2026-05-14 18:02:00'),
(22, 4, 'Banana Bread', 'banana-bread', 'Roti pisang moist dengan walnuts', '25000.00', 0, 0, NULL, 1, 1, 2, '2026-05-14 18:02:00', '2026-05-14 18:02:00'),
(23, 4, 'Cheese Cake Slice', 'cheese-cake-slice', 'Slice cheesecake original New York style', '32000.00', 0, 0, NULL, 1, 1, 3, '2026-05-14 18:02:00', '2026-05-14 18:02:00'),
(24, 4, 'Cookies Assorted', 'cookies-assorted', 'Mixed cookies: chocolate chip, oatmeal, peanut butter', '20000.00', 0, 0, NULL, 1, 1, 4, '2026-05-14 18:02:00', '2026-05-14 18:02:00'),
(25, 4, 'Sandwich Club', 'sandwich-club', 'Sandwich ayam, keju, selada & tomat', '35000.00', 0, 0, NULL, 1, 1, 5, '2026-05-14 18:02:00', '2026-05-14 18:02:00'),
(26, 4, 'French Fries', 'french-fries', 'Kentang goreng crispy dengan saus', '25000.00', 0, 0, NULL, 1, 1, 6, '2026-05-14 18:02:00', '2026-05-14 18:02:00'),
(27, 5, 'Paket Ngopi Santai', 'paket-ngopi-santai', '1 Americano + 1 Banana Bread (hemat Rp 5.000)', '40000.00', 0, 0, NULL, 1, 1, 1, '2026-05-14 18:02:00', '2026-05-14 18:02:00'),
(28, 5, 'Paket Kerja', 'paket-kerja', '1 Latte + 1 Croissant + free refill air (hemat Rp 7.000)', '47000.00', 0, 0, NULL, 1, 1, 2, '2026-05-14 18:02:00', '2026-05-14 18:02:00'),
(29, 5, 'Paket Berdua', 'paket-berdua', '2 Es Kopi Susu + 2 Cookies (hemat Rp 10.000)', '70000.00', 0, 0, NULL, 1, 1, 3, '2026-05-14 18:02:00', '2026-05-14 18:02:00'),
(30, 1, 'Cortado', 'cortado', 'Espresso dengan equal parts steamed milk, balance sempurna antara kopi & susu', '23000.00', 0, 0, NULL, 1, 1, 10, '2026-05-16 03:05:46', '2026-05-16 03:05:46'),
(31, 1, 'Lungo', 'lungo', 'Espresso dengan volume air lebih banyak, milder & longer finish', '21000.00', 0, 0, NULL, 1, 1, 11, '2026-05-16 03:05:46', '2026-05-16 03:05:46'),
(32, 1, 'Ristretto', 'ristretto', 'Espresso shot pendek yang sangat pekat & concentrated, pure intensity', '20000.00', 0, 0, NULL, 1, 1, 12, '2026-05-16 03:05:46', '2026-05-16 03:05:46'),
(33, 1, 'Affogato', 'affogato', 'Espresso panas dituangkan langsung di atas satu scoop vanilla ice cream', '32000.00', 0, 0, NULL, 1, 1, 13, '2026-05-16 03:05:46', '2026-05-16 03:05:46'),
(34, 1, 'Irish Coffee', 'irish-coffee', 'Kopi panas dengan sirup karamel Irish & cream di atasnya, rich & warming', '35000.00', 0, 0, NULL, 1, 1, 14, '2026-05-16 03:05:46', '2026-05-16 03:05:46'),
(35, 1, 'Turkish Coffee', 'turkish-coffee', 'Kopi halus khas Turki diseduh dengan cezve, kental, aromatik & penuh karakter', '22000.00', 0, 0, NULL, 1, 1, 15, '2026-05-16 03:05:46', '2026-05-16 03:05:46'),
(36, 1, 'Kopi Gula Aren', 'kopi-gula-aren', 'Espresso dengan gula aren lokal asli, manis legit khas Nusantara', '22000.00', 0, 0, NULL, 1, 1, 16, '2026-05-16 03:05:46', '2026-05-16 03:05:46'),
(37, 1, 'Kopi Jahe Rempah', 'kopi-jahe-rempah', 'Espresso dengan jahe segar, kayu manis & cengkeh — hangat & menyehatkan', '20000.00', 0, 0, NULL, 1, 1, 17, '2026-05-16 03:05:46', '2026-05-16 03:05:46'),
(38, 1, 'Kopi Susu Aren', 'kopi-susu-aren', 'Espresso susu dengan gula aren pilihan, lebih autentik dari gula biasa', '25000.00', 0, 0, NULL, 1, 1, 18, '2026-05-16 03:05:46', '2026-05-16 03:05:46'),
(39, 1, 'Hazelnut Latte', 'hazelnut-latte', 'Latte creamy dengan sirup hazelnut premium, nutty & smooth', '30000.00', 0, 0, NULL, 1, 1, 19, '2026-05-16 03:05:46', '2026-05-16 03:05:46'),
(40, 1, 'Vanilla Latte', 'vanilla-latte', 'Latte dengan vanilla bean asli, smooth & fragrant setiap tegukan', '28000.00', 0, 0, NULL, 1, 1, 20, '2026-05-16 03:05:46', '2026-05-16 03:05:46'),
(41, 1, 'Caramel Latte', 'caramel-latte', 'Latte dengan drizzle karamel premium di atas foam susu, manis & creamy', '29000.00', 0, 0, NULL, 1, 1, 21, '2026-05-16 03:05:46', '2026-05-16 03:05:46'),
(42, 1, 'Lavender Latte', 'lavender-latte', 'Latte dengan sirup lavender, aroma floral yang calming & unik', '30000.00', 0, 0, NULL, 1, 1, 22, '2026-05-16 03:05:46', '2026-05-16 03:05:46'),
(43, 1, 'Ube Latte', 'ube-latte', 'Latte dengan ube (keladi ungu) Filipina, creamy, manis & berwarna cantik', '32000.00', 0, 0, NULL, 1, 1, 23, '2026-05-16 03:05:46', '2026-05-16 03:05:46'),
(44, 1, 'Pandan Latte', 'pandan-latte', 'Latte dengan pandan lokal, aroma wangi khas Indonesia yang otentik', '27000.00', 0, 0, NULL, 1, 1, 24, '2026-05-16 03:05:46', '2026-05-16 03:05:46'),
(45, 1, 'Brown Sugar Latte', 'brown-sugar-latte', 'Latte dengan brown sugar syrup & kayu manis, manis alami nan elegan', '28000.00', 0, 0, NULL, 1, 1, 25, '2026-05-16 03:05:46', '2026-05-16 03:05:46'),
(46, 1, 'Bulletproof Coffee', 'bulletproof-coffee', 'Kopi blended dengan butter grass-fed & MCT oil, energi tahan lama keto-friendly', '35000.00', 0, 0, NULL, 1, 1, 26, '2026-05-16 03:05:46', '2026-05-16 03:05:46'),
(47, 1, 'Piccolo Latte', 'piccolo-latte', 'Mini latte 90ml — double ristretto dengan sedikit textured milk, bold & strong', '24000.00', 0, 0, NULL, 1, 1, 27, '2026-05-16 03:05:46', '2026-05-16 03:05:46'),
(48, 1, 'Kopi Mentega Madu', 'kopi-mentega-madu', 'Kopi dengan butter lokal & madu hutan, creamy & naturally sweet', '28000.00', 0, 0, NULL, 1, 1, 28, '2026-05-16 03:05:46', '2026-05-16 03:05:46'),
(49, 1, 'Gibraltar', 'gibraltar', 'Double ristretto dengan steamed whole milk dalam gelas kecil 4oz, intense & creamy', '25000.00', 0, 0, NULL, 1, 1, 29, '2026-05-16 03:05:46', '2026-05-16 03:05:46'),
(50, 2, 'Iced Cappuccino', 'iced-cappuccino', 'Cappuccino segar disajikan dingin dengan es batu yang berlimpah', '27000.00', 0, 0, NULL, 1, 1, 8, '2026-05-16 03:05:46', '2026-05-16 03:05:46'),
(51, 2, 'Iced Flat White', 'iced-flat-white', 'Flat white double shot dengan susu full cream dingin & es batu', '30000.00', 0, 0, NULL, 1, 1, 9, '2026-05-16 03:05:46', '2026-05-16 03:05:46'),
(52, 2, 'Iced Macchiato', 'iced-macchiato', 'Macchiato es berlapis, susu di bawah lalu espresso perlahan di atasnya', '25000.00', 0, 0, NULL, 1, 1, 10, '2026-05-16 03:05:46', '2026-05-16 03:05:46'),
(53, 2, 'Nitro Cold Brew', 'nitro-cold-brew', 'Cold brew dengan nitrogen — tekstur creamy tanpa susu, extremely smooth', '38000.00', 0, 0, NULL, 1, 1, 11, '2026-05-16 03:05:46', '2026-05-16 03:05:46'),
(54, 2, 'Cold Brew Tonic', 'cold-brew-tonic', 'Cold brew dicampur tonic water berbuih, segar dengan citrus notes', '35000.00', 0, 0, NULL, 1, 1, 12, '2026-05-16 03:05:46', '2026-05-16 03:05:46'),
(55, 2, 'Iced Hazelnut Latte', 'iced-hazelnut-latte', 'Latte hazelnut dingin, nutty & manis, sempurna untuk hari panas', '32000.00', 0, 0, NULL, 1, 1, 13, '2026-05-16 03:05:46', '2026-05-16 03:05:46'),
(56, 2, 'Iced Vanilla Latte', 'iced-vanilla-latte', 'Latte vanilla segar dengan es, fragrant & smooth di setiap tegukan', '30000.00', 0, 0, NULL, 1, 1, 14, '2026-05-16 03:05:46', '2026-05-16 03:05:46'),
(57, 2, 'Iced Caramel Latte', 'iced-caramel-latte', 'Latte karamel dingin dengan drizzle karamel di atas, manis & indulgent', '31000.00', 0, 0, NULL, 1, 1, 15, '2026-05-16 03:05:46', '2026-05-16 03:05:46'),
(58, 2, 'Iced Brown Sugar Latte', 'iced-brown-sugar-latte', 'Brown sugar latte dingin dengan cinnamon stick, manis alami & syrupy', '30000.00', 0, 0, NULL, 1, 1, 16, '2026-05-16 03:05:46', '2026-05-16 03:05:46'),
(59, 2, 'Iced Pandan Latte', 'iced-pandan-latte', 'Latte pandan segar, wangi khas & menyegarkan, green & tropical', '29000.00', 0, 0, NULL, 1, 1, 17, '2026-05-16 03:05:46', '2026-05-16 03:05:46'),
(60, 2, 'Iced Ube Latte', 'iced-ube-latte', 'Ube latte ungu cantik disajikan dengan es, creamy & Instagrammable', '34000.00', 0, 0, NULL, 1, 1, 18, '2026-05-16 03:05:46', '2026-05-16 03:05:46'),
(61, 2, 'Iced Lavender Latte', 'iced-lavender-latte', 'Lavender latte floral yang menyegarkan, perfect summer drink', '32000.00', 0, 0, NULL, 1, 1, 19, '2026-05-16 03:05:46', '2026-05-16 03:05:46'),
(62, 2, 'Es Kopi Gula Aren', 'es-kopi-gula-aren', 'Kopi gula aren asli disajikan dingin, manis legit khas Nusantara', '27000.00', 0, 0, NULL, 1, 1, 20, '2026-05-16 03:05:46', '2026-05-16 03:05:46'),
(63, 2, 'Iced Cortado', 'iced-cortado', 'Cortado segar dengan es batu, balance antara espresso & susu', '25000.00', 0, 0, NULL, 1, 1, 21, '2026-05-16 03:05:46', '2026-05-16 03:05:46'),
(64, 2, 'Coffee Tonic', 'coffee-tonic', 'Espresso & tonic water berbuih — kombinasi tak terduga yang addictive', '33000.00', 0, 0, NULL, 1, 1, 22, '2026-05-16 03:05:46', '2026-05-16 03:05:46'),
(65, 2, 'Iced Dirty Matcha', 'iced-dirty-matcha', 'Matcha latte dengan espresso shot di atasnya, double kick caffeine', '35000.00', 0, 0, NULL, 1, 1, 23, '2026-05-16 03:05:46', '2026-05-16 03:05:46'),
(66, 2, 'Dalgona Coffee', 'dalgona-coffee', 'Whipped coffee Korean style yang fluffy di atas susu dingin', '30000.00', 0, 0, NULL, 1, 1, 24, '2026-05-16 03:05:46', '2026-05-16 03:05:46'),
(67, 2, 'Iced Spanish Latte', 'iced-spanish-latte', 'Espresso dengan susu kental manis & susu segar, manis & very creamy', '31000.00', 0, 0, NULL, 1, 1, 25, '2026-05-16 03:05:46', '2026-05-16 03:05:46'),
(68, 2, 'Iced Coconut Latte', 'iced-coconut-latte', 'Latte dengan coconut milk, tropical, dairy-free & naturally sweet', '32000.00', 0, 0, NULL, 1, 1, 26, '2026-05-16 03:05:46', '2026-05-16 03:05:46'),
(69, 2, 'Es Kopi Susu Aren', 'es-kopi-susu-aren', 'Es kopi susu dengan gula aren murni — upgrade dari versi gula biasa', '28000.00', 0, 0, NULL, 1, 1, 27, '2026-05-16 03:05:46', '2026-05-16 03:05:46'),
(70, 3, 'Iced Matcha Latte', 'iced-matcha-latte', 'Matcha latte Jepang disajikan dingin, earthy & refreshing', '30000.00', 0, 0, NULL, 1, 1, 6, '2026-05-16 03:05:46', '2026-05-16 03:05:46'),
(71, 3, 'Matcha Frappe', 'matcha-frappe', 'Blended matcha dengan milk & es batu, thick, creamy & intense', '32000.00', 0, 0, NULL, 1, 1, 7, '2026-05-16 03:05:46', '2026-05-16 03:05:46'),
(72, 3, 'Hojicha Latte', 'hojicha-latte', 'Teh hijau panggang Jepang, roasty & nutty, less caffeine & very comforting', '28000.00', 0, 0, NULL, 1, 1, 8, '2026-05-16 03:05:46', '2026-05-16 03:05:46'),
(73, 3, 'Iced Hojicha Latte', 'iced-hojicha-latte', 'Hojicha latte segar disajikan dingin, roasty & slightly sweet', '29000.00', 0, 0, NULL, 1, 1, 9, '2026-05-16 03:05:46', '2026-05-16 03:05:46'),
(74, 3, 'Taro Latte', 'taro-latte', 'Latte dengan keladi ungu Filipina, creamy, manis alami & berwarna cantik', '30000.00', 0, 0, NULL, 1, 1, 10, '2026-05-16 03:05:46', '2026-05-16 03:05:46'),
(75, 3, 'Iced Taro Latte', 'iced-taro-latte', 'Taro latte ungu cantik disajikan dingin, smooth & tropical', '31000.00', 0, 0, NULL, 1, 1, 11, '2026-05-16 03:05:46', '2026-05-16 03:05:46'),
(76, 3, 'Butterfly Pea Latte', 'butterfly-pea-latte', 'Latte dengan bunga telang biru, warna indah & unik — berubah ungu dengan lemon', '28000.00', 0, 0, NULL, 1, 1, 12, '2026-05-16 03:05:46', '2026-05-16 03:05:46'),
(77, 3, 'Iced Chocolate', 'iced-chocolate', 'Rich dark chocolate milk dingin dengan es batu, indulgent & refreshing', '27000.00', 0, 0, NULL, 1, 1, 13, '2026-05-16 03:05:46', '2026-05-16 03:05:46'),
(78, 3, 'Chocolate Frappe', 'chocolate-frappe', 'Blended chocolate dengan whipped cream & chocolate drizzle, pure indulgence', '33000.00', 0, 0, NULL, 1, 1, 14, '2026-05-16 03:05:46', '2026-05-16 03:05:46'),
(79, 3, 'Milo Dinosaur', 'milo-dinosaur', 'Milo iced dengan taburan Milo bubuk yang banyak di atasnya — legendary', '25000.00', 0, 0, NULL, 1, 1, 15, '2026-05-16 03:05:46', '2026-05-16 03:05:46'),
(80, 3, 'Avocado Smoothie', 'avocado-smoothie', 'Smoothie alpukat segar dengan susu full cream & sedikit madu, creamy & healthy', '32000.00', 0, 0, NULL, 1, 1, 16, '2026-05-16 03:05:46', '2026-05-16 03:05:46'),
(81, 3, 'Mango Smoothie', 'mango-smoothie', 'Smoothie mangga harum & segar dari buah mangga asli, tropical vibes', '30000.00', 0, 0, NULL, 1, 1, 17, '2026-05-16 03:05:46', '2026-05-16 03:05:46'),
(82, 3, 'Chai Latte', 'chai-latte', 'Teh masala India dengan kayu manis, jahe, kapulaga & steamed milk, spicy warm', '27000.00', 0, 0, NULL, 1, 1, 18, '2026-05-16 03:05:46', '2026-05-16 03:05:46'),
(83, 3, 'Iced Chai Latte', 'iced-chai-latte', 'Chai latte rempah disajikan dingin, spicy & refreshing, summer favourite', '28000.00', 0, 0, NULL, 1, 1, 19, '2026-05-16 03:05:46', '2026-05-16 03:05:46'),
(84, 3, 'Pandan Susu', 'pandan-susu', 'Susu segar dengan pandan lokal — tanpa kopi, sweet, fragrant & soothing', '25000.00', 0, 0, NULL, 1, 1, 20, '2026-05-16 03:05:46', '2026-05-16 03:05:46'),
(85, 3, 'Iced Thai Tea', 'iced-thai-tea', 'Teh Thailand khas dengan susu evaporasi bergula, manis & creamy', '25000.00', 0, 0, NULL, 1, 1, 21, '2026-05-16 03:05:46', '2026-05-16 03:05:46'),
(86, 3, 'Banana Smoothie', 'banana-smoothie', 'Smoothie pisang creamy dengan susu & madu, natural energy booster', '28000.00', 0, 0, NULL, 1, 1, 22, '2026-05-16 03:05:46', '2026-05-16 03:05:46'),
(87, 3, 'Red Velvet Latte', 'red-velvet-latte', 'Latte dengan red velvet flavour, creamy & indulgent, rich colour', '30000.00', 0, 0, NULL, 1, 1, 23, '2026-05-16 03:05:46', '2026-05-16 03:05:46'),
(88, 3, 'Iced Teh Tarik', 'iced-teh-tarik', 'Teh tarik khas Malaysia disajikan dingin & segar, creamy & refreshing', '22000.00', 0, 0, NULL, 1, 1, 24, '2026-05-16 03:05:46', '2026-05-16 03:05:46'),
(89, 3, 'Coconut Water Fresh', 'coconut-water-fresh', 'Air kelapa muda segar langsung dari buahnya, natural & hydrating', '28000.00', 0, 0, NULL, 1, 1, 25, '2026-05-16 03:05:46', '2026-05-16 03:05:46'),
(90, 4, 'Roti Bakar Cokelat Keju', 'roti-bakar-cokelat-keju', 'Roti bakar tebal dengan lelehan cokelat & keju mozzarella, comfort food sejati', '25000.00', 0, 0, NULL, 1, 1, 7, '2026-05-16 03:05:46', '2026-05-16 03:05:46'),
(91, 4, 'Roti Bakar Pandan Keju', 'roti-bakar-pandan-keju', 'Roti bakar dengan selai pandan wangi & parutan keju di atasnya', '23000.00', 0, 0, NULL, 1, 1, 8, '2026-05-16 03:05:46', '2026-05-16 03:05:46'),
(92, 4, 'Waffle Original', 'waffle-original', 'Waffle crispy di luar, lembut di dalam dengan butter & maple syrup', '32000.00', 0, 0, NULL, 1, 1, 9, '2026-05-16 03:05:46', '2026-05-16 03:05:46'),
(93, 4, 'Waffle Cokelat Keju', 'waffle-cokelat-keju', 'Waffle dengan topping cokelat premium & keju parut yang melimpah', '35000.00', 0, 0, NULL, 1, 1, 10, '2026-05-16 03:05:46', '2026-05-16 03:05:46'),
(94, 4, 'Pancake Stack', 'pancake-stack', 'Stack 3 pancake fluffy & thick dengan maple syrup & whipped cream', '35000.00', 0, 0, NULL, 1, 1, 11, '2026-05-16 03:05:46', '2026-05-16 03:05:46'),
(95, 4, 'Muffin Blueberry', 'muffin-blueberry', 'Muffin moist dengan blueberry segar yang burst di setiap gigitan', '22000.00', 0, 0, NULL, 1, 1, 12, '2026-05-16 03:05:46', '2026-05-16 03:05:46'),
(96, 4, 'Muffin Choco Chip', 'muffin-choco-chip', 'Muffin cokelat dengan chocolate chips premium yang melimpah', '22000.00', 0, 0, NULL, 1, 1, 13, '2026-05-16 03:05:46', '2026-05-16 03:05:46'),
(97, 4, 'Donat Glazur', 'donat-glazur', 'Donat lembut dengan glazur gula putih klasik, soft & pillowy', '18000.00', 0, 0, NULL, 1, 1, 14, '2026-05-16 03:05:46', '2026-05-16 03:05:46'),
(98, 4, 'Donat Cokelat Keju', 'donat-cokelat-keju', 'Donat dengan topping cokelat & taburan keju parut, sweet & savory', '22000.00', 0, 0, NULL, 1, 1, 15, '2026-05-16 03:05:46', '2026-05-16 03:05:46'),
(99, 4, 'Brownies Fudgy', 'brownies-fudgy', 'Brownies fudgy ultra-dark chocolate, dense, moist & decadent', '25000.00', 0, 0, NULL, 1, 1, 16, '2026-05-16 03:05:46', '2026-05-16 03:05:46'),
(100, 4, 'Tiramisu Slice', 'tiramisu-slice', 'Slice tiramisu klasik Italia dengan lady fingers, mascarpone & espresso', '37000.00', 0, 0, NULL, 1, 1, 17, '2026-05-16 03:05:46', '2026-05-16 03:05:46'),
(101, 4, 'Bolu Pandan', 'bolu-pandan', 'Bolu pandan lembut & wangi khas Nusantara, soft & fragrant', '25000.00', 0, 0, NULL, 1, 1, 18, '2026-05-16 03:05:46', '2026-05-16 03:05:46'),
(102, 4, 'Choux Cream Vanilla', 'choux-cream-vanilla', 'Choux pastry ringan dengan isian vanilla custard cream yang lembut', '25000.00', 0, 0, NULL, 1, 1, 19, '2026-05-16 03:05:46', '2026-05-16 03:05:46'),
(103, 4, 'Pie Susu Bali', 'pie-susu-bali', 'Pie susu khas Bali dengan filling susu legit, thin crust & creamy', '20000.00', 0, 0, NULL, 1, 1, 20, '2026-05-16 03:05:46', '2026-05-16 03:05:46'),
(104, 4, 'Roti Sobek Cheese', 'roti-sobek-cheese', 'Roti sobek lembut dengan keju mozzarella yang meleleh di setiap sobekan', '30000.00', 0, 0, NULL, 1, 1, 21, '2026-05-16 03:05:46', '2026-05-16 03:05:46'),
(105, 4, 'Pretzel Klasik', 'pretzel-klasik', 'Pretzel German style dengan garam kasar, crispy luar & chewy dalam', '25000.00', 0, 0, NULL, 1, 1, 22, '2026-05-16 03:05:46', '2026-05-16 03:05:46'),
(106, 4, 'Nachos Salsa', 'nachos-salsa', 'Nachos crispy dengan salsa tomat segar, sour cream & jalapeño', '30000.00', 0, 0, NULL, 1, 1, 23, '2026-05-16 03:05:46', '2026-05-16 03:05:46'),
(107, 4, 'Chicken Wrap', 'chicken-wrap', 'Wrap tortilla dengan ayam panggang, selada segar, tomat & mayo', '38000.00', 0, 0, NULL, 1, 1, 24, '2026-05-16 03:05:46', '2026-05-16 03:05:46'),
(108, 4, 'Scone Clotted Cream', 'scone-clotted-cream', 'Scone English style dengan clotted cream & strawberry jam, proper British tea', '28000.00', 0, 0, NULL, 1, 1, 25, '2026-05-16 03:05:46', '2026-05-16 03:05:46'),
(109, 4, 'Bruschetta Tomat', 'bruschetta-tomat', 'Roti ciabatta panggang dengan tomat segar, basil & extra virgin olive oil', '32000.00', 0, 0, NULL, 1, 1, 26, '2026-05-16 03:05:46', '2026-05-16 03:05:46'),
(110, 5, 'Paket Pagi Spesial', 'paket-pagi-spesial', '1 Kopi Susu Aren + 1 Roti Bakar Cokelat Keju (hemat Rp 7.000)', '40000.00', 0, 0, NULL, 1, 1, 4, '2026-05-16 03:05:46', '2026-05-16 03:05:46'),
(111, 5, 'Paket Siang Produktif', 'paket-siang-produktif', '1 Iced Vanilla Latte + 1 Sandwich Club (hemat Rp 9.000)', '56000.00', 0, 0, NULL, 1, 1, 5, '2026-05-16 03:05:46', '2026-05-16 03:05:46'),
(112, 5, 'Paket Sore Santai', 'paket-sore-santai', '1 Cold Brew Tonic + 1 Tiramisu Slice (hemat Rp 10.000)', '62000.00', 0, 0, NULL, 1, 1, 6, '2026-05-16 03:05:46', '2026-05-16 03:05:46'),
(113, 5, 'Paket Malam Relax', 'paket-malam-relax', '1 Hojicha Latte + 1 Bolu Pandan (hemat Rp 5.000)', '48000.00', 0, 0, NULL, 1, 1, 7, '2026-05-16 03:05:46', '2026-05-16 03:05:46'),
(114, 5, 'Paket Berdua Spesial', 'paket-berdua-spesial', '2 Es Kopi Susu Aren + 2 Waffle Original (hemat Rp 14.000)', '112000.00', 0, 0, NULL, 1, 1, 8, '2026-05-16 03:05:46', '2026-05-16 03:05:46'),
(115, 5, 'Paket Keluarga Hemat', 'paket-keluarga-hemat', '4 Iced Latte + 4 Roti Bakar Cokelat Keju (hemat Rp 24.000)', '192000.00', 0, 0, NULL, 1, 1, 9, '2026-05-16 03:05:46', '2026-05-16 03:05:46'),
(116, 5, 'Paket Meeting Pro', 'paket-meeting-pro', '5 Americano + 1 Loyang Brownies 6pcs (hemat Rp 20.000)', '230000.00', 0, 0, NULL, 1, 1, 10, '2026-05-16 03:05:46', '2026-05-16 03:05:46'),
(117, 5, 'Paket Nongkrong Asik', 'paket-nongkrong-asik', '3 Cold Brew Tonic + 3 Nachos Salsa (hemat Rp 18.000)', '177000.00', 0, 0, NULL, 1, 1, 11, '2026-05-16 03:05:46', '2026-05-16 03:05:46'),
(118, 5, 'Paket Matcha Mania', 'paket-matcha-mania', '2 Iced Matcha Latte + 2 Matcha Frappe (hemat Rp 10.000)', '114000.00', 0, 0, NULL, 1, 1, 12, '2026-05-16 03:05:46', '2026-05-16 03:05:46'),
(119, 5, 'Paket Best Seller', 'paket-best-seller', '1 Nitro Cold Brew + 1 Iced Latte + 1 Waffle Original + 1 Brownies Fudgy', '120000.00', 0, 0, NULL, 1, 1, 13, '2026-05-16 03:05:46', '2026-05-16 03:05:46'),
(120, 6, 'Nasi Goreng Kopi', 'nasi-goreng-kopi', 'Nasi goreng spesial dengan infused cold brew, telur mata sapi & kerupuk udang', '45000.00', 0, 0, NULL, 1, 1, 1, '2026-05-16 03:05:46', '2026-05-16 03:05:46'),
(121, 6, 'Ayam Bakar Kopi', 'ayam-bakar-kopi', 'Ayam bakar dengan marinade kopi & rempah pilihan, crispy luar juicy dalam', '55000.00', 0, 0, NULL, 1, 1, 2, '2026-05-16 03:05:46', '2026-05-16 03:05:46'),
(122, 6, 'Pasta Carbonara', 'pasta-carbonara', 'Pasta creamy dengan telur segar, pancetta & parmesan, Italian classic recipe', '52000.00', 0, 0, NULL, 1, 1, 3, '2026-05-16 03:05:46', '2026-05-16 03:05:46'),
(123, 6, 'Caesar Salad', 'caesar-salad', 'Romaine lettuce segar dengan dressing Caesar, crouton & parmesan shaved', '40000.00', 0, 0, NULL, 1, 1, 4, '2026-05-16 03:05:46', '2026-05-16 03:05:46'),
(124, 6, 'Omurice', 'omurice', 'Nasi goreng dibungkus telur dadar mulus, saus tomat & keju di atasnya', '45000.00', 0, 0, NULL, 1, 1, 5, '2026-05-16 03:05:46', '2026-05-16 03:05:46'),
(125, 6, 'Eggs Benedict', 'eggs-benedict', 'Poached eggs sempurna di atas English muffin & smoked beef dengan hollandaise', '55000.00', 0, 0, NULL, 1, 1, 6, '2026-05-16 03:05:46', '2026-05-16 03:05:46'),
(126, 6, 'Granola Bowl', 'granola-bowl', 'Granola homemade dengan Greek yogurt, madu bunga & buah segar seasonal', '38000.00', 0, 0, NULL, 1, 1, 7, '2026-05-16 03:05:46', '2026-05-16 03:05:46'),
(127, 6, 'Acai Bowl', 'acai-bowl', 'Acai blend dengan granola renyah, pisang, kelapa parut & mixed berries', '48000.00', 0, 0, NULL, 1, 1, 8, '2026-05-16 03:05:46', '2026-05-16 03:05:46'),
(128, 6, 'Focaccia Sandwich', 'focaccia-sandwich', 'Focaccia panggang dengan prosciutto, mozzarella segar, pesto & sun-dried tomato', '52000.00', 0, 0, NULL, 1, 1, 9, '2026-05-16 03:05:46', '2026-05-16 03:05:46'),
(129, 6, 'Quiche Lorraine', 'quiche-lorraine', 'Quiche klasik Prancis dengan bacon asap, gruyère & krim, dipanggang fresh daily', '45000.00', 0, 0, NULL, 1, 1, 10, '2026-05-16 03:05:46', '2026-05-16 03:05:46'),
(130, 7, 'Frozen Yoghurt 2 Toppings', 'frozen-yoghurt-2-toppings', 'Frozen yoghurt dengan pilihan 2 topping. Opsi topping: Granola, Strawberry, Blueberry, Mango, Banana, Almond, Choco Chips, Oreo Crumbs.', '28000.00', 2, 2, NULL, 1, 1, 1, '2026-05-16 15:24:37', '2026-05-16 15:24:37'),
(131, 7, 'Frozen Yoghurt 3 Toppings', 'frozen-yoghurt-3-toppings', 'Frozen yoghurt dengan pilihan 3 topping. Opsi topping: Granola, Strawberry, Blueberry, Mango, Banana, Almond, Choco Chips, Oreo Crumbs.', '34000.00', 3, 3, NULL, 1, 1, 2, '2026-05-16 15:24:37', '2026-05-16 15:24:37'),
(132, 7, 'Frozen Yoghurt 4 Toppings', 'frozen-yoghurt-4-toppings', 'Frozen yoghurt dengan pilihan 4 topping. Opsi topping: Granola, Strawberry, Blueberry, Mango, Banana, Almond, Choco Chips, Oreo Crumbs.', '40000.00', 4, 4, NULL, 1, 1, 3, '2026-05-16 15:24:37', '2026-05-16 15:24:37');
INSERT INTO `menu_item_toppings` (`id`, `menu_item_id`, `topping_id`, `sort_order`) VALUES
(32, 130, 1, 1),
(33, 130, 2, 2),
(34, 130, 3, 3),
(35, 130, 4, 4),
(36, 130, 5, 5),
(37, 130, 6, 6),
(38, 130, 7, 7),
(39, 130, 8, 8),
(40, 131, 1, 1),
(41, 131, 2, 2),
(42, 131, 3, 3),
(43, 131, 4, 4),
(44, 131, 5, 5),
(45, 131, 6, 6),
(46, 131, 7, 7),
(47, 131, 8, 8),
(48, 132, 1, 1),
(49, 132, 2, 2),
(50, 132, 3, 3),
(51, 132, 4, 4),
(52, 132, 5, 5),
(53, 132, 6, 6),
(54, 132, 7, 7),
(55, 132, 8, 8);
INSERT INTO `menu_item_variants` (`id`, `menu_item_id`, `label`, `slug`, `price_delta`, `sort_order`, `is_active`, `created_at`, `updated_at`) VALUES
(64, 2, 'Small', 'small', '0.00', 1, 1, '2026-05-16 15:01:34', '2026-05-16 15:01:34'),
(65, 2, 'Medium', 'medium', '4000.00', 2, 1, '2026-05-16 15:01:34', '2026-05-16 15:01:34'),
(66, 2, 'Large', 'large', '8000.00', 3, 1, '2026-05-16 15:01:34', '2026-05-16 15:01:34'),
(67, 3, 'Small', 'small', '0.00', 1, 1, '2026-05-16 15:01:34', '2026-05-16 15:01:34'),
(68, 3, 'Medium', 'medium', '4000.00', 2, 1, '2026-05-16 15:01:34', '2026-05-16 15:01:34'),
(69, 3, 'Large', 'large', '7000.00', 3, 1, '2026-05-16 15:01:34', '2026-05-16 15:01:34'),
(70, 4, 'Small', 'small', '0.00', 1, 1, '2026-05-16 15:01:34', '2026-05-16 15:01:34'),
(71, 4, 'Medium', 'medium', '4000.00', 2, 1, '2026-05-16 15:01:34', '2026-05-16 15:01:34'),
(72, 4, 'Large', 'large', '7000.00', 3, 1, '2026-05-16 15:01:34', '2026-05-16 15:01:34'),
(73, 5, 'Small', 'small', '0.00', 1, 1, '2026-05-16 15:01:34', '2026-05-16 15:01:34'),
(74, 5, 'Medium', 'medium', '4000.00', 2, 1, '2026-05-16 15:01:34', '2026-05-16 15:01:34'),
(75, 5, 'Large', 'large', '7000.00', 3, 1, '2026-05-16 15:01:34', '2026-05-16 15:01:34'),
(76, 6, 'Small', 'small', '0.00', 1, 1, '2026-05-16 15:01:34', '2026-05-16 15:01:34'),
(77, 6, 'Medium', 'medium', '3000.00', 2, 1, '2026-05-16 15:01:34', '2026-05-16 15:01:34'),
(78, 6, 'Large', 'large', '6000.00', 3, 1, '2026-05-16 15:01:34', '2026-05-16 15:01:34'),
(79, 8, 'Small', 'small', '0.00', 1, 1, '2026-05-16 15:01:34', '2026-05-16 15:01:34'),
(80, 8, 'Medium', 'medium', '3000.00', 2, 1, '2026-05-16 15:01:34', '2026-05-16 15:01:34'),
(81, 8, 'Large', 'large', '6000.00', 3, 1, '2026-05-16 15:01:34', '2026-05-16 15:01:34'),
(82, 9, 'Small', 'small', '0.00', 1, 1, '2026-05-16 15:01:34', '2026-05-16 15:01:34'),
(83, 9, 'Medium', 'medium', '3000.00', 2, 1, '2026-05-16 15:01:34', '2026-05-16 15:01:34'),
(84, 9, 'Large', 'large', '6000.00', 3, 1, '2026-05-16 15:01:34', '2026-05-16 15:01:34'),
(85, 10, 'Small', 'small', '0.00', 1, 1, '2026-05-16 15:01:34', '2026-05-16 15:01:34'),
(86, 10, 'Medium', 'medium', '4000.00', 2, 1, '2026-05-16 15:01:34', '2026-05-16 15:01:34'),
(87, 10, 'Large', 'large', '7000.00', 3, 1, '2026-05-16 15:01:34', '2026-05-16 15:01:34'),
(88, 11, 'Small', 'small', '0.00', 1, 1, '2026-05-16 15:01:34', '2026-05-16 15:01:34'),
(89, 11, 'Medium', 'medium', '4000.00', 2, 1, '2026-05-16 15:01:34', '2026-05-16 15:01:34'),
(90, 11, 'Large', 'large', '7000.00', 3, 1, '2026-05-16 15:01:34', '2026-05-16 15:01:34'),
(91, 12, 'Small', 'small', '0.00', 1, 1, '2026-05-16 15:01:34', '2026-05-16 15:01:34'),
(92, 12, 'Medium', 'medium', '3000.00', 2, 1, '2026-05-16 15:01:34', '2026-05-16 15:01:34'),
(93, 12, 'Large', 'large', '6000.00', 3, 1, '2026-05-16 15:01:34', '2026-05-16 15:01:34'),
(94, 13, 'Small', 'small', '0.00', 1, 1, '2026-05-16 15:01:34', '2026-05-16 15:01:34'),
(95, 13, 'Medium', 'medium', '3000.00', 2, 1, '2026-05-16 15:01:34', '2026-05-16 15:01:34'),
(96, 13, 'Large', 'large', '6000.00', 3, 1, '2026-05-16 15:01:34', '2026-05-16 15:01:34'),
(97, 16, 'Small', 'small', '0.00', 1, 1, '2026-05-16 15:01:34', '2026-05-16 15:01:34'),
(98, 16, 'Medium', 'medium', '4000.00', 2, 1, '2026-05-16 15:01:34', '2026-05-16 15:01:34'),
(99, 16, 'Large', 'large', '7000.00', 3, 1, '2026-05-16 15:01:34', '2026-05-16 15:01:34'),
(100, 17, 'Small', 'small', '0.00', 1, 1, '2026-05-16 15:01:34', '2026-05-16 15:01:34'),
(101, 17, 'Medium', 'medium', '4000.00', 2, 1, '2026-05-16 15:01:34', '2026-05-16 15:01:34'),
(102, 17, 'Large', 'large', '7000.00', 3, 1, '2026-05-16 15:01:34', '2026-05-16 15:01:34'),
(103, 18, 'Small', 'small', '0.00', 1, 1, '2026-05-16 15:01:34', '2026-05-16 15:01:34'),
(104, 18, 'Medium', 'medium', '3000.00', 2, 1, '2026-05-16 15:01:34', '2026-05-16 15:01:34'),
(105, 18, 'Large', 'large', '6000.00', 3, 1, '2026-05-16 15:01:34', '2026-05-16 15:01:34'),
(106, 19, 'Small', 'small', '0.00', 1, 1, '2026-05-16 15:01:34', '2026-05-16 15:01:34'),
(107, 19, 'Medium', 'medium', '4000.00', 2, 1, '2026-05-16 15:01:34', '2026-05-16 15:01:34'),
(108, 19, 'Large', 'large', '7000.00', 3, 1, '2026-05-16 15:01:34', '2026-05-16 15:01:34'),
(109, 20, 'Small', 'small', '0.00', 1, 1, '2026-05-16 15:01:34', '2026-05-16 15:01:34'),
(110, 20, 'Medium', 'medium', '3000.00', 2, 1, '2026-05-16 15:01:34', '2026-05-16 15:01:34'),
(111, 20, 'Large', 'large', '5000.00', 3, 1, '2026-05-16 15:01:34', '2026-05-16 15:01:34'),
(112, 14, 'Regular', 'regular', '0.00', 1, 1, '2026-05-16 15:01:34', '2026-05-16 15:01:34'),
(113, 14, 'Large', 'large', '5000.00', 2, 1, '2026-05-16 15:01:34', '2026-05-16 15:01:34'),
(114, 15, 'Regular', 'regular', '0.00', 1, 1, '2026-05-16 15:01:34', '2026-05-16 15:01:34'),
(115, 15, 'Large', 'large', '5000.00', 2, 1, '2026-05-16 15:01:34', '2026-05-16 15:01:34'),
(116, 24, 'Regular', 'regular', '0.00', 1, 1, '2026-05-16 15:01:34', '2026-05-16 15:01:34'),
(117, 24, 'Large', 'large', '8000.00', 2, 1, '2026-05-16 15:01:34', '2026-05-16 15:01:34'),
(118, 26, 'Regular', 'regular', '0.00', 1, 1, '2026-05-16 15:01:34', '2026-05-16 15:01:34'),
(119, 26, 'Large', 'large', '8000.00', 2, 1, '2026-05-16 15:01:34', '2026-05-16 15:01:34'),
(143, 130, 'Small', 'small', '0.00', 1, 1, '2026-05-16 15:27:37', '2026-05-16 15:27:37'),
(144, 130, 'Medium', 'medium', '5000.00', 2, 1, '2026-05-16 15:27:37', '2026-05-16 15:27:37'),
(145, 130, 'Large', 'large', '10000.00', 3, 1, '2026-05-16 15:27:37', '2026-05-16 15:27:37'),
(146, 131, 'Small', 'small', '0.00', 1, 1, '2026-05-16 15:27:37', '2026-05-16 15:27:37'),
(147, 131, 'Medium', 'medium', '5000.00', 2, 1, '2026-05-16 15:27:37', '2026-05-16 15:27:37'),
(148, 131, 'Large', 'large', '10000.00', 3, 1, '2026-05-16 15:27:37', '2026-05-16 15:27:37'),
(149, 132, 'Small', 'small', '0.00', 1, 1, '2026-05-16 15:27:37', '2026-05-16 15:27:37'),
(150, 132, 'Medium', 'medium', '5000.00', 2, 1, '2026-05-16 15:27:37', '2026-05-16 15:27:37'),
(151, 132, 'Large', 'large', '10000.00', 3, 1, '2026-05-16 15:27:37', '2026-05-16 15:27:37');
INSERT INTO `menu_toppings` (`id`, `name`, `slug`, `price_delta`, `sort_order`, `is_active`, `created_at`, `updated_at`) VALUES
(1, 'Granola', 'granola', '0.00', 1, 1, '2026-05-16 15:24:37', '2026-05-16 15:24:37'),
(2, 'Strawberry', 'strawberry', '0.00', 2, 1, '2026-05-16 15:24:37', '2026-05-16 15:24:37'),
(3, 'Blueberry', 'blueberry', '0.00', 3, 1, '2026-05-16 15:24:37', '2026-05-16 15:24:37'),
(4, 'Mango', 'mango', '0.00', 4, 1, '2026-05-16 15:24:37', '2026-05-16 15:24:37'),
(5, 'Banana', 'banana', '0.00', 5, 1, '2026-05-16 15:24:37', '2026-05-16 15:24:37'),
(6, 'Almond', 'almond', '0.00', 6, 1, '2026-05-16 15:24:37', '2026-05-16 15:24:37'),
(7, 'Choco Chips', 'choco-chips', '0.00', 7, 1, '2026-05-16 15:24:37', '2026-05-16 15:24:37'),
(8, 'Oreo Crumbs', 'oreo-crumbs', '0.00', 8, 1, '2026-05-16 15:24:37', '2026-05-16 15:24:37');
INSERT INTO `notification_logs` (`id`, `branch_id`, `order_id`, `type`, `channel`, `recipient`, `status`, `payload`, `sent_at`, `error_msg`, `created_at`) VALUES
(1, 3, 20, 'order_new', 'dashboard', 'admin', 'pending', '{\"order_number\":\"ORD-20260519-C4A396\",\"customer\":\"e\",\"total\":\"Rp324.120\",\"channel\":\"WEB\"}', NULL, NULL, '2026-05-19 01:49:45');
INSERT INTO `promos` (`id`, `title`, `description`, `discount_type`, `discount_value`, `min_order`, `max_discount`, `promo_code`, `start_date`, `end_date`, `auto_apply`, `min_tx_count`, `tx_months`, `applies_to_category_id`, `is_active`, `created_at`, `updated_at`) VALUES
(1, 'Happy Hour Sore', 'Diskon 20% setiap hari pukul 15.00-17.00', 'percent', '20.00', '25000.00', '15000.00', 'HAPPYHOUR', '2024-01-01 00:00:00', '2025-12-31 00:00:00', 0, NULL, NULL, NULL, 1, '2026-05-14 18:02:00', '2026-05-14 18:02:00'),
(2, 'Member Setia', 'Diskon 10% untuk semua order member', 'percent', '10.00', '0.00', NULL, 'MEMBER10', '2024-01-01 00:00:00', '2025-12-31 00:00:00', 0, NULL, NULL, NULL, 1, '2026-05-14 18:02:00', '2026-05-14 18:02:00'),
(3, 'First Order', 'Diskon Rp 10.000 untuk order pertama via aplikasi', 'fixed', '10000.00', '0.00', '10000.00', 'FIRSTORDER', '2024-01-01 00:00:00', '2025-12-31 00:00:00', 0, NULL, NULL, NULL, 1, '2026-05-14 18:02:00', '2026-05-14 18:02:00'),
(4, 'Weekend Special', 'Beli 2 minuman kopi gratis 1 cemilan (maks Rp 20.000)', 'fixed', '20000.00', '50000.00', '20000.00', 'WEEKEND', '2024-01-01 00:00:00', '2025-12-31 00:00:00', 0, NULL, NULL, NULL, 1, '2026-05-14 18:02:00', '2026-05-14 18:02:00'),
(5, 'Promo bulan Ini', 'Diskon spesial satu bulan penuh Mei 2026', 'percent', '10.00', '0.00', NULL, 'MAY2026', '2026-05-16 00:00:00', '2026-05-31 23:59:00', 1, NULL, NULL, NULL, 1, '2026-05-15 01:04:39', '2026-05-16 18:48:37');
INSERT INTO `users` (`id`, `name`, `email`, `password`, `role`, `branch_id`, `is_active`, `last_login`, `created_at`, `updated_at`) VALUES
(1, 'Super Admin', 'admin@tokokopi.com', '$2y$10$92IXUNpkjO0rOQ5byMi.Ye4oKoEa3Ro9llC/.og/at2.uheWG/igi', 'super_admin', NULL, 1, '2026-05-19 05:14:03', '2026-05-14 18:02:00', '2026-05-19 05:14:03'),
(2, 'Admin Jakarta', 'admin.jaksel@tokokopi.com', '$2y$10$92IXUNpkjO0rOQ5byMi.Ye4oKoEa3Ro9llC/.og/at2.uheWG/igi', 'branch_admin', 1, 1, NULL, '2026-05-14 18:02:00', '2026-05-14 18:02:00'),
(3, 'Admin Bandung', 'admin.bandung@tokokopi.com', '$2y$10$92IXUNpkjO0rOQ5byMi.Ye4oKoEa3Ro9llC/.og/at2.uheWG/igi', 'branch_admin', 2, 1, '2026-05-17 08:53:24', '2026-05-14 18:02:00', '2026-05-17 08:53:24'),
(4, 'Admin Surabaya', 'admin.surabaya@tokokopi.com', '$2y$10$92IXUNpkjO0rOQ5byMi.Ye4oKoEa3Ro9llC/.og/at2.uheWG/igi', 'branch_admin', 3, 1, '2026-05-16 18:27:01', '2026-05-14 18:02:00', '2026-05-16 18:27:01'),
(5, 'Admin Singapore', 'admin.singapore@tokokopi.com', '$2y$10$92IXUNpkjO0rOQ5byMi.Ye4oKoEa3Ro9llC/.og/at2.uheWG/igi', 'branch_admin', 4, 1, '2026-05-17 09:11:27', '2026-05-16 06:10:36', '2026-05-17 09:11:27'),
(8, 'Admin Sydney', 'admin.sydney@tokokopi.com', '$2y$10$92IXUNpkjO0rOQ5byMi.Ye4oKoEa3Ro9llC/.og/at2.uheWG/igi', 'branch_admin', 9, 1, '2026-05-17 09:57:56', '2026-05-16 06:36:13', '2026-05-17 09:57:56');
INSERT INTO `whatsapp_providers` (`id`, `name`, `adapter_class`, `webhook_path`, `description`, `is_active`, `created_at`) VALUES
(1, 'Fonnte', 'FonnteProvider', 'fonnte', 'Fonnte WhatsApp API', 1, '2026-05-14 18:02:00'),
(2, 'Wablas', 'WablasProvider', 'wablas', 'Wablas WhatsApp API', 1, '2026-05-14 18:02:00'),
(3, 'Meta Cloud API', 'MetaCloudApiProvider', 'meta', 'Official Meta WhatsApp Business Cloud API', 1, '2026-05-14 18:02:00'),
(4, 'Generic Webhook', 'GenericWebhookProvider', 'generic', 'Custom/Generic webhook provider', 1, '2026-05-14 18:02:00'),
(7, 'Twilio', 'TwilioProvider', 'twilio', 'Twilio Programmable Messaging for WhatsApp', 1, '2026-05-16 16:38:35'),
(8, 'Baileys Bridge', 'BaileysBridgeProvider', 'baileys-bridge', 'Bridge from external Node.js Baileys service to this PHP chatbot', 1, '2026-05-16 16:38:35'),
(9, 'MessageBird', 'MessageBirdProvider', 'messagebird', 'MessageBird Conversations API for WhatsApp Business', 1, '2026-05-16 16:38:35'),
(10, 'Vonage', 'VonageProvider', 'vonage', 'Vonage Messages API for WhatsApp Business', 1, '2026-05-16 16:38:35');